購入日,銘柄コード,業種,おすすめ度(%),買値,売値,決済理由,売却日,購入金額(固定),買手数料,売却金額,売手数料,純損益(固定1000万)
2024-11-01,47770,情報･通信業,87.6,223.0,211.8,SL(-5%),2024-11-06,10000000.0,1430,9497757.847533634,1430,-505102.15246636607
2024-11-01,70630,サービス業,85.4,630.0,693.0,TP(+10%),2024-11-05,10000000.0,1430,11000000.0,1430,997140.0
2024-11-01,27430,その他,91.4,104.0,98.8,SL(-5%),2024-11-06,10000000.0,1430,9500000.0,1430,-502860.0
2024-11-01,68320,電気機器,77.8,2227.0,2115.7,SL(-5%),2024-11-06,10000000.0,1430,9500224.51728783,1430,-502635.4827121701
2024-11-01,45980,医薬品,86.4,658.0,625.1,SL(-5%),2024-11-06,10000000.0,1430,9500000.0,1430,-502860.0
2024-11-01,30410,卸売業,86.2,440.0,484.0,TP(+10%),2024-11-05,10000000.0,1430,11000000.0,1430,997140.0
2024-11-01,37790,情報･通信業,81.4,189.0,207.9,TP(+10%),2024-11-05,10000000.0,1430,11000000.0,1430,997140.0
2024-11-01,40620,電気機器,70.5,4668.0,5134.8,TP(+10%),2024-11-05,10000000.0,1430,11000000.0,1430,997140.0
2024-11-01,35420,小売業,67.2,740.0,703.0,SL(-5%),2024-11-06,10000000.0,1430,9500000.0,1430,-502860.0
2024-11-01,24370,サービス業,72.5,257.0,282.7,TP(+10%),2024-11-05,10000000.0,1430,10999999.999999998,1430,997139.9999999981
2024-11-01,24920,サービス業,69.8,318.0,302.1,SL(-5%),2024-11-07,10000000.0,1430,9500000.0,1430,-502860.0
2024-11-01,38100,情報･通信業,66.4,194.0,213.4,TP(+10%),2024-11-08,10000000.0,1430,11000000.0,1430,997140.0
2024-11-01,23300,情報･通信業,83.3,162.0,153.9,SL(-5%),2024-11-05,10000000.0,1430,9500000.0,1430,-502860.0
2024-11-01,47720,情報･通信業,66.8,129.0,141.9,TP(+10%),2024-11-06,10000000.0,1430,11000000.0,1430,997140.0
2024-11-01,48910,医薬品,63.0,196.0,215.6,TP(+10%),2024-11-08,10000000.0,1430,11000000.0,1430,997140.0
2024-11-01,14720,その他,67.4,251.0,238.4,SL(-5%),2024-11-07,10000000.0,1430,9498007.96812749,1430,-504852.0318725109
2024-11-01,27210,卸売業,64.3,178.0,169.1,SL(-5%),2024-11-06,10000000.0,1430,9500000.0,1430,-502860.0
2024-11-05,79010,その他製品,96.9,1230.0,1168.5,SL(-5%),2024-11-06,10000000.0,1430,9500000.0,1430,-502860.0
2024-11-05,63910,機械,80.1,4005.0,3804.8,SL(-5%),2024-11-11,10000000.0,1430,9500124.84394507,1430,-502735.15605493076
2024-11-05,69610,電気機器,89.4,5000.0,5500.0,TP(+10%),2024-11-06,10000000.0,1430,11000000.0,1430,997140.0
2024-11-05,45980,医薬品,76.9,682.0,647.9,SL(-5%),2024-11-06,10000000.0,1430,9500000.0,1430,-502860.0
2024-11-05,24370,サービス業,83.5,287.0,272.6,SL(-5%),2024-11-06,10000000.0,1430,9498257.839721255,1430,-504602.160278745
2024-11-05,70630,サービス業,79.2,727.0,799.7,TP(+10%),2024-11-06,10000000.0,1430,11000000.0,1430,997140.0
2024-11-05,71050,その他,70.5,1169.0,1285.9,TP(+10%),2024-11-08,10000000.0,1430,11000000.0,1430,997140.0
2024-11-05,63660,建設業,68.0,309.0,339.9,TP(+10%),2024-11-07,10000000.0,1430,10999999.999999998,1430,997139.9999999981
2024-11-05,46640,サービス業,80.0,801.0,760.9,SL(-5%),2024-11-06,10000000.0,1430,9499375.780274656,1430,-503484.21972534433
2024-11-05,30410,卸売業,77.6,486.0,461.7,SL(-5%),2024-11-06,10000000.0,1430,9500000.0,1430,-502860.0
2024-11-05,37790,情報･通信業,79.3,191.0,210.1,TP(+10%),2024-11-07,10000000.0,1430,10999999.999999998,1430,997139.9999999981
2024-11-05,17730,建設業,66.6,71.0,78.1,TP(+10%),2024-11-07,10000000.0,1430,10999999.999999998,1430,997139.9999999981
2024-11-05,66380,電気機器,62.8,1392.0,1531.2,TP(+10%),2024-11-07,10000000.0,1430,11000000.0,1430,997140.0
2024-11-05,17570,その他,62.8,25.0,23.8,SL(-5%),2024-11-12,10000000.0,1430,9520000.0,1430,-482860.0
2024-11-05,27430,その他,70.2,100.0,95.0,SL(-5%),2024-11-06,10000000.0,1430,9500000.0,1430,-502860.0
2024-11-01,76870,卸売業,77.9,437.0,480.7,TP(+10%),2024-11-13,10000000.0,1430,11000000.0,1430,997140.0
2024-11-01,52530,情報･通信業,78.1,2094.0,2303.4,TP(+10%),2024-11-13,10000000.0,1430,11000000.0,1430,997140.0
2024-11-06,26560,小売業,96.1,94.0,89.3,SL(-5%),2024-11-07,10000000.0,1430,9500000.0,1430,-502860.0
2024-11-06,45910,医薬品,86.7,85.0,80.8,SL(-5%),2024-11-07,10000000.0,1430,9505882.352941176,1430,-496977.6470588241
2024-11-06,39980,情報･通信業,69.8,383.0,363.8,SL(-5%),2024-11-12,10000000.0,1430,9498694.51697128,1430,-504165.4830287192
2024-11-06,70630,サービス業,85.1,760.0,836.0,TP(+10%),2024-11-07,10000000.0,1430,11000000.0,1430,997140.0
2024-11-06,47720,情報･通信業,84.0,117.0,111.1,SL(-5%),2024-11-13,10000000.0,1430,9495726.495726496,1430,-507133.504273504
2024-11-06,44920,情報･通信業,70.1,618.0,587.1,SL(-5%),2024-11-07,10000000.0,1430,9500000.0,1430,-502860.0
2024-11-06,50250,情報･通信業,77.3,581.0,639.1,TP(+10%),2024-11-07,10000000.0,1430,11000000.0,1430,997140.0
2024-11-06,23950,サービス業,69.0,1348.0,1482.8,TP(+10%),2024-11-11,10000000.0,1430,10999999.999999998,1430,997139.9999999981
2024-11-06,67310,電気機器,77.4,71.0,78.1,TP(+10%),2024-11-07,10000000.0,1430,10999999.999999998,1430,997139.9999999981
2024-11-06,45980,医薬品,71.2,637.0,605.1,SL(-5%),2024-11-07,10000000.0,1430,9499215.070643643,1430,-503644.9293563571
2024-11-06,79010,その他製品,81.8,1070.0,1016.5,SL(-5%),2024-11-07,10000000.0,1430,9500000.0,1430,-502860.0
2024-11-06,38250,小売業,64.3,148.0,162.8,TP(+10%),2024-11-07,10000000.0,1430,11000000.0,1430,997140.0
2024-11-06,55720,情報･通信業,63.6,1980.0,2178.0,TP(+10%),2024-11-11,10000000.0,1430,11000000.0,1430,997140.0
2024-11-06,76030,小売業,78.3,224.0,212.8,SL(-5%),2024-11-07,10000000.0,1430,9500000.0,1430,-502860.0
2024-11-06,55970,情報･通信業,71.6,732.0,695.4,SL(-5%),2024-11-13,10000000.0,1430,9500000.0,1430,-502860.0
2024-11-06,15140,鉱業,85.1,1069.0,1175.9,TP(+10%),2024-11-07,10000000.0,1430,11000000.0,1430,997140.0
2024-11-06,46640,サービス業,70.3,753.0,715.4,SL(-5%),2024-11-08,10000000.0,1430,9500664.010624168,1430,-502195.98937583156
2024-11-06,45940,医薬品,68.1,49.0,46.5,SL(-5%),2024-11-08,10000000.0,1430,9489795.918367347,1430,-513064.08163265325
2024-11-06,24370,サービス業,70.7,270.0,256.5,SL(-5%),2024-11-07,10000000.0,1430,9500000.0,1430,-502860.0
2024-11-06,70620,サービス業,61.0,1244.0,1181.8,SL(-5%),2024-11-08,10000000.0,1430,9500000.0,1430,-502860.0
2024-11-01,77930,その他製品,78.7,1210.0,1331.0,TP(+10%),2024-11-14,10000000.0,1430,11000000.0,1430,997140.0
2024-11-01,93250,倉庫･運輸関連業,66.7,901.0,991.1,TP(+10%),2024-11-14,10000000.0,1430,11000000.0,1430,997140.0
2024-11-01,24890,サービス業,64.0,338.0,321.1,SL(-5%),2024-11-14,10000000.0,1430,9500000.0,1430,-502860.0
2024-11-05,40620,電気機器,66.9,5185.0,4925.8,SL(-5%),2024-11-14,10000000.0,1430,9500096.432015428,1430,-502763.5679845717
2024-11-06,32660,不動産業,79.2,79.0,86.9,TP(+10%),2024-11-14,10000000.0,1430,11000000.0,1430,997140.0
2024-11-07,67310,電気機器,99.0,81.0,77.0,SL(-5%),2024-11-08,10000000.0,1430,9506172.839506174,1430,-496687.1604938265
2024-11-07,51310,情報･通信業,92.9,158.0,173.8,TP(+10%),2024-11-08,10000000.0,1430,11000000.0,1430,997140.0
2024-11-07,38070,情報･通信業,90.9,79.0,75.0,SL(-5%),2024-11-08,10000000.0,1430,9493670.88607595,1430,-509189.1139240507
2024-11-07,52850,ガラス･土石製品,74.5,1341.0,1475.1,TP(+10%),2024-11-08,10000000.0,1430,10999999.999999998,1430,997139.9999999981
2024-11-07,50250,情報･通信業,83.5,681.0,749.1,TP(+10%),2024-11-08,10000000.0,1430,11000000.0,1430,997140.0
2024-11-07,66340,電気機器,78.9,94.0,103.4,TP(+10%),2024-11-11,10000000.0,1430,11000000.0,1430,997140.0
2024-11-07,70360,サービス業,67.7,930.0,883.5,SL(-5%),2024-11-08,10000000.0,1430,9500000.0,1430,-502860.0
2024-11-07,23150,情報･通信業,73.9,48.0,52.8,TP(+10%),2024-11-11,10000000.0,1430,10999999.999999998,1430,997139.9999999981
2024-11-07,63240,機械,69.4,2799.0,2659.0,SL(-5%),2024-11-11,10000000.0,1430,9499821.364773134,1430,-503038.63522686623
2024-11-07,15140,鉱業,87.5,1009.0,958.5,SL(-5%),2024-11-08,10000000.0,1430,9499504.459861249,1430,-503355.54013875127
2024-11-07,66220,電気機器,65.0,7270.0,6906.5,SL(-5%),2024-11-14,10000000.0,1430,9500000.0,1430,-502860.0
2024-11-07,44770,情報･通信業,66.0,237.0,260.7,TP(+10%),2024-11-12,10000000.0,1430,10999999.999999998,1430,997139.9999999981
2024-11-07,92290,サービス業,68.1,1402.0,1331.9,SL(-5%),2024-11-08,10000000.0,1430,9500000.0,1430,-502860.0
2024-11-07,70630,サービス業,81.9,610.0,579.5,SL(-5%),2024-11-08,10000000.0,1430,9500000.0,1430,-502860.0
2024-11-07,60160,輸送用機器,64.2,4155.0,3947.2,SL(-5%),2024-11-08,10000000.0,1430,9499879.663056558,1430,-502980.336943442
2024-11-07,44920,情報･通信業,66.0,598.0,568.1,SL(-5%),2024-11-11,10000000.0,1430,9500000.0,1430,-502860.0
2024-11-07,37440,情報･通信業,66.5,429.0,407.5,SL(-5%),2024-11-08,10000000.0,1430,9498834.498834498,1430,-504025.5011655018
2024-11-07,26560,小売業,69.3,82.0,90.2,TP(+10%),2024-11-13,10000000.0,1430,11000000.0,1430,997140.0
2024-11-07,30410,卸売業,76.7,469.0,445.5,SL(-5%),2024-11-08,10000000.0,1430,9498933.901918977,1430,-503926.0980810225
2024-11-07,17730,建設業,67.1,74.0,70.3,SL(-5%),2024-11-11,10000000.0,1430,9500000.0,1430,-502860.0
2024-11-07,61770,サービス業,75.7,93.0,102.3,TP(+10%),2024-11-13,10000000.0,1430,10999999.999999998,1430,997139.9999999981
2024-11-07,38250,小売業,63.7,152.0,167.2,TP(+10%),2024-11-14,10000000.0,1430,10999999.999999998,1430,997139.9999999981
2024-11-07,47720,情報･通信業,65.8,118.0,112.1,SL(-5%),2024-11-11,10000000.0,1430,9500000.0,1430,-502860.0
2024-11-01,45520,医薬品,65.7,679.0,645.0,SL(-5%),2024-11-15,10000000.0,1430,9499263.622974962,1430,-503596.377025038
2024-11-01,31870,小売業,66.2,395.0,375.2,SL(-5%),2024-11-15,10000000.0,1430,9498734.17721519,1430,-504125.8227848094
2024-11-06,175A0,情報･通信業,86.4,921.0,874.9,SL(-5%),2024-11-15,10000000.0,1430,9499457.111834962,1430,-503402.8881650381
2024-11-07,17110,建設業,67.2,280.0,266.0,SL(-5%),2024-11-15,10000000.0,1430,9500000.0,1430,-502860.0
2024-11-07,44800,情報･通信業,62.1,3490.0,3839.0,TP(+10%),2024-11-15,10000000.0,1430,11000000.0,1430,997140.0
2024-11-08,17830,不動産業,81.3,41.0,38.9,SL(-5%),2024-11-15,10000000.0,1430,9487804.87804878,1430,-515055.12195122056
2024-11-08,60260,その他,83.1,6370.0,6051.5,SL(-5%),2024-11-13,10000000.0,1430,9500000.0,1430,-502860.0
2024-11-08,23880,その他金融業,80.0,74.0,70.3,SL(-5%),2024-11-11,10000000.0,1430,9500000.0,1430,-502860.0
2024-11-08,48910,医薬品,79.4,195.0,185.2,SL(-5%),2024-11-11,10000000.0,1430,9497435.897435896,1430,-505424.1025641039
2024-11-08,38100,情報･通信業,74.4,220.0,209.0,SL(-5%),2024-11-11,10000000.0,1430,9500000.0,1430,-502860.0
2024-11-08,75780,小売業,83.6,148.0,140.6,SL(-5%),2024-11-11,10000000.0,1430,9500000.0,1430,-502860.0
2024-11-08,58670,サービス業,73.4,1045.0,1149.5,TP(+10%),2024-11-11,10000000.0,1430,11000000.0,1430,997140.0
2024-11-08,69630,電気機器,67.4,1563.5,1485.3,SL(-5%),2024-11-14,10000000.0,1430,9499840.102334505,1430,-503019.89766549505
2024-11-08,39850,情報･通信業,77.2,205.0,194.8,SL(-5%),2024-11-11,10000000.0,1430,9502439.024390245,1430,-500420.97560975514
2024-11-08,55350,不動産業,76.9,1487.0,1412.6,SL(-5%),2024-11-11,10000000.0,1430,9499663.752521856,1430,-503196.24747814424
2024-11-08,38070,情報･通信業,64.8,77.0,84.7,TP(+10%),2024-11-11,10000000.0,1430,11000000.0,1430,997140.0
2024-11-08,63150,機械,68.3,1800.0,1710.0,SL(-5%),2024-11-13,10000000.0,1430,9500000.0,1430,-502860.0
2024-11-08,48940,医薬品,63.0,6650.0,6317.5,SL(-5%),2024-11-12,10000000.0,1430,9500000.0,1430,-502860.0
2024-11-08,67310,電気機器,70.6,72.0,79.2,TP(+10%),2024-11-14,10000000.0,1430,11000000.0,1430,997140.0
2024-11-08,92290,サービス業,65.1,1300.0,1235.0,SL(-5%),2024-11-11,10000000.0,1430,9500000.0,1430,-502860.0
2024-11-01,65260,電気機器,66.9,2485.5,2361.2,SL(-5%),2024-11-18,10000000.0,1430,9499899.416616375,1430,-502960.5833836254
2024-11-05,29370,食料品,70.5,1935.0,1838.2,SL(-5%),2024-11-18,10000000.0,1430,9499741.602067184,1430,-503118.3979328163
2024-11-11,66340,電気機器,92.8,101.0,111.1,TP(+10%),2024-11-12,10000000.0,1430,10999999.999999998,1430,997139.9999999981
2024-11-11,73860,その他,91.9,2570.0,2441.5,SL(-5%),2024-11-12,10000000.0,1430,9500000.0,1430,-502860.0
2024-11-11,87830,その他金融業,94.1,302.0,286.9,SL(-5%),2024-11-18,10000000.0,1430,9500000.0,1430,-502860.0
2024-11-11,61860,サービス業,74.4,440.0,418.0,SL(-5%),2024-11-14,10000000.0,1430,9500000.0,1430,-502860.0
2024-11-11,40710,情報･通信業,76.0,1733.0,1646.3,SL(-5%),2024-11-15,10000000.0,1430,9499711.482977495,1430,-503148.5170225054
2024-11-11,23150,情報･通信業,78.9,52.0,57.2,TP(+10%),2024-11-12,10000000.0,1430,11000000.0,1430,997140.0
2024-11-11,65510,サービス業,70.0,609.0,578.5,SL(-5%),2024-11-15,10000000.0,1430,9499178.981937602,1430,-503681.01806239784
2024-11-11,29700,不動産業,82.0,2775.0,2636.2,SL(-5%),2024-11-12,10000000.0,1430,9499819.81981982,1430,-503040.1801801808
2024-11-11,55700,情報･通信業,71.6,623.0,591.9,SL(-5%),2024-11-12,10000000.0,1430,9500802.568218298,1430,-502057.43178170174
2024-11-11,41690,情報･通信業,79.7,308.0,292.6,SL(-5%),2024-11-14,10000000.0,1430,9500000.0,1430,-502860.0
2024-11-11,70630,サービス業,81.3,410.0,389.5,SL(-5%),2024-11-12,10000000.0,1430,9500000.0,1430,-502860.0
2024-11-11,43760,情報･通信業,65.8,233.0,221.3,SL(-5%),2024-11-15,10000000.0,1430,9497854.077253219,1430,-505005.92274678126
2024-11-11,62580,機械,65.8,5400.0,5130.0,SL(-5%),2024-11-14,10000000.0,1430,9500000.0,1430,-502860.0
2024-11-11,17830,不動産業,67.4,41.0,38.9,SL(-5%),2024-11-15,10000000.0,1430,9487804.87804878,1430,-515055.12195122056
2024-11-11,70600,サービス業,67.0,437.0,415.1,SL(-5%),2024-11-14,10000000.0,1430,9498855.835240275,1430,-504004.16475972533
2024-11-11,48910,医薬品,77.2,197.0,216.7,TP(+10%),2024-11-12,10000000.0,1430,10999999.999999998,1430,997139.9999999981
2024-11-11,37770,情報･通信業,66.4,32.0,30.4,SL(-5%),2024-11-15,10000000.0,1430,9500000.0,1430,-502860.0
2024-11-11,78510,その他製品,64.1,223.0,245.3,TP(+10%),2024-11-12,10000000.0,1430,11000000.0,1430,997140.0
2024-11-11,78680,その他製品,74.6,501.0,475.9,SL(-5%),2024-11-14,10000000.0,1430,9499001.996007983,1430,-503858.00399201736
2024-11-11,23880,その他金融業,69.3,70.0,66.5,SL(-5%),2024-11-15,10000000.0,1430,9500000.0,1430,-502860.0
2024-11-11,70690,サービス業,69.3,1040.0,1144.0,TP(+10%),2024-11-13,10000000.0,1430,11000000.0,1430,997140.0
2024-11-11,55350,不動産業,78.0,1599.0,1519.0,SL(-5%),2024-11-12,10000000.0,1430,9499687.304565353,1430,-503172.6954346467
2024-11-11,147A0,情報･通信業,66.0,1168.0,1109.6,SL(-5%),2024-11-13,10000000.0,1430,9500000.0,1430,-502860.0
2024-11-11,45720,医薬品,70.2,332.0,315.4,SL(-5%),2024-11-12,10000000.0,1430,9500000.0,1430,-502860.0
2024-11-11,71120,小売業,63.7,500.0,475.0,SL(-5%),2024-11-13,10000000.0,1430,9500000.0,1430,-502860.0
2024-11-11,65250,電気機器,64.8,2953.0,2805.3,SL(-5%),2024-11-12,10000000.0,1430,9499830.680663733,1430,-503029.3193362672
2024-11-11,65780,サービス業,67.9,271.0,298.1,TP(+10%),2024-11-15,10000000.0,1430,11000000.0,1430,997140.0
2024-11-11,74260,卸売業,69.9,1194.0,1134.3,SL(-5%),2024-11-13,10000000.0,1430,9500000.0,1430,-502860.0
2024-11-05,67690,電気機器,86.4,1047.0,994.6,SL(-5%),2024-11-19,10000000.0,1430,9499522.445081184,1430,-503337.5549188163
2024-11-07,70890,サービス業,73.2,922.0,1014.2,TP(+10%),2024-11-19,10000000.0,1430,11000000.0,1430,997140.0
2024-11-08,39370,情報･通信業,65.1,1234.0,1357.4,TP(+10%),2024-11-19,10000000.0,1430,11000000.0,1430,997140.0
2024-11-11,49330,化学,64.9,1880.0,2068.0,TP(+10%),2024-11-19,10000000.0,1430,11000000.0,1430,997140.0
2024-11-12,76150,小売業,94.4,99.0,108.9,TP(+10%),2024-11-13,10000000.0,1430,11000000.0,1430,997140.0
2024-11-12,66340,電気機器,91.5,115.0,109.2,SL(-5%),2024-11-13,10000000.0,1430,9495652.173913045,1430,-507207.82608695515
2024-11-12,64240,機械,80.1,1148.0,1090.6,SL(-5%),2024-11-18,10000000.0,1430,9500000.0,1430,-502860.0
2024-11-12,40590,情報･通信業,78.9,638.0,606.1,SL(-5%),2024-11-14,10000000.0,1430,9500000.0,1430,-502860.0
2024-11-12,66770,電気機器,72.3,2090.0,1985.5,SL(-5%),2024-11-14,10000000.0,1430,9500000.0,1430,-502860.0
2024-11-12,73860,その他,72.1,2352.0,2587.2,TP(+10%),2024-11-19,10000000.0,1430,10999999.999999998,1430,997139.9999999981
2024-11-12,43790,情報･通信業,69.0,377.0,358.1,SL(-5%),2024-11-13,10000000.0,1430,9498673.74005305,1430,-504186.2599469498
2024-11-12,27430,その他,88.7,75.0,71.2,SL(-5%),2024-11-13,10000000.0,1430,9493333.333333334,1430,-509526.66666666605
2024-11-12,44480,情報･通信業,66.4,556.0,611.6,TP(+10%),2024-11-13,10000000.0,1430,11000000.0,1430,997140.0
2024-11-12,68620,電気機器,68.8,795.0,874.5,TP(+10%),2024-11-13,10000000.0,1430,11000000.0,1430,997140.0
2024-11-12,63380,機械,72.9,2104.0,1998.8,SL(-5%),2024-11-14,10000000.0,1430,9500000.0,1430,-502860.0
2024-11-12,77170,精密機器,68.7,2266.0,2152.7,SL(-5%),2024-11-18,10000000.0,1430,9500000.0,1430,-502860.0
2024-11-12,68710,電気機器,70.3,3910.0,3714.5,SL(-5%),2024-11-14,10000000.0,1430,9500000.0,1430,-502860.0
2024-11-12,23380,情報･通信業,71.3,434.0,477.4,TP(+10%),2024-11-19,10000000.0,1430,10999999.999999998,1430,997139.9999999981
2024-11-12,29800,不動産業,63.3,3485.0,3310.8,SL(-5%),2024-11-14,10000000.0,1430,9500143.472022956,1430,-502716.52797704376
2024-11-12,29310,食料品,68.7,454.0,431.3,SL(-5%),2024-11-13,10000000.0,1430,9500000.0,1430,-502860.0
2024-11-12,66590,電気機器,79.4,78.0,85.8,TP(+10%),2024-11-13,10000000.0,1430,10999999.999999998,1430,997139.9999999981
2024-11-12,87830,その他金融業,72.8,330.0,313.5,SL(-5%),2024-11-13,10000000.0,1430,9500000.0,1430,-502860.0
2024-11-12,67770,電気機器,63.2,6040.0,5738.0,SL(-5%),2024-11-13,10000000.0,1430,9500000.0,1430,-502860.0
2024-11-12,70030,機械,66.2,1231.0,1169.5,SL(-5%),2024-11-13,10000000.0,1430,9500406.173842406,1430,-502453.8261575941
2024-11-12,81040,卸売業,64.0,647.0,614.6,SL(-5%),2024-11-18,10000000.0,1430,9499227.202472953,1430,-503632.7975270469
2024-11-12,48910,医薬品,66.7,217.0,206.1,SL(-5%),2024-11-13,10000000.0,1430,9497695.852534562,1430,-505164.14746543765
2024-11-12,62280,機械,68.8,1258.0,1195.1,SL(-5%),2024-11-13,10000000.0,1430,9500000.0,1430,-502860.0
2024-11-12,39260,情報･通信業,63.6,594.0,653.4,TP(+10%),2024-11-14,10000000.0,1430,10999999.999999998,1430,997139.9999999981
2024-11-12,65500,その他,63.7,137.0,130.2,SL(-5%),2024-11-13,10000000.0,1430,9503649.635036495,1430,-499210.3649635054
2024-11-12,61850,サービス業,61.6,285.0,270.8,SL(-5%),2024-11-14,10000000.0,1430,9501754.385964911,1430,-501105.61403508857
2024-11-12,72560,輸送用機器,63.4,145.0,137.8,SL(-5%),2024-11-15,10000000.0,1430,9503448.27586207,1430,-499411.7241379302
2024-11-12,68550,電気機器,63.8,2121.0,2014.9,SL(-5%),2024-11-14,10000000.0,1430,9499764.2621405,1430,-503095.7378595006
2024-11-12,67230,電気機器,63.9,2156.5,2048.7,SL(-5%),2024-11-15,10000000.0,1430,9500115.928587988,1430,-502744.071412012
2024-11-12,34940,不動産業,64.2,406.0,385.7,SL(-5%),2024-11-14,10000000.0,1430,9500000.0,1430,-502860.0
2024-11-01,70220,機械,74.5,159.0,174.9,TP(+10%),2024-11-22,10000000.0,1430,11000000.0,1430,997140.0
2024-11-01,71110,卸売業,66.2,50.0,55.0,TP(+10%),2024-11-20,10000000.0,1430,11000000.0,1430,997140.0
2024-11-06,77190,精密機器,77.5,202.0,222.2,TP(+10%),2024-11-25,10000000.0,1430,10999999.999999998,1430,997139.9999999981
2024-11-06,62550,機械,63.8,881.0,969.1,TP(+10%),2024-11-26,10000000.0,1430,11000000.0,1430,997140.0
2024-11-07,13820,水産・農林業,73.7,1738.0,1911.8,TP(+10%),2024-11-26,10000000.0,1430,11000000.0,1430,997140.0
2024-11-07,45910,医薬品,62.5,79.0,86.9,TP(+10%),2024-11-25,10000000.0,1430,11000000.0,1430,997140.0
2024-11-07,55850,その他,65.0,1649.0,1566.5,SL(-5%),2024-11-26,10000000.0,1430,9499696.785930866,1430,-503163.2140691336
2024-11-11,15180,その他製品,61.5,3805.0,3614.8,SL(-5%),2024-11-20,10000000.0,1430,9500131.406044679,1430,-502728.59395532124
2024-11-12,70710,サービス業,94.7,967.0,918.6,SL(-5%),2024-11-25,10000000.0,1430,9499482.936918303,1430,-503377.06308169663
2024-11-12,72130,輸送用機器,68.1,532.0,505.4,SL(-5%),2024-11-26,10000000.0,1430,9500000.0,1430,-502860.0
2024-11-12,68670,電気機器,72.0,440.0,484.0,TP(+10%),2024-11-21,10000000.0,1430,11000000.0,1430,997140.0
2024-11-12,72010,輸送用機器,81.9,415.8,395.0,SL(-5%),2024-11-26,10000000.0,1430,9499759.499759499,1430,-503100.500240501
2024-11-13,65480,サービス業,90.9,210.0,199.5,SL(-5%),2024-11-20,10000000.0,1430,9500000.0,1430,-502860.0
2024-11-13,41680,情報･通信業,87.9,851.0,808.4,SL(-5%),2024-11-20,10000000.0,1430,9499412.455934195,1430,-503447.54406580515
2024-11-13,68620,電気機器,91.9,902.0,856.9,SL(-5%),2024-11-20,10000000.0,1430,9500000.0,1430,-502860.0
2024-11-13,41770,情報･通信業,76.8,1126.0,1069.7,SL(-5%),2024-11-20,10000000.0,1430,9500000.0,1430,-502860.0
2024-11-13,76150,小売業,94.0,89.0,84.5,SL(-5%),2024-11-20,10000000.0,1430,9494382.02247191,1430,-508477.97752808966
2024-11-13,26560,小売業,95.4,86.0,81.7,SL(-5%),2024-11-20,10000000.0,1430,9500000.0,1430,-502860.0
2024-11-13,66590,電気機器,93.9,102.0,96.9,SL(-5%),2024-11-20,10000000.0,1430,9500000.0,1430,-502860.0
2024-11-13,70740,サービス業,90.4,199.0,218.9,TP(+10%),2024-11-20,10000000.0,1430,11000000.0,1430,997140.0
2024-11-13,27800,小売業,79.6,3400.0,3740.0,TP(+10%),2024-11-22,10000000.0,1430,11000000.0,1430,997140.0
2024-11-13,61250,機械,71.3,4015.0,4416.5,TP(+10%),2024-11-22,10000000.0,1430,11000000.0,1430,997140.0
2024-11-13,29340,食料品,87.2,1926.0,2118.6,TP(+10%),2024-11-20,10000000.0,1430,10999999.999999998,1430,997139.9999999981
2024-11-13,27430,その他,89.7,72.0,68.4,SL(-5%),2024-11-20,10000000.0,1430,9500000.0,1430,-502860.0
2024-11-13,46670,情報･通信業,68.6,1145.0,1259.5,TP(+10%),2024-11-20,10000000.0,1430,11000000.0,1430,997140.0
2024-11-13,65370,サービス業,68.8,343.0,325.8,SL(-5%),2024-11-20,10000000.0,1430,9498542.274052478,1430,-504317.7259475216
2024-11-13,40510,情報･通信業,68.6,6740.0,7414.0,TP(+10%),2024-11-20,10000000.0,1430,11000000.0,1430,997140.0
2024-11-13,70140,輸送用機器,66.6,1786.0,1696.7,SL(-5%),2024-11-20,10000000.0,1430,9500000.0,1430,-502860.0
2024-11-13,44880,情報･通信業,69.9,3515.0,3339.2,SL(-5%),2024-11-26,10000000.0,1430,9499857.752489332,1430,-503002.2475106679
2024-11-13,93480,サービス業,66.6,612.0,581.4,SL(-5%),2024-11-20,10000000.0,1430,9500000.0,1430,-502860.0
2024-11-13,55970,情報･通信業,71.4,716.0,787.6,TP(+10%),2024-11-20,10000000.0,1430,11000000.0,1430,997140.0
2024-11-13,65250,電気機器,67.3,2507.0,2381.7,SL(-5%),2024-11-20,10000000.0,1430,9500199.441563621,1430,-502660.55843637884
2024-11-13,62660,機械,62.2,3080.0,2926.0,SL(-5%),2024-11-20,10000000.0,1430,9500000.0,1430,-502860.0
2024-11-13,55740,情報･通信業,65.7,2522.0,2395.9,SL(-5%),2024-11-20,10000000.0,1430,9500000.0,1430,-502860.0
2024-11-06,69610,電気機器,71.5,5550.0,5272.5,SL(-5%),2024-11-27,10000000.0,1430,9500000.0,1430,-502860.0
2024-11-06,90900,陸運業,66.7,1029.0,977.5,SL(-5%),2024-11-27,10000000.0,1430,9499514.091350826,1430,-503345.9086491745
2024-11-08,70360,サービス業,70.2,910.0,864.5,SL(-5%),2024-11-27,10000000.0,1430,9500000.0,1430,-502860.0
2024-11-08,94240,情報･通信業,65.8,143.0,135.8,SL(-5%),2024-11-27,10000000.0,1430,9496503.496503498,1430,-506356.5034965016
2024-11-11,67790,電気機器,64.6,971.0,922.4,SL(-5%),2024-11-27,10000000.0,1430,9499485.066941299,1430,-503374.93305870146
2024-11-13,51390,情報･通信業,85.1,644.0,708.4,TP(+10%),2024-11-27,10000000.0,1430,10999999.999999998,1430,997139.9999999981
2024-11-13,42590,情報･通信業,69.7,400.0,380.0,SL(-5%),2024-11-27,10000000.0,1430,9500000.0,1430,-502860.0
2024-11-13,57590,その他,77.7,569.0,540.5,SL(-5%),2024-11-27,10000000.0,1430,9499121.265377855,1430,-503738.7346221451
2024-11-13,130A0,医薬品,83.2,873.0,829.3,SL(-5%),2024-11-27,10000000.0,1430,9499427.26231386,1430,-503432.73768614046
2024-11-13,48910,医薬品,63.1,207.0,227.7,TP(+10%),2024-11-27,10000000.0,1430,10999999.999999998,1430,997139.9999999981
2024-11-20,92360,サービス業,98.6,1071.0,1017.4,SL(-5%),2024-11-21,10000000.0,1430,9499533.146591969,1430,-503326.85340803117
2024-11-20,45760,医薬品,90.4,112.0,123.2,TP(+10%),2024-11-21,10000000.0,1430,11000000.0,1430,997140.0
2024-11-20,71110,卸売業,93.8,56.0,61.6,TP(+10%),2024-11-21,10000000.0,1430,11000000.0,1430,997140.0
2024-11-20,55870,情報･通信業,89.7,810.0,891.0,TP(+10%),2024-11-21,10000000.0,1430,11000000.0,1430,997140.0
2024-11-20,42880,情報･通信業,78.9,566.0,537.7,SL(-5%),2024-11-27,10000000.0,1430,9500000.0,1430,-502860.0
2024-11-20,190A0,医薬品,89.3,222.0,244.2,TP(+10%),2024-11-22,10000000.0,1430,10999999.999999998,1430,997139.9999999981
2024-11-20,73620,サービス業,79.0,937.0,1030.7,TP(+10%),2024-11-22,10000000.0,1430,11000000.0,1430,997140.0
2024-11-20,70830,サービス業,82.7,1199.0,1318.9,TP(+10%),2024-11-25,10000000.0,1430,11000000.0,1430,997140.0
2024-11-20,48920,医薬品,69.8,452.0,497.2,TP(+10%),2024-11-21,10000000.0,1430,11000000.0,1430,997140.0
2024-11-20,65730,サービス業,83.3,105.0,115.5,TP(+10%),2024-11-21,10000000.0,1430,11000000.0,1430,997140.0
2024-11-20,77070,精密機器,67.6,268.0,294.8,TP(+10%),2024-11-21,10000000.0,1430,11000000.0,1430,997140.0
2024-11-20,92290,サービス業,80.3,886.0,974.6,TP(+10%),2024-11-21,10000000.0,1430,11000000.0,1430,997140.0
2024-11-20,58680,サービス業,63.6,856.0,813.2,SL(-5%),2024-11-27,10000000.0,1430,9500000.0,1430,-502860.0
2024-11-20,45630,医薬品,73.9,52.0,57.2,TP(+10%),2024-11-25,10000000.0,1430,11000000.0,1430,997140.0
2024-11-20,36470,情報･通信業,65.9,116.0,110.2,SL(-5%),2024-11-26,10000000.0,1430,9500000.0,1430,-502860.0
2024-11-20,55780,情報･通信業,69.2,1263.0,1389.3,TP(+10%),2024-11-22,10000000.0,1430,10999999.999999998,1430,997139.9999999981
2024-11-20,246A0,サービス業,63.2,869.0,825.5,SL(-5%),2024-11-27,10000000.0,1430,9499424.626006905,1430,-503435.373993095
2024-11-20,44490,その他,62.8,1297.0,1426.7,TP(+10%),2024-11-26,10000000.0,1430,11000000.0,1430,997140.0
2024-11-20,70030,機械,63.2,1558.0,1713.8,TP(+10%),2024-11-26,10000000.0,1430,10999999.999999998,1430,997139.9999999981
2024-11-20,73570,サービス業,64.4,652.0,619.4,SL(-5%),2024-11-25,10000000.0,1430,9500000.0,1430,-502860.0
2024-11-20,38100,情報･通信業,66.0,216.0,205.2,SL(-5%),2024-11-22,10000000.0,1430,9500000.0,1430,-502860.0
2024-11-20,70440,サービス業,61.7,274.0,260.3,SL(-5%),2024-11-28,10000000.0,1430,9500000.0,1430,-502860.0
2024-11-21,71110,卸売業,93.1,61.0,67.1,TP(+10%),2024-11-22,10000000.0,1430,10999999.999999998,1430,997139.9999999981
2024-11-21,52470,情報･通信業,92.7,1567.0,1723.7,TP(+10%),2024-11-22,10000000.0,1430,11000000.0,1430,997140.0
2024-11-21,77070,精密機器,89.7,279.0,306.9,TP(+10%),2024-11-26,10000000.0,1430,10999999.999999998,1430,997139.9999999981
2024-11-21,55870,情報･通信業,79.0,880.0,836.0,SL(-5%),2024-11-22,10000000.0,1430,9500000.0,1430,-502860.0
2024-11-21,40550,情報･通信業,78.0,1956.0,1858.2,SL(-5%),2024-11-27,10000000.0,1430,9500000.0,1430,-502860.0
2024-11-21,65730,サービス業,92.6,112.0,106.4,SL(-5%),2024-11-22,10000000.0,1430,9500000.0,1430,-502860.0
2024-11-21,45760,医薬品,81.2,104.0,98.8,SL(-5%),2024-11-22,10000000.0,1430,9500000.0,1430,-502860.0
2024-11-21,52160,ガラス･土石製品,76.7,239.0,227.0,SL(-5%),2024-11-26,10000000.0,1430,9497907.949790794,1430,-504952.0502092056
2024-11-21,92290,サービス業,79.3,948.0,1042.8,TP(+10%),2024-11-25,10000000.0,1430,10999999.999999998,1430,997139.9999999981
2024-11-21,246A0,サービス業,67.1,872.0,828.4,SL(-5%),2024-11-27,10000000.0,1430,9500000.0,1430,-502860.0
2024-11-21,73620,サービス業,69.3,909.0,999.9,TP(+10%),2024-11-22,10000000.0,1430,11000000.0,1430,997140.0
2024-11-21,66340,電気機器,76.1,126.0,119.7,SL(-5%),2024-11-25,10000000.0,1430,9500000.0,1430,-502860.0
2024-11-21,52550,情報･通信業,71.6,125.0,118.8,SL(-5%),2024-11-22,10000000.0,1430,9504000.0,1430,-498860.0
2024-11-21,215A0,サービス業,68.2,1135.0,1248.5,TP(+10%),2024-11-28,10000000.0,1430,11000000.0,1430,997140.0
2024-11-06,33190,その他,64.1,416.0,395.2,SL(-5%),2024-11-29,10000000.0,1430,9500000.0,1430,-502860.0
2024-11-12,71830,その他金融業,64.9,166.0,157.7,SL(-5%),2024-11-29,10000000.0,1430,9500000.0,1430,-502860.0
2024-11-20,26670,卸売業,71.7,215.0,204.2,SL(-5%),2024-11-29,10000000.0,1430,9497674.41860465,1430,-505185.5813953504
2024-11-21,93480,サービス業,71.6,519.0,570.9,TP(+10%),2024-11-29,10000000.0,1430,10999999.999999998,1430,997139.9999999981
2024-11-21,45940,医薬品,80.1,54.0,51.3,SL(-5%),2024-11-29,10000000.0,1430,9500000.0,1430,-502860.0
2024-11-21,67750,電気機器,70.2,158.0,150.1,SL(-5%),2024-11-29,10000000.0,1430,9500000.0,1430,-502860.0
2024-11-22,52470,情報･通信業,91.5,1699.0,1868.9,TP(+10%),2024-11-25,10000000.0,1430,11000000.0,1430,997140.0
2024-11-22,71120,小売業,76.3,638.0,606.1,SL(-5%),2024-11-25,10000000.0,1430,9500000.0,1430,-502860.0
2024-11-22,70680,サービス業,79.4,532.0,585.2,TP(+10%),2024-11-25,10000000.0,1430,11000000.0,1430,997140.0
2024-11-22,61900,サービス業,88.0,364.0,400.4,TP(+10%),2024-11-26,10000000.0,1430,10999999.999999998,1430,997139.9999999981
2024-11-22,71110,卸売業,88.4,63.0,59.8,SL(-5%),2024-11-26,10000000.0,1430,9492063.492063493,1430,-510796.50793650746
2024-11-22,73620,サービス業,85.3,1059.0,1164.9,TP(+10%),2024-11-25,10000000.0,1430,11000000.0,1430,997140.0
2024-11-22,56160,情報･通信業,86.6,849.0,933.9,TP(+10%),2024-11-25,10000000.0,1430,11000000.0,1430,997140.0
2024-11-22,65840,輸送用機器,66.4,820.0,779.0,SL(-5%),2024-11-26,10000000.0,1430,9500000.0,1430,-502860.0
2024-11-22,48940,医薬品,82.3,5180.0,4921.0,SL(-5%),2024-11-26,10000000.0,1430,9500000.0,1430,-502860.0
2024-11-22,70730,サービス業,83.5,2335.0,2218.2,SL(-5%),2024-11-27,10000000.0,1430,9499785.867237687,1430,-503074.1327623129
2024-11-22,55870,情報･通信業,72.3,860.0,817.0,SL(-5%),2024-11-25,10000000.0,1430,9500000.0,1430,-502860.0
2024-11-22,17730,建設業,70.3,61.0,67.1,TP(+10%),2024-11-27,10000000.0,1430,10999999.999999998,1430,997139.9999999981
2024-11-22,52460,情報･通信業,72.2,521.0,494.9,SL(-5%),2024-11-26,10000000.0,1430,9499040.307101727,1430,-503819.69289827347
2024-11-22,21340,サービス業,65.5,20.0,19.0,SL(-5%),2024-11-27,10000000.0,1430,9500000.0,1430,-502860.0
2024-11-22,92290,サービス業,77.0,998.0,948.1,SL(-5%),2024-11-26,10000000.0,1430,9500000.0,1430,-502860.0
2024-11-22,41690,情報･通信業,71.9,338.0,371.8,TP(+10%),2024-11-25,10000000.0,1430,11000000.0,1430,997140.0
2024-11-22,37780,情報･通信業,70.5,4920.0,4674.0,SL(-5%),2024-11-26,10000000.0,1430,9500000.0,1430,-502860.0
2024-11-22,75780,小売業,68.3,150.0,142.5,SL(-5%),2024-11-26,10000000.0,1430,9500000.0,1430,-502860.0
2024-11-20,66560,電気機器,80.6,578.0,549.1,SL(-5%),2024-12-02,10000000.0,1430,9500000.0,1430,-502860.0
2024-11-20,40600,情報･通信業,64.0,927.0,880.6,SL(-5%),2024-12-02,10000000.0,1430,9499460.625674218,1430,-503399.37432578206
2024-11-21,48920,医薬品,79.6,484.0,532.4,TP(+10%),2024-12-02,10000000.0,1430,10999999.999999998,1430,997139.9999999981
2024-11-21,92110,サービス業,77.5,1389.0,1319.5,SL(-5%),2024-12-02,10000000.0,1430,9499640.028797695,1430,-503219.9712023046
2024-11-21,78680,その他製品,65.4,507.0,557.7,TP(+10%),2024-12-02,10000000.0,1430,11000000.0,1430,997140.0
2024-11-21,43950,情報･通信業,62.4,759.0,834.9,TP(+10%),2024-12-02,10000000.0,1430,10999999.999999998,1430,997139.9999999981
2024-11-21,65610,サービス業,62.5,1277.0,1213.1,SL(-5%),2024-12-02,10000000.0,1430,9499608.457321847,1430,-503251.54267815314
2024-11-22,77070,精密機器,71.0,289.0,274.6,SL(-5%),2024-12-02,10000000.0,1430,9501730.10380623,1430,-501129.8961937707
2024-11-25,50280,情報･通信業,93.7,392.0,372.4,SL(-5%),2024-11-26,10000000.0,1430,9500000.0,1430,-502860.0
2024-11-25,34940,不動産業,90.3,399.0,379.0,SL(-5%),2024-11-29,10000000.0,1430,9498746.86716792,1430,-504113.1328320801
2024-11-25,70680,サービス業,84.7,555.0,527.2,SL(-5%),2024-11-28,10000000.0,1430,9499099.0990991,1430,-503760.90090090036
2024-11-25,56160,情報･通信業,93.5,937.0,1030.7,TP(+10%),2024-11-26,10000000.0,1430,11000000.0,1430,997140.0
2024-11-25,73620,サービス業,85.3,965.0,916.8,SL(-5%),2024-11-27,10000000.0,1430,9500518.134715026,1430,-502341.86528497376
2024-11-25,55780,情報･通信業,78.2,1600.0,1520.0,SL(-5%),2024-11-29,10000000.0,1430,9500000.0,1430,-502860.0
2024-11-25,64690,機械,70.6,1000.0,950.0,SL(-5%),2024-11-26,10000000.0,1430,9500000.0,1430,-502860.0
2024-11-25,92370,サービス業,66.2,2132.0,2025.4,SL(-5%),2024-11-26,10000000.0,1430,9500000.0,1430,-502860.0
2024-11-25,41690,情報･通信業,76.6,367.0,348.6,SL(-5%),2024-11-28,10000000.0,1430,9498637.602179836,1430,-504222.3978201635
2024-11-25,39270,情報･通信業,66.1,705.0,775.5,TP(+10%),2024-11-29,10000000.0,1430,11000000.0,1430,997140.0
2024-11-25,65730,サービス業,85.1,106.0,116.6,TP(+10%),2024-11-26,10000000.0,1430,10999999.999999998,1430,997139.9999999981
2024-11-25,143A0,サービス業,67.5,997.0,947.1,SL(-5%),2024-11-26,10000000.0,1430,9499498.495486459,1430,-503361.50451354124
2024-11-01,70930,サービス業,72.7,627.0,595.6,SL(-5%),2024-12-04,10000000.0,1430,9499202.551834133,1430,-503657.4481658675
2024-11-06,44240,情報･通信業,63.1,346.0,328.7,SL(-5%),2024-12-05,10000000.0,1430,9500000.0,1430,-502860.0
2024-11-08,38780,化学,67.6,741.0,703.9,SL(-5%),2024-12-05,10000000.0,1430,9499325.236167341,1430,-503534.76383265853
2024-11-11,42400,化学,65.1,239.0,227.0,SL(-5%),2024-12-09,10000000.0,1430,9497907.949790794,1430,-504952.0502092056
2024-11-12,36550,その他,79.9,965.0,1061.5,TP(+10%),2024-12-05,10000000.0,1430,11000000.0,1430,997140.0
2024-11-13,79180,小売業,89.5,131.0,124.4,SL(-5%),2024-12-04,10000000.0,1430,9496183.206106871,1430,-506676.79389312863
2024-11-13,35610,小売業,76.6,1060.0,1007.0,SL(-5%),2024-12-04,10000000.0,1430,9500000.0,1430,-502860.0
2024-11-13,53800,ガラス･土石製品,66.3,1487.0,1412.6,SL(-5%),2024-12-03,10000000.0,1430,9499663.752521856,1430,-503196.24747814424
2024-11-21,69690,電気機器,89.1,499.0,474.0,SL(-5%),2024-12-04,10000000.0,1430,9498997.995991984,1430,-503862.0040080156
2024-11-21,36240,情報･通信業,95.4,120.0,114.0,SL(-5%),2024-12-03,10000000.0,1430,9500000.0,1430,-502860.0
2024-11-21,92360,サービス業,85.0,1014.0,1115.4,TP(+10%),2024-12-05,10000000.0,1430,11000000.0,1430,997140.0
2024-11-21,45820,医薬品,67.5,242.0,229.9,SL(-5%),2024-12-04,10000000.0,1430,9500000.0,1430,-502860.0
2024-11-22,36720,情報･通信業,75.2,91.0,86.5,SL(-5%),2024-12-03,10000000.0,1430,9505494.505494505,1430,-497365.49450549483
2024-11-22,47720,情報･通信業,79.4,131.0,124.4,SL(-5%),2024-12-05,10000000.0,1430,9496183.206106871,1430,-506676.79389312863
2024-11-25,71380,小売業,91.5,812.0,771.4,SL(-5%),2024-12-04,10000000.0,1430,9500000.0,1430,-502860.0
2024-11-25,44360,情報･通信業,64.6,909.0,863.5,SL(-5%),2024-12-06,10000000.0,1430,9499449.9449945,1430,-503410.0550055001
2024-11-26,65790,サービス業,91.6,382.0,362.9,SL(-5%),2024-12-03,10000000.0,1430,9500000.0,1430,-502860.0
2024-11-26,36340,情報･通信業,93.5,650.0,617.5,SL(-5%),2024-12-09,10000000.0,1430,9500000.0,1430,-502860.0
2024-11-26,50280,情報･通信業,91.5,390.0,370.5,SL(-5%),2024-12-03,10000000.0,1430,9500000.0,1430,-502860.0
2024-11-26,59180,金属製品,73.5,6000.0,6600.0,TP(+10%),2024-12-09,10000000.0,1430,11000000.0,1430,997140.0
2024-11-26,38560,電気機器,90.8,813.0,772.3,SL(-5%),2024-12-05,10000000.0,1430,9499384.993849937,1430,-503475.0061500631
2024-11-26,38140,その他,79.4,345.0,327.8,SL(-5%),2024-12-06,10000000.0,1430,9501449.275362318,1430,-501410.7246376816
2024-11-26,70030,機械,84.3,1659.0,1576.0,SL(-5%),2024-12-03,10000000.0,1430,9499698.613622665,1430,-503161.3863773346
2024-11-26,56160,情報･通信業,82.7,999.0,1098.9,TP(+10%),2024-12-03,10000000.0,1430,11000000.0,1430,997140.0
2024-11-26,61900,サービス業,76.7,369.0,350.6,SL(-5%),2024-12-05,10000000.0,1430,9501355.013550136,1430,-501504.98644986376
2024-11-26,59400,金属製品,67.5,700.0,665.0,SL(-5%),2024-12-03,10000000.0,1430,9500000.0,1430,-502860.0
2024-11-26,34940,不動産業,70.7,401.0,380.9,SL(-5%),2024-12-03,10000000.0,1430,9498753.117206981,1430,-504106.8827930186
2024-11-26,48130,情報･通信業,69.5,1235.0,1173.2,SL(-5%),2024-12-03,10000000.0,1430,9499595.141700406,1430,-503264.8582995944
2024-11-26,68360,電気機器,79.3,3010.0,2859.5,SL(-5%),2024-12-03,10000000.0,1430,9500000.0,1430,-502860.0
2024-11-26,41070,化学,65.8,21580.0,23738.0,TP(+10%),2024-12-03,10000000.0,1430,11000000.0,1430,997140.0
2024-11-26,190A0,医薬品,81.6,243.0,267.3,TP(+10%),2024-12-03,10000000.0,1430,11000000.0,1430,997140.0
2024-11-26,45760,医薬品,78.2,102.0,96.9,SL(-5%),2024-12-04,10000000.0,1430,9500000.0,1430,-502860.0
2024-11-26,248A0,情報･通信業,66.1,1585.0,1505.8,SL(-5%),2024-12-03,10000000.0,1430,9500315.457413249,1430,-502544.5425867513
2024-11-26,64690,機械,66.4,1008.0,1108.8,TP(+10%),2024-12-03,10000000.0,1430,10999999.999999998,1430,997139.9999999981
2024-11-26,43710,情報･通信業,67.1,1138.0,1081.1,SL(-5%),2024-12-09,10000000.0,1430,9500000.0,1430,-502860.0
2024-11-26,71110,卸売業,70.1,59.0,56.0,SL(-5%),2024-12-03,10000000.0,1430,9491525.423728814,1430,-511334.57627118565
2024-11-26,24370,サービス業,74.4,236.0,259.6,TP(+10%),2024-12-03,10000000.0,1430,11000000.0,1430,997140.0
2024-11-26,48940,医薬品,67.8,4800.0,5280.0,TP(+10%),2024-12-03,10000000.0,1430,11000000.0,1430,997140.0
2024-11-26,50260,情報･通信業,61.6,1276.0,1212.2,SL(-5%),2024-12-03,10000000.0,1430,9500000.0,1430,-502860.0
2024-11-26,92370,サービス業,66.1,2060.0,1957.0,SL(-5%),2024-12-06,10000000.0,1430,9500000.0,1430,-502860.0
2024-11-26,65730,サービス業,80.5,104.0,98.8,SL(-5%),2024-12-03,10000000.0,1430,9500000.0,1430,-502860.0
2024-11-12,49370,化学,78.8,1257.0,1382.7,TP(+10%),2024-12-10,10000000.0,1430,11000000.0,1430,997140.0
2024-12-03,94170,情報･通信業,92.4,314.0,298.3,SL(-5%),2024-12-05,10000000.0,1430,9500000.0,1430,-502860.0
2024-12-03,48920,医薬品,90.0,545.0,517.8,SL(-5%),2024-12-06,10000000.0,1430,9500917.431192659,1430,-501942.56880734116
2024-12-03,48130,情報･通信業,79.1,1001.0,950.9,SL(-5%),2024-12-04,10000000.0,1430,9499500.4995005,1430,-503359.50049949996
2024-12-03,57590,その他,89.8,50.0,47.5,SL(-5%),2024-12-04,10000000.0,1430,9500000.0,1430,-502860.0
2024-12-03,40110,情報･通信業,69.2,6500.0,6175.0,SL(-5%),2024-12-05,10000000.0,1430,9500000.0,1430,-502860.0
2024-12-03,93990,情報･通信業,85.4,1630.0,1793.0,TP(+10%),2024-12-04,10000000.0,1430,11000000.0,1430,997140.0
2024-12-03,138A0,小売業,70.3,2446.0,2323.7,SL(-5%),2024-12-06,10000000.0,1430,9500000.0,1430,-502860.0
2024-12-03,39050,情報･通信業,74.4,808.0,767.6,SL(-5%),2024-12-05,10000000.0,1430,9500000.0,1430,-502860.0
2024-12-03,38230,情報･通信業,69.6,32.0,30.4,SL(-5%),2024-12-05,10000000.0,1430,9500000.0,1430,-502860.0
2024-12-03,66560,電気機器,68.7,513.0,487.3,SL(-5%),2024-12-04,10000000.0,1430,9499025.341130605,1430,-503834.65886939503
2024-12-03,41070,化学,63.9,26240.0,24928.0,SL(-5%),2024-12-09,10000000.0,1430,9500000.0,1430,-502860.0
2024-12-03,43690,化学,63.3,3000.0,2850.0,SL(-5%),2024-12-06,10000000.0,1430,9500000.0,1430,-502860.0
2024-12-03,70440,サービス業,63.2,253.0,240.3,SL(-5%),2024-12-04,10000000.0,1430,9498023.71541502,1430,-504836.28458498046
2024-12-03,60310,サービス業,62.6,428.0,406.6,SL(-5%),2024-12-09,10000000.0,1430,9500000.0,1430,-502860.0
2024-12-03,149A0,情報･通信業,71.3,777.0,854.7,TP(+10%),2024-12-10,10000000.0,1430,11000000.0,1430,997140.0
2024-12-03,55870,情報･通信業,64.5,924.0,877.8,SL(-5%),2024-12-04,10000000.0,1430,9500000.0,1430,-502860.0
2024-11-11,42860,サービス業,75.5,834.0,792.3,SL(-5%),2024-12-11,10000000.0,1430,9500000.0,1430,-502860.0
2024-11-22,45860,医薬品,71.9,88.0,83.6,SL(-5%),2024-12-11,10000000.0,1430,9500000.0,1430,-502860.0
2024-11-25,24590,サービス業,86.1,183.0,201.3,TP(+10%),2024-12-11,10000000.0,1430,11000000.0,1430,997140.0
2024-12-04,52420,情報･通信業,86.7,1720.0,1634.0,SL(-5%),2024-12-05,10000000.0,1430,9500000.0,1430,-502860.0
2024-12-04,42650,情報･通信業,92.0,332.0,315.4,SL(-5%),2024-12-05,10000000.0,1430,9500000.0,1430,-502860.0
2024-12-04,87830,その他金融業,88.1,305.0,289.8,SL(-5%),2024-12-05,10000000.0,1430,9501639.344262296,1430,-501220.65573770367
2024-12-04,33720,小売業,80.4,230.0,253.0,TP(+10%),2024-12-10,10000000.0,1430,11000000.0,1430,997140.0
2024-12-04,93270,倉庫･運輸関連業,87.1,222.0,244.2,TP(+10%),2024-12-06,10000000.0,1430,10999999.999999998,1430,997139.9999999981
2024-12-04,52500,情報･通信業,67.0,1165.0,1106.8,SL(-5%),2024-12-05,10000000.0,1430,9500429.184549356,1430,-502430.8154506441
2024-12-04,31850,小売業,78.8,150.0,165.0,TP(+10%),2024-12-06,10000000.0,1430,11000000.0,1430,997140.0
2024-12-04,93990,情報･通信業,80.1,2028.0,2230.8,TP(+10%),2024-12-05,10000000.0,1430,11000000.0,1430,997140.0
2024-12-04,62270,機械,70.7,3120.0,3432.0,TP(+10%),2024-12-06,10000000.0,1430,11000000.0,1430,997140.0
2024-12-04,48130,情報･通信業,69.7,932.0,885.4,SL(-5%),2024-12-11,10000000.0,1430,9500000.0,1430,-502860.0
2024-12-04,64690,機械,66.2,1212.0,1151.4,SL(-5%),2024-12-05,10000000.0,1430,9500000.0,1430,-502860.0
2024-12-04,21560,サービス業,73.0,464.0,440.8,SL(-5%),2024-12-10,10000000.0,1430,9500000.0,1430,-502860.0
2024-11-11,42410,化学,75.6,461.0,437.9,SL(-5%),2024-12-12,10000000.0,1430,9498915.401301518,1430,-503944.5986984819
2024-11-21,45520,医薬品,69.1,696.0,661.2,SL(-5%),2024-12-12,10000000.0,1430,9500000.0,1430,-502860.0
2024-12-03,52160,ガラス･土石製品,76.0,236.0,224.2,SL(-5%),2024-12-12,10000000.0,1430,9500000.0,1430,-502860.0
2024-12-05,70350,サービス業,90.5,234.0,222.3,SL(-5%),2024-12-10,10000000.0,1430,9500000.0,1430,-502860.0
2024-12-05,66560,電気機器,87.4,570.0,627.0,TP(+10%),2024-12-06,10000000.0,1430,11000000.0,1430,997140.0
2024-12-05,55970,情報･通信業,75.9,580.0,551.0,SL(-5%),2024-12-11,10000000.0,1430,9500000.0,1430,-502860.0
2024-12-05,87830,その他金融業,76.0,293.0,278.3,SL(-5%),2024-12-06,10000000.0,1430,9498293.515358362,1430,-504566.48464163765
2024-12-05,29700,不動産業,69.6,2253.0,2478.3,TP(+10%),2024-12-09,10000000.0,1430,11000000.0,1430,997140.0
2024-12-05,87980,保険業,68.0,546.0,518.7,SL(-5%),2024-12-06,10000000.0,1430,9500000.0,1430,-502860.0
2024-12-05,65370,サービス業,71.7,335.0,368.5,TP(+10%),2024-12-06,10000000.0,1430,11000000.0,1430,997140.0
2024-12-05,48920,医薬品,68.7,538.0,511.1,SL(-5%),2024-12-09,10000000.0,1430,9500000.0,1430,-502860.0
2024-12-05,93990,情報･通信業,82.8,1733.0,1906.3,TP(+10%),2024-12-06,10000000.0,1430,11000000.0,1430,997140.0
2024-12-05,52420,情報･通信業,71.2,1611.0,1530.4,SL(-5%),2024-12-09,10000000.0,1430,9499689.633767847,1430,-503170.366232153
2024-12-05,62270,機械,64.3,3235.0,3073.2,SL(-5%),2024-12-11,10000000.0,1430,9499845.44049459,1430,-503014.5595054105
2024-12-05,64690,機械,71.1,1125.0,1237.5,TP(+10%),2024-12-06,10000000.0,1430,11000000.0,1430,997140.0
2024-12-05,31330,小売業,67.1,800.0,880.0,TP(+10%),2024-12-11,10000000.0,1430,11000000.0,1430,997140.0
2024-12-05,38140,その他,64.7,342.0,324.9,SL(-5%),2024-12-06,10000000.0,1430,9500000.0,1430,-502860.0
2024-11-01,42420,化学,68.3,1450.0,1377.5,SL(-5%),2024-12-13,10000000.0,1430,9500000.0,1430,-502860.0
2024-11-21,99780,小売業,68.5,49.0,46.5,SL(-5%),2024-12-13,10000000.0,1430,9489795.918367347,1430,-513064.08163265325
2024-11-25,90090,陸運業,86.2,1456.6666666666665,1383.8,SL(-5%),2024-12-13,10000000.0,1430,9499771.167048056,1430,-503088.8329519443
2024-11-25,70890,サービス業,73.9,1120.0,1064.0,SL(-5%),2024-12-13,10000000.0,1430,9500000.0,1430,-502860.0
2024-11-26,93430,サービス業,61.6,3320.0,3652.0,TP(+10%),2024-12-13,10000000.0,1430,11000000.0,1430,997140.0
2024-12-06,65370,サービス業,85.8,392.0,372.4,SL(-5%),2024-12-10,10000000.0,1430,9500000.0,1430,-502860.0
2024-12-06,39130,情報･通信業,92.0,591.0,650.1,TP(+10%),2024-12-09,10000000.0,1430,11000000.0,1430,997140.0
2024-12-06,39610,その他,89.8,799.0,759.0,SL(-5%),2024-12-09,10000000.0,1430,9499374.217772216,1430,-503485.7822277844
2024-12-06,40730,情報･通信業,92.7,672.0,739.2,TP(+10%),2024-12-09,10000000.0,1430,11000000.0,1430,997140.0
2024-12-06,66560,電気機器,84.5,670.0,737.0,TP(+10%),2024-12-09,10000000.0,1430,11000000.0,1430,997140.0
2024-12-06,47360,情報･通信業,90.7,632.0,695.2,TP(+10%),2024-12-09,10000000.0,1430,11000000.0,1430,997140.0
2024-12-06,57590,その他,93.4,74.0,81.4,TP(+10%),2024-12-09,10000000.0,1430,11000000.0,1430,997140.0
2024-12-06,43340,情報･通信業,77.0,387.0,367.6,SL(-5%),2024-12-12,10000000.0,1430,9498708.010335919,1430,-504151.9896640815
2024-12-06,64690,機械,83.1,1245.0,1182.8,SL(-5%),2024-12-09,10000000.0,1430,9500401.606425703,1430,-502458.3935742974
2024-12-06,87980,保険業,72.4,510.0,561.0,TP(+10%),2024-12-11,10000000.0,1430,11000000.0,1430,997140.0
2024-12-06,50740,建設業,71.6,293.0,278.3,SL(-5%),2024-12-11,10000000.0,1430,9498293.515358362,1430,-504566.48464163765
2024-12-06,31850,小売業,79.2,133.0,126.3,SL(-5%),2024-12-10,10000000.0,1430,9496240.60150376,1430,-506619.3984962404
2024-12-06,29700,不動産業,66.3,2433.0,2311.3,SL(-5%),2024-12-09,10000000.0,1430,9499794.49239622,1430,-503065.50760377944
2024-12-06,62270,機械,69.1,3420.0,3249.0,SL(-5%),2024-12-09,10000000.0,1430,9500000.0,1430,-502860.0
2024-12-06,31330,小売業,66.4,827.0,909.7,TP(+10%),2024-12-12,10000000.0,1430,11000000.0,1430,997140.0
2024-12-06,55780,情報･通信業,70.9,1433.0,1576.3,TP(+10%),2024-12-09,10000000.0,1430,10999999.999999998,1430,997139.9999999981
2024-11-07,90010,陸運業,63.4,2620.0,2489.0,SL(-5%),2024-12-16,10000000.0,1430,9500000.0,1430,-502860.0
2024-11-07,73180,輸送用機器,64.4,1435.0,1578.5,TP(+10%),2024-12-17,10000000.0,1430,11000000.0,1430,997140.0
2024-11-08,51310,情報･通信業,80.3,162.0,153.9,SL(-5%),2024-12-17,10000000.0,1430,9500000.0,1430,-502860.0
2024-11-11,66660,電気機器,69.9,382.0,420.2,TP(+10%),2024-12-16,10000000.0,1430,10999999.999999998,1430,997139.9999999981
2024-11-12,52520,情報･通信業,66.9,1103.0,1047.8,SL(-5%),2024-12-17,10000000.0,1430,9499546.690843156,1430,-503313.3091568444
2024-11-21,70340,サービス業,68.4,511.0,485.4,SL(-5%),2024-12-17,10000000.0,1430,9499021.526418786,1430,-503838.4735812135
2024-11-26,79920,その他製品,88.2,104.0,98.8,SL(-5%),2024-12-17,10000000.0,1430,9500000.0,1430,-502860.0
2024-12-04,48890,医薬品,77.5,305.0,289.8,SL(-5%),2024-12-16,10000000.0,1430,9501639.344262296,1430,-501220.65573770367
2024-12-05,58200,非鉄金属,70.5,831.0,789.4,SL(-5%),2024-12-16,10000000.0,1430,9499398.315282792,1430,-503461.68471720815
2024-12-06,93270,倉庫･運輸関連業,72.7,240.0,228.0,SL(-5%),2024-12-17,10000000.0,1430,9500000.0,1430,-502860.0
2024-12-09,66960,電気機器,81.0,402.0,381.9,SL(-5%),2024-12-11,10000000.0,1430,9500000.0,1430,-502860.0
2024-12-09,40730,情報･通信業,85.3,772.0,733.4,SL(-5%),2024-12-12,10000000.0,1430,9500000.0,1430,-502860.0
2024-12-09,39130,情報･通信業,81.7,691.0,656.4,SL(-5%),2024-12-11,10000000.0,1430,9499276.410998553,1430,-503583.58900144696
2024-12-09,47360,情報･通信業,77.2,732.0,695.4,SL(-5%),2024-12-11,10000000.0,1430,9500000.0,1430,-502860.0
2024-12-09,66560,電気機器,77.5,674.0,640.3,SL(-5%),2024-12-11,10000000.0,1430,9500000.0,1430,-502860.0
2024-12-09,31930,小売業,67.9,2998.0,2848.1,SL(-5%),2024-12-17,10000000.0,1430,9500000.0,1430,-502860.0
2024-12-09,87830,その他金融業,83.3,301.0,331.1,TP(+10%),2024-12-11,10000000.0,1430,11000000.0,1430,997140.0
2024-12-09,57590,その他,87.5,70.0,66.5,SL(-5%),2024-12-11,10000000.0,1430,9500000.0,1430,-502860.0
2024-12-09,23880,その他金融業,69.0,68.0,64.6,SL(-5%),2024-12-17,10000000.0,1430,9500000.0,1430,-502860.0
2024-12-09,36860,情報･通信業,74.2,119.0,130.9,TP(+10%),2024-12-17,10000000.0,1430,11000000.0,1430,997140.0
2024-12-09,55780,情報･通信業,67.3,1502.0,1426.9,SL(-5%),2024-12-11,10000000.0,1430,9500000.0,1430,-502860.0
2024-12-09,155A0,情報･通信業,68.9,589.0,559.5,SL(-5%),2024-12-16,10000000.0,1430,9499151.103565365,1430,-503708.8964346349
2024-12-09,44280,情報･通信業,76.4,917.0,871.1,SL(-5%),2024-12-11,10000000.0,1430,9499454.743729552,1430,-503405.25627044775
2024-12-09,87980,保険業,66.3,506.0,556.6,TP(+10%),2024-12-11,10000000.0,1430,11000000.0,1430,997140.0
2024-12-09,29700,不動産業,70.9,2310.0,2194.5,SL(-5%),2024-12-11,10000000.0,1430,9500000.0,1430,-502860.0
2024-12-09,66340,電気機器,77.1,109.0,119.9,TP(+10%),2024-12-11,10000000.0,1430,11000000.0,1430,997140.0
2024-11-26,40170,情報･通信業,74.9,238.0,226.1,SL(-5%),2024-12-18,10000000.0,1430,9500000.0,1430,-502860.0
2024-12-05,77740,精密機器,73.9,493.0,468.3,SL(-5%),2024-12-18,10000000.0,1430,9498985.80121704,1430,-503874.19878295995
2024-12-05,74620,小売業,68.8,307.0,337.7,TP(+10%),2024-12-18,10000000.0,1430,10999999.999999998,1430,997139.9999999981
2024-12-09,40690,情報･通信業,63.7,952.0,1047.2,TP(+10%),2024-12-18,10000000.0,1430,11000000.0,1430,997140.0
2024-12-11,49370,化学,92.9,1400.0,1540.0,TP(+10%),2024-12-12,10000000.0,1430,11000000.0,1430,997140.0
2024-12-11,23300,情報･通信業,97.9,167.0,183.7,TP(+10%),2024-12-13,10000000.0,1430,10999999.999999998,1430,997139.9999999981
2024-12-11,77940,その他製品,95.0,655.0,622.2,SL(-5%),2024-12-12,10000000.0,1430,9499236.641221374,1430,-503623.3587786257
2024-12-11,42860,サービス業,77.2,741.0,703.9,SL(-5%),2024-12-13,10000000.0,1430,9499325.236167341,1430,-503534.76383265853
2024-12-11,30700,卸売業,81.9,109.0,119.9,TP(+10%),2024-12-13,10000000.0,1430,11000000.0,1430,997140.0
2024-12-11,32240,小売業,88.6,717.0,681.1,SL(-5%),2024-12-17,10000000.0,1430,9499302.649930267,1430,-503557.35006973334
2024-12-11,65770,サービス業,74.1,2970.0,2821.5,SL(-5%),2024-12-13,10000000.0,1430,9500000.0,1430,-502860.0
2024-12-11,29340,食料品,92.1,1344.0,1276.8,SL(-5%),2024-12-12,10000000.0,1430,9500000.0,1430,-502860.0
2024-12-11,47360,情報･通信業,85.1,715.0,679.2,SL(-5%),2024-12-17,10000000.0,1430,9499300.6993007,1430,-503559.3006992992
2024-12-11,55700,情報･通信業,71.8,610.0,579.5,SL(-5%),2024-12-13,10000000.0,1430,9500000.0,1430,-502860.0
2024-12-11,39610,その他,72.0,860.0,946.0,TP(+10%),2024-12-12,10000000.0,1430,11000000.0,1430,997140.0
2024-12-11,27430,その他,84.6,104.0,114.4,TP(+10%),2024-12-12,10000000.0,1430,11000000.0,1430,997140.0
2024-12-11,34460,金属製品,65.0,1272.0,1208.4,SL(-5%),2024-12-13,10000000.0,1430,9500000.0,1430,-502860.0
2024-12-11,66340,電気機器,77.9,114.0,108.3,SL(-5%),2024-12-18,10000000.0,1430,9500000.0,1430,-502860.0
2024-12-11,44280,情報･通信業,69.8,850.0,807.5,SL(-5%),2024-12-16,10000000.0,1430,9500000.0,1430,-502860.0
2024-12-11,87980,保険業,65.4,537.0,510.1,SL(-5%),2024-12-16,10000000.0,1430,9499068.901303539,1430,-503791.09869646095
2024-12-11,63240,機械,72.8,2582.0,2452.9,SL(-5%),2024-12-12,10000000.0,1430,9500000.0,1430,-502860.0
2024-12-11,87830,その他金融業,74.1,302.0,332.2,TP(+10%),2024-12-12,10000000.0,1430,10999999.999999998,1430,997139.9999999981
2024-12-11,21340,サービス業,66.6,20.0,19.0,SL(-5%),2024-12-12,10000000.0,1430,9500000.0,1430,-502860.0
2024-12-11,64690,機械,67.5,1274.0,1210.3,SL(-5%),2024-12-16,10000000.0,1430,9500000.0,1430,-502860.0
2024-12-11,67310,電気機器,69.1,57.0,54.1,SL(-5%),2024-12-16,10000000.0,1430,9491228.07017544,1430,-511631.9298245609
2024-11-13,55860,情報･通信業,81.4,991.0,941.4,SL(-5%),2024-12-19,10000000.0,1430,9499495.45913219,1430,-503364.5408678092
2024-11-13,37270,情報･通信業,77.6,152.0,144.4,SL(-5%),2024-12-19,10000000.0,1430,9500000.0,1430,-502860.0
2024-11-13,40130,情報･通信業,65.3,393.0,373.3,SL(-5%),2024-12-19,10000000.0,1430,9498727.735368958,1430,-504132.26463104226
2024-12-04,17730,建設業,89.5,72.0,79.2,TP(+10%),2024-12-19,10000000.0,1430,11000000.0,1430,997140.0
2024-12-09,38400,情報･通信業,90.4,119.0,113.0,SL(-5%),2024-12-19,10000000.0,1430,9495798.31932773,1430,-507061.6806722693
2024-12-09,81040,卸売業,62.8,691.0,656.4,SL(-5%),2024-12-19,10000000.0,1430,9499276.410998553,1430,-503583.58900144696
2024-12-11,24590,サービス業,88.6,179.0,170.0,SL(-5%),2024-12-19,10000000.0,1430,9497206.703910615,1430,-505653.2960893847
2024-12-11,70780,サービス業,70.8,509.0,483.5,SL(-5%),2024-12-19,10000000.0,1430,9499017.68172888,1430,-503842.31827111915
2024-12-12,40750,情報･通信業,88.8,741.0,703.9,SL(-5%),2024-12-16,10000000.0,1430,9499325.236167341,1430,-503534.76383265853
2024-12-12,65580,サービス業,85.2,842.0,799.9,SL(-5%),2024-12-13,10000000.0,1430,9500000.0,1430,-502860.0
2024-12-12,49370,化学,92.0,1540.0,1463.0,SL(-5%),2024-12-13,10000000.0,1430,9500000.0,1430,-502860.0
2024-12-12,45980,医薬品,85.0,685.0,650.8,SL(-5%),2024-12-13,10000000.0,1430,9500729.927007299,1430,-502130.0729927011
2024-12-12,58890,小売業,83.5,2548.0,2420.6,SL(-5%),2024-12-13,10000000.0,1430,9500000.0,1430,-502860.0
2024-12-12,34910,不動産業,74.4,1212.0,1333.2,TP(+10%),2024-12-17,10000000.0,1430,11000000.0,1430,997140.0
2024-12-12,39610,その他,84.8,1010.0,1111.0,TP(+10%),2024-12-13,10000000.0,1430,11000000.0,1430,997140.0
2024-12-12,87830,その他金融業,85.3,382.0,420.2,TP(+10%),2024-12-13,10000000.0,1430,10999999.999999998,1430,997139.9999999981
2024-12-12,39630,情報･通信業,72.1,382.0,362.9,SL(-5%),2024-12-16,10000000.0,1430,9500000.0,1430,-502860.0
2024-12-12,50320,情報･通信業,73.2,2404.0,2644.4,TP(+10%),2024-12-13,10000000.0,1430,11000000.0,1430,997140.0
2024-12-12,192A0,サービス業,75.7,3490.0,3839.0,TP(+10%),2024-12-19,10000000.0,1430,11000000.0,1430,997140.0
2024-12-12,39130,情報･通信業,80.0,699.0,664.0,SL(-5%),2024-12-13,10000000.0,1430,9499284.692417739,1430,-503575.30758226104
2024-12-12,48800,医薬品,70.5,1052.0,999.4,SL(-5%),2024-12-13,10000000.0,1430,9500000.0,1430,-502860.0
2024-12-12,39850,情報･通信業,65.7,202.0,191.9,SL(-5%),2024-12-16,10000000.0,1430,9500000.0,1430,-502860.0
2024-12-12,63240,機械,75.1,2579.0,2450.0,SL(-5%),2024-12-13,10000000.0,1430,9499806.126405584,1430,-503053.8735944163
2024-12-12,27430,その他,82.7,124.0,117.8,SL(-5%),2024-12-13,10000000.0,1430,9500000.0,1430,-502860.0
2024-12-12,23300,情報･通信業,71.1,171.0,188.1,TP(+10%),2024-12-13,10000000.0,1430,10999999.999999998,1430,997139.9999999981
2024-12-12,76150,小売業,77.9,83.0,78.8,SL(-5%),2024-12-13,10000000.0,1430,9493975.903614458,1430,-508884.0963855423
2024-12-12,25860,食料品,78.7,144.0,136.8,SL(-5%),2024-12-13,10000000.0,1430,9500000.0,1430,-502860.0
2024-12-12,31330,小売業,61.2,909.0,999.9,TP(+10%),2024-12-17,10000000.0,1430,11000000.0,1430,997140.0
2024-12-12,52160,ガラス･土石製品,69.7,204.0,193.8,SL(-5%),2024-12-16,10000000.0,1430,9500000.0,1430,-502860.0
2024-12-12,77940,その他製品,67.3,647.0,614.6,SL(-5%),2024-12-16,10000000.0,1430,9499227.202472953,1430,-503632.7975270469
2024-12-12,74770,卸売業,62.3,1249.0,1186.5,SL(-5%),2024-12-13,10000000.0,1430,9499599.679743795,1430,-503260.3202562053
2024-11-01,72700,輸送用機器,74.0,2461.5,2707.7,TP(+10%),2024-12-26,10000000.0,1430,11000203.128173878,1430,997343.1281738784
2024-11-05,72290,その他,75.4,1811.0,1992.1,TP(+10%),2024-12-26,10000000.0,1430,10999999.999999998,1430,997139.9999999981
2024-11-08,70180,輸送用機器,68.3,3780.0,4158.0,TP(+10%),2025-01-06,10000000.0,1430,11000000.0,1430,997140.0
2024-11-11,58670,サービス業,66.6,1124.0,1067.8,SL(-5%),2024-12-30,10000000.0,1430,9500000.0,1430,-502860.0
2024-11-12,168A0,その他製品,67.4,944.0,896.8,SL(-5%),2024-12-26,10000000.0,1430,9500000.0,1430,-502860.0
2024-11-13,32370,不動産業,86.1,108.0,102.6,SL(-5%),2024-12-26,10000000.0,1430,9500000.0,1430,-502860.0
2024-11-13,36590,情報･通信業,74.9,2123.5,2335.9,TP(+10%),2024-12-26,10000000.0,1430,11000235.460324936,1430,997375.4603249356
2024-11-13,48400,サービス業,67.6,291.0,276.4,SL(-5%),2024-12-26,10000000.0,1430,9498281.78694158,1430,-504578.2130584195
2024-11-13,60550,サービス業,64.8,1632.0,1795.2,TP(+10%),2025-01-07,10000000.0,1430,11000000.0,1430,997140.0
2024-11-21,93300,サービス業,62.4,788.0,748.6,SL(-5%),2024-12-26,10000000.0,1430,9500000.0,1430,-502860.0
2024-11-22,43310,サービス業,69.7,874.0,961.4,TP(+10%),2024-12-30,10000000.0,1430,11000000.0,1430,997140.0
2024-11-26,43700,情報･通信業,70.6,311.0,295.4,SL(-5%),2024-12-26,10000000.0,1430,9498392.282958198,1430,-504467.71704180166
2024-12-03,93420,サービス業,71.4,912.0,1003.2,TP(+10%),2025-01-07,10000000.0,1430,11000000.0,1430,997140.0
2024-12-04,36470,情報･通信業,83.9,120.0,132.0,TP(+10%),2024-12-26,10000000.0,1430,11000000.0,1430,997140.0
2024-12-04,31860,小売業,78.8,1330.0,1463.0,TP(+10%),2025-01-07,10000000.0,1430,11000000.0,1430,997140.0
2024-12-05,67750,電気機器,64.4,138.0,131.1,SL(-5%),2024-12-26,10000000.0,1430,9500000.0,1430,-502860.0
2024-12-06,98760,小売業,70.2,177.0,194.7,TP(+10%),2025-01-07,10000000.0,1430,10999999.999999998,1430,997139.9999999981
2024-12-06,65500,その他,68.8,128.0,140.8,TP(+10%),2024-12-26,10000000.0,1430,11000000.0,1430,997140.0
2024-12-06,73430,保険業,64.8,1250.0,1375.0,TP(+10%),2024-12-30,10000000.0,1430,11000000.0,1430,997140.0
2024-12-06,36550,その他,68.8,1174.0,1291.4,TP(+10%),2025-01-06,10000000.0,1430,11000000.0,1430,997140.0
2024-12-09,73530,サービス業,72.7,630.0,693.0,TP(+10%),2024-12-26,10000000.0,1430,11000000.0,1430,997140.0
2024-12-11,55780,情報･通信業,81.3,1560.0,1716.0,TP(+10%),2024-12-26,10000000.0,1430,11000000.0,1430,997140.0
2024-12-13,67210,電気機器,90.5,80.0,88.0,TP(+10%),2024-12-26,10000000.0,1430,11000000.0,1430,997140.0
2024-12-13,38410,情報･通信業,89.4,1425.0,1353.8,SL(-5%),2024-12-26,10000000.0,1430,9500350.877192982,1430,-502509.12280701846
2024-12-13,41920,情報･通信業,87.8,384.0,422.4,TP(+10%),2024-12-26,10000000.0,1430,10999999.999999998,1430,997139.9999999981
2024-12-13,77770,精密機器,75.3,119.0,130.9,TP(+10%),2024-12-26,10000000.0,1430,11000000.0,1430,997140.0
2024-12-13,67310,電気機器,84.4,56.0,53.2,SL(-5%),2024-12-26,10000000.0,1430,9500000.0,1430,-502860.0
2024-12-13,39610,その他,85.0,900.0,855.0,SL(-5%),2024-12-26,10000000.0,1430,9500000.0,1430,-502860.0
2024-12-13,41670,情報･通信業,72.0,365.0,346.8,SL(-5%),2024-12-26,10000000.0,1430,9501369.8630137,1430,-501490.13698630035
2024-12-13,87830,その他金融業,76.3,391.0,430.1,TP(+10%),2024-12-26,10000000.0,1430,11000000.0,1430,997140.0
2024-12-13,65650,その他,70.1,1389.0,1319.5,SL(-5%),2024-12-26,10000000.0,1430,9499640.028797695,1430,-503219.9712023046
2024-12-13,44460,情報･通信業,67.6,502.0,476.9,SL(-5%),2024-12-26,10000000.0,1430,9500000.0,1430,-502860.0
2024-12-13,70930,サービス業,74.0,522.0,495.9,SL(-5%),2024-12-26,10000000.0,1430,9500000.0,1430,-502860.0
2024-12-13,69660,電気機器,73.1,832.0,915.2,TP(+10%),2025-01-07,10000000.0,1430,11000000.0,1430,997140.0
2024-12-13,45980,医薬品,73.3,630.0,598.5,SL(-5%),2024-12-26,10000000.0,1430,9500000.0,1430,-502860.0
2024-12-13,23300,情報･通信業,81.0,174.0,165.3,SL(-5%),2024-12-26,10000000.0,1430,9500000.0,1430,-502860.0
2024-12-13,52460,情報･通信業,73.2,442.0,419.9,SL(-5%),2024-12-26,10000000.0,1430,9500000.0,1430,-502860.0
2024-12-13,76150,小売業,75.4,81.0,89.1,TP(+10%),2024-12-26,10000000.0,1430,10999999.999999998,1430,997139.9999999981
2024-12-13,40750,情報･通信業,69.1,790.0,750.5,SL(-5%),2024-12-26,10000000.0,1430,9500000.0,1430,-502860.0
2024-12-13,34910,不動産業,65.8,1274.0,1401.4,TP(+10%),2024-12-26,10000000.0,1430,11000000.0,1430,997140.0
2024-12-13,58890,小売業,64.8,2427.0,2305.7,SL(-5%),2024-12-26,10000000.0,1430,9500206.015657188,1430,-502653.98434281163
2024-12-13,70780,サービス業,68.3,515.0,489.2,SL(-5%),2024-12-26,10000000.0,1430,9499029.126213592,1430,-503830.87378640845
2024-12-13,39130,情報･通信業,78.6,611.0,580.4,SL(-5%),2024-12-26,10000000.0,1430,9499181.669394435,1430,-503678.33060556464
2024-12-13,92370,サービス業,63.5,2160.0,2052.0,SL(-5%),2024-12-26,10000000.0,1430,9500000.0,1430,-502860.0
2024-12-13,94250,情報･通信業,71.8,333.0,316.3,SL(-5%),2024-12-26,10000000.0,1430,9498498.4984985,1430,-504361.5015015006
2024-12-13,215A0,サービス業,63.1,1490.0,1415.5,SL(-5%),2024-12-26,10000000.0,1430,9500000.0,1430,-502860.0
2024-12-13,74770,卸売業,63.6,1202.0,1322.2,TP(+10%),2025-01-06,10000000.0,1430,11000000.0,1430,997140.0
2024-12-09,87420,証券･商品先物取引業,69.3,265.0,291.5,TP(+10%),2025-01-08,10000000.0,1430,11000000.0,1430,997140.0
2024-12-13,70730,サービス業,90.1,2313.0,2197.3,SL(-5%),2025-01-08,10000000.0,1430,9499783.830523131,1430,-503076.1694768686
2024-12-13,70950,サービス業,70.1,2800.0,3080.0,TP(+10%),2025-01-08,10000000.0,1430,11000000.0,1430,997140.0
2024-12-26,43810,情報･通信業,97.4,481.0,529.1,TP(+10%),2024-12-27,10000000.0,1430,11000000.0,1430,997140.0
2024-12-26,42880,情報･通信業,82.6,494.0,543.4,TP(+10%),2025-01-06,10000000.0,1430,10999999.999999998,1430,997139.9999999981
2024-12-26,36240,情報･通信業,85.4,140.0,154.0,TP(+10%),2024-12-27,10000000.0,1430,11000000.0,1430,997140.0
2024-12-26,66960,電気機器,80.9,371.0,408.1,TP(+10%),2024-12-27,10000000.0,1430,11000000.0,1430,997140.0
2024-12-26,74450,その他,73.7,179.0,196.9,TP(+10%),2025-01-07,10000000.0,1430,11000000.0,1430,997140.0
2024-12-26,55990,情報･通信業,66.2,876.0,963.6,TP(+10%),2025-01-06,10000000.0,1430,11000000.0,1430,997140.0
2024-12-26,71120,小売業,67.8,478.0,525.8,TP(+10%),2025-01-06,10000000.0,1430,10999999.999999998,1430,997139.9999999981
2024-12-26,93480,サービス業,77.9,675.0,742.5,TP(+10%),2025-01-08,10000000.0,1430,11000000.0,1430,997140.0
2024-12-26,88940,不動産業,74.7,314.0,345.4,TP(+10%),2025-01-06,10000000.0,1430,10999999.999999998,1430,997139.9999999981
2024-12-26,23420,サービス業,63.1,174.0,191.4,TP(+10%),2024-12-27,10000000.0,1430,11000000.0,1430,997140.0
2024-12-26,27780,小売業,62.7,129.0,122.5,SL(-5%),2025-01-06,10000000.0,1430,9496124.031007752,1430,-506735.9689922482
2024-12-26,248A0,情報･通信業,70.7,1399.0,1538.9,TP(+10%),2024-12-30,10000000.0,1430,11000000.0,1430,997140.0
2024-12-26,29980,不動産業,67.2,2959.0,2811.0,SL(-5%),2025-01-06,10000000.0,1430,9499831.023994593,1430,-503028.97600540705
2024-12-26,59670,金属製品,64.7,1007.0,956.6,SL(-5%),2025-01-07,10000000.0,1430,9499503.475670308,1430,-503356.5243296921
2024-12-26,45750,医薬品,67.3,840.0,924.0,TP(+10%),2025-01-07,10000000.0,1430,11000000.0,1430,997140.0
2024-12-26,62280,機械,70.4,1008.0,1108.8,TP(+10%),2025-01-06,10000000.0,1430,10999999.999999998,1430,997139.9999999981
2024-12-26,192A0,サービス業,68.0,3730.0,4103.0,TP(+10%),2024-12-30,10000000.0,1430,11000000.0,1430,997140.0
2024-12-26,67310,電気機器,75.9,48.0,45.6,SL(-5%),2024-12-27,10000000.0,1430,9500000.0,1430,-502860.0
2024-12-26,66200,不動産業,62.8,1890.0,1795.5,SL(-5%),2025-01-06,10000000.0,1430,9500000.0,1430,-502860.0
2024-12-26,17110,建設業,65.0,293.0,322.3,TP(+10%),2024-12-30,10000000.0,1430,11000000.0,1430,997140.0
2024-12-26,76150,小売業,74.5,88.0,96.8,TP(+10%),2024-12-30,10000000.0,1430,10999999.999999998,1430,997139.9999999981
2024-12-11,76030,小売業,72.5,217.0,238.7,TP(+10%),2025-01-09,10000000.0,1430,10999999.999999998,1430,997139.9999999981
2024-12-26,45720,医薬品,70.0,296.0,281.2,SL(-5%),2025-01-09,10000000.0,1430,9500000.0,1430,-502860.0
2024-12-26,42410,化学,71.4,378.0,415.8,TP(+10%),2025-01-09,10000000.0,1430,11000000.0,1430,997140.0
2024-12-26,77430,精密機器,67.7,551.0,523.4,SL(-5%),2025-01-09,10000000.0,1430,9499092.558983667,1430,-503767.4410163332
2024-12-27,70440,サービス業,91.9,250.0,237.5,SL(-5%),2024-12-30,10000000.0,1430,9500000.0,1430,-502860.0
2024-12-27,56180,情報･通信業,95.5,287.0,272.6,SL(-5%),2024-12-30,10000000.0,1430,9498257.839721255,1430,-504602.160278745
2024-12-27,37790,情報･通信業,85.3,156.0,148.2,SL(-5%),2024-12-30,10000000.0,1430,9500000.0,1430,-502860.0
2024-12-27,36240,情報･通信業,85.6,172.0,163.4,SL(-5%),2024-12-30,10000000.0,1430,9500000.0,1430,-502860.0
2024-12-27,73690,サービス業,68.0,1854.0,1761.3,SL(-5%),2025-01-07,10000000.0,1430,9500000.0,1430,-502860.0
2024-12-27,66960,電気機器,80.4,414.0,393.3,SL(-5%),2024-12-30,10000000.0,1430,9500000.0,1430,-502860.0
2024-12-27,62540,機械,80.4,2044.0,2248.4,TP(+10%),2024-12-30,10000000.0,1430,11000000.0,1430,997140.0
2024-12-27,39960,情報･通信業,67.8,460.0,437.0,SL(-5%),2025-01-06,10000000.0,1430,9500000.0,1430,-502860.0
2024-12-27,269A0,情報･通信業,81.8,2579.0,2450.0,SL(-5%),2025-01-06,10000000.0,1430,9499806.126405584,1430,-503053.8735944163
2024-12-27,29620,金属製品,80.9,280.0,266.0,SL(-5%),2024-12-30,10000000.0,1430,9500000.0,1430,-502860.0
2024-12-27,65970,電気機器,66.7,1158.0,1273.8,TP(+10%),2024-12-30,10000000.0,1430,10999999.999999998,1430,997139.9999999981
2024-12-03,76250,小売業,86.2,381.0,361.9,SL(-5%),2025-01-10,10000000.0,1430,9498687.664041994,1430,-504172.33595800586
2024-12-27,52160,ガラス･土石製品,81.8,242.0,229.9,SL(-5%),2025-01-10,10000000.0,1430,9500000.0,1430,-502860.0
2024-12-30,65220,電気機器,91.9,490.0,539.0,TP(+10%),2025-01-06,10000000.0,1430,11000000.0,1430,997140.0
2024-12-30,62640,機械,74.2,1630.0,1548.5,SL(-5%),2025-01-07,10000000.0,1430,9500000.0,1430,-502860.0
2024-12-30,130A0,医薬品,91.7,882.0,837.9,SL(-5%),2025-01-08,10000000.0,1430,9500000.0,1430,-502860.0
2024-12-30,65970,電気機器,82.5,1298.0,1427.8,TP(+10%),2025-01-07,10000000.0,1430,10999999.999999998,1430,997139.9999999981
2024-12-30,62540,機械,77.7,2311.0,2542.1,TP(+10%),2025-01-06,10000000.0,1430,10999999.999999998,1430,997139.9999999981
2024-12-30,192A0,サービス業,78.1,4250.0,4037.5,SL(-5%),2025-01-08,10000000.0,1430,9500000.0,1430,-502860.0
2024-12-30,29620,金属製品,73.3,255.0,280.5,TP(+10%),2025-01-06,10000000.0,1430,11000000.0,1430,997140.0
2024-12-30,17110,建設業,79.4,345.0,379.5,TP(+10%),2025-01-06,10000000.0,1430,11000000.0,1430,997140.0
2024-12-30,38580,情報･通信業,74.0,423.0,465.3,TP(+10%),2025-01-06,10000000.0,1430,11000000.0,1430,997140.0
2024-12-30,52560,情報･通信業,78.3,2805.0,3085.5,TP(+10%),2025-01-06,10000000.0,1430,11000000.0,1430,997140.0
2024-12-30,24370,サービス業,77.8,300.0,285.0,SL(-5%),2025-01-09,10000000.0,1430,9500000.0,1430,-502860.0
2024-12-30,30410,卸売業,74.0,400.0,380.0,SL(-5%),2025-01-09,10000000.0,1430,9500000.0,1430,-502860.0
2024-12-30,36240,情報･通信業,79.1,151.0,166.1,TP(+10%),2025-01-06,10000000.0,1430,10999999.999999998,1430,997139.9999999981
2024-11-08,37730,情報･通信業,65.4,1046.0,1150.6,TP(+10%),2025-01-27,10000000.0,1430,10999999.999999998,1430,997139.9999999981
2024-11-13,89440,不動産業,79.6,201.0,190.9,SL(-5%),2025-01-21,10000000.0,1430,9497512.437810946,1430,-505347.56218905374
2024-12-11,59980,金属製品,62.0,960.0,912.0,SL(-5%),2025-01-21,10000000.0,1430,9500000.0,1430,-502860.0
2024-12-13,50320,情報･通信業,72.9,2654.0,2919.4,TP(+10%),2025-01-22,10000000.0,1430,11000000.0,1430,997140.0
2024-12-13,66190,電気機器,76.3,278.0,264.1,SL(-5%),2025-01-21,10000000.0,1430,9500000.0,1430,-502860.0
2024-12-26,95580,サービス業,70.5,2312.0,2196.4,SL(-5%),2025-01-21,10000000.0,1430,9500000.0,1430,-502860.0
2024-12-26,40600,情報･通信業,66.0,897.0,852.1,SL(-5%),2025-01-22,10000000.0,1430,9499442.586399108,1430,-503417.4136008918
2024-12-26,32240,小売業,68.6,671.0,738.1,TP(+10%),2025-01-21,10000000.0,1430,11000000.0,1430,997140.0
2024-12-26,52550,情報･通信業,72.0,87.0,82.6,SL(-5%),2025-01-21,10000000.0,1430,9494252.873563219,1430,-508607.12643678114
2024-12-27,23420,サービス業,84.0,182.0,172.9,SL(-5%),2025-01-21,10000000.0,1430,9500000.0,1430,-502860.0
2024-12-27,157A0,サービス業,87.4,544.0,598.4,TP(+10%),2025-01-21,10000000.0,1430,10999999.999999998,1430,997139.9999999981
2024-12-27,35560,小売業,75.3,250.0,237.5,SL(-5%),2025-01-23,10000000.0,1430,9500000.0,1430,-502860.0
2024-12-27,23850,サービス業,62.2,117.0,128.7,TP(+10%),2025-01-24,10000000.0,1430,10999999.999999998,1430,997139.9999999981
2024-12-30,30100,サービス業,87.8,184.0,202.4,TP(+10%),2025-01-27,10000000.0,1430,11000000.0,1430,997140.0
2024-12-30,97040,サービス業,65.8,49.0,53.9,TP(+10%),2025-01-27,10000000.0,1430,11000000.0,1430,997140.0
2025-01-06,62280,機械,96.3,1211.0,1150.5,SL(-5%),2025-01-21,10000000.0,1430,9500412.881915772,1430,-502447.11808422767
2025-01-06,38580,情報･通信業,88.2,497.0,472.1,SL(-5%),2025-01-21,10000000.0,1430,9498993.963782698,1430,-503866.0362173021
2025-01-06,34460,金属製品,76.1,1460.0,1387.0,SL(-5%),2025-01-21,10000000.0,1430,9500000.0,1430,-502860.0
2025-01-06,42880,情報･通信業,73.1,583.0,553.9,SL(-5%),2025-01-21,10000000.0,1430,9500857.632933104,1430,-502002.3670668956
2025-01-06,194A0,サービス業,76.8,822.0,780.9,SL(-5%),2025-01-21,10000000.0,1430,9500000.0,1430,-502860.0
2025-01-06,175A0,情報･通信業,75.8,905.0,995.5,TP(+10%),2025-01-21,10000000.0,1430,11000000.0,1430,997140.0
2025-01-06,48830,医薬品,83.2,109.0,103.5,SL(-5%),2025-01-21,10000000.0,1430,9495412.844036696,1430,-507447.1559633035
2025-01-06,47360,情報･通信業,82.4,860.0,817.0,SL(-5%),2025-01-21,10000000.0,1430,9500000.0,1430,-502860.0
2025-01-06,62540,機械,82.5,2811.0,2670.4,SL(-5%),2025-01-21,10000000.0,1430,9499822.127356812,1430,-503037.87264318764
2025-01-06,65220,電気機器,70.3,570.0,541.5,SL(-5%),2025-01-21,10000000.0,1430,9500000.0,1430,-502860.0
2025-01-06,65970,電気機器,69.4,1344.0,1276.8,SL(-5%),2025-01-21,10000000.0,1430,9500000.0,1430,-502860.0
2025-01-06,66200,不動産業,80.3,1626.0,1544.7,SL(-5%),2025-01-21,10000000.0,1430,9500000.0,1430,-502860.0
2025-01-06,36240,情報･通信業,79.0,196.0,215.6,TP(+10%),2025-01-21,10000000.0,1430,11000000.0,1430,997140.0
2025-01-06,63150,機械,74.5,1728.0,1900.8,TP(+10%),2025-01-22,10000000.0,1430,11000000.0,1430,997140.0
2025-01-06,130A0,医薬品,75.8,935.0,888.2,SL(-5%),2025-01-21,10000000.0,1430,9499465.240641711,1430,-503394.7593582887
2025-01-06,93420,サービス業,66.0,940.0,1034.0,TP(+10%),2025-01-21,10000000.0,1430,11000000.0,1430,997140.0
2025-01-06,23510,情報･通信業,64.4,349.0,383.9,TP(+10%),2025-01-21,10000000.0,1430,10999999.999999998,1430,997139.9999999981
2025-01-06,36720,情報･通信業,67.9,68.0,64.6,SL(-5%),2025-01-21,10000000.0,1430,9500000.0,1430,-502860.0
2025-01-06,92500,サービス業,65.4,1590.0,1510.5,SL(-5%),2025-01-21,10000000.0,1430,9500000.0,1430,-502860.0
2025-01-06,43870,情報･通信業,67.5,785.0,745.8,SL(-5%),2025-01-22,10000000.0,1430,9500636.942675158,1430,-502223.0573248416
2025-01-06,17110,建設業,72.0,352.0,334.4,SL(-5%),2025-01-21,10000000.0,1430,9500000.0,1430,-502860.0
2024-12-26,43950,情報･通信業,64.4,691.0,760.1,TP(+10%),2025-01-28,10000000.0,1430,11000000.0,1430,997140.0
2025-01-21,60810,サービス業,96.0,174.0,191.4,TP(+10%),2025-01-28,10000000.0,1430,11000000.0,1430,997140.0
2025-01-21,74260,卸売業,96.4,1461.0,1388.0,SL(-5%),2025-01-22,10000000.0,1430,9500342.231348392,1430,-502517.7686516084
2025-01-21,66340,電気機器,80.8,130.0,143.0,TP(+10%),2025-01-22,10000000.0,1430,11000000.0,1430,997140.0
2025-01-21,49350,化学,89.3,372.40000000000003,353.8,SL(-5%),2025-01-22,10000000.0,1430,9500537.056928033,1430,-502322.943071967
2025-01-21,98120,小売業,73.0,267.0,293.7,TP(+10%),2025-01-24,10000000.0,1430,10999999.999999998,1430,997139.9999999981
2025-01-21,186A0,サービス業,71.7,635.0,698.5,TP(+10%),2025-01-23,10000000.0,1430,11000000.0,1430,997140.0
2025-01-21,245A0,小売業,70.2,1919.0,2110.9,TP(+10%),2025-01-24,10000000.0,1430,11000000.0,1430,997140.0
2025-01-21,52460,情報･通信業,74.0,682.0,647.9,SL(-5%),2025-01-22,10000000.0,1430,9500000.0,1430,-502860.0
2025-01-21,15140,鉱業,76.7,770.0,731.5,SL(-5%),2025-01-24,10000000.0,1430,9500000.0,1430,-502860.0
2025-01-21,195A0,サービス業,66.8,718.0,682.1,SL(-5%),2025-01-23,10000000.0,1430,9500000.0,1430,-502860.0
2025-01-21,25860,食料品,80.4,146.0,160.6,TP(+10%),2025-01-22,10000000.0,1430,10999999.999999998,1430,997139.9999999981
2025-01-21,244A0,情報･通信業,75.1,2331.0,2214.4,SL(-5%),2025-01-22,10000000.0,1430,9499785.4997855,1430,-503074.50021450035
2025-01-21,93370,サービス業,69.1,2207.0,2096.7,SL(-5%),2025-01-23,10000000.0,1430,9500226.55188038,1430,-502633.44811961986
2025-01-21,36860,情報･通信業,64.6,129.0,141.9,TP(+10%),2025-01-24,10000000.0,1430,11000000.0,1430,997140.0
2025-01-21,33500,卸売業,71.2,423.5,402.3,SL(-5%),2025-01-22,10000000.0,1430,9499409.681227865,1430,-503450.3187721353
2025-01-21,277A0,サービス業,72.4,1938.0,2131.8,TP(+10%),2025-01-24,10000000.0,1430,11000000.0,1430,997140.0
2025-01-21,44990,情報･通信業,75.5,3700.0,4070.0,TP(+10%),2025-01-22,10000000.0,1430,11000000.0,1430,997140.0
2025-01-21,157A0,サービス業,69.1,684.0,649.8,SL(-5%),2025-01-23,10000000.0,1430,9500000.0,1430,-502860.0
2025-01-21,66560,電気機器,66.3,705.0,775.5,TP(+10%),2025-01-23,10000000.0,1430,11000000.0,1430,997140.0
2025-01-21,23150,情報･通信業,64.2,51.0,56.1,TP(+10%),2025-01-24,10000000.0,1430,11000000.0,1430,997140.0
2024-12-27,81430,繊維製品,81.5,206.0,226.6,TP(+10%),2025-01-29,10000000.0,1430,11000000.0,1430,997140.0
2025-01-21,72730,輸送用機器,86.3,354.0,389.4,TP(+10%),2025-01-29,10000000.0,1430,10999999.999999998,1430,997139.9999999981
2025-01-21,41680,情報･通信業,62.8,817.0,898.7,TP(+10%),2025-01-29,10000000.0,1430,11000000.0,1430,997140.0
2025-01-22,78150,その他製品,90.2,677.0,643.1,SL(-5%),2025-01-23,10000000.0,1430,9499261.447562777,1430,-503598.5524372235
2025-01-22,35610,小売業,85.1,1061.0,1167.1,TP(+10%),2025-01-23,10000000.0,1430,10999999.999999998,1430,997139.9999999981
2025-01-22,23230,情報･通信業,76.4,176.66666666666666,167.8,SL(-5%),2025-01-23,10000000.0,1430,9498113.207547171,1430,-504746.79245282896
2025-01-22,94250,情報･通信業,79.5,409.0,449.9,TP(+10%),2025-01-23,10000000.0,1430,10999999.999999998,1430,997139.9999999981
2025-01-22,186A0,サービス業,71.2,674.0,640.3,SL(-5%),2025-01-24,10000000.0,1430,9500000.0,1430,-502860.0
2025-01-22,58030,非鉄金属,83.9,1157.1666666666665,1099.3,SL(-5%),2025-01-27,10000000.0,1430,9499927.985020885,1430,-502932.01497911476
2025-01-22,74260,卸売業,78.3,1369.0,1300.5,SL(-5%),2025-01-23,10000000.0,1430,9499634.76990504,1430,-503225.23009495996
2025-01-22,25860,食料品,79.9,170.0,161.5,SL(-5%),2025-01-23,10000000.0,1430,9500000.0,1430,-502860.0
2025-01-22,244A0,情報･通信業,82.3,1923.0,1826.8,SL(-5%),2025-01-27,10000000.0,1430,9499739.989599584,1430,-503120.01040041633
2025-01-22,58010,非鉄金属,74.1,791.5,751.9,SL(-5%),2025-01-27,10000000.0,1430,9499684.144030321,1430,-503175.8559696786
2025-01-22,23300,情報･通信業,79.7,186.0,176.7,SL(-5%),2025-01-23,10000000.0,1430,9500000.0,1430,-502860.0
2025-01-22,55950,その他,76.4,940.0,893.0,SL(-5%),2025-01-23,10000000.0,1430,9500000.0,1430,-502860.0
2025-01-22,36720,情報･通信業,68.2,53.0,50.3,SL(-5%),2025-01-23,10000000.0,1430,9490566.037735848,1430,-512293.96226415224
2024-11-07,75240,小売業,77.8,199.0,189.0,SL(-5%),2025-01-30,10000000.0,1430,9497487.43718593,1430,-505372.5628140699
2025-01-23,42400,化学,90.1,244.0,268.4,TP(+10%),2025-01-27,10000000.0,1430,10999999.999999998,1430,997139.9999999981
2025-01-23,23750,サービス業,95.1,303.0,333.3,TP(+10%),2025-01-24,10000000.0,1430,11000000.0,1430,997140.0
2025-01-23,48910,医薬品,80.8,233.0,256.3,TP(+10%),2025-01-24,10000000.0,1430,11000000.0,1430,997140.0
2025-01-23,68320,電気機器,72.3,2237.0,2125.2,SL(-5%),2025-01-24,10000000.0,1430,9500223.51363433,1430,-502636.48636567034
2025-01-23,45880,医薬品,71.3,550.0,605.0,TP(+10%),2025-01-28,10000000.0,1430,11000000.0,1430,997140.0
2025-01-23,79970,その他製品,81.6,804.0,763.8,SL(-5%),2025-01-30,10000000.0,1430,9500000.0,1430,-502860.0
2025-01-23,40590,情報･通信業,68.2,613.0,582.4,SL(-5%),2025-01-27,10000000.0,1430,9500815.660685154,1430,-502044.3393148463
2025-01-23,43890,情報･通信業,67.8,780.0,741.0,SL(-5%),2025-01-28,10000000.0,1430,9500000.0,1430,-502860.0
2025-01-23,49350,化学,85.9,405.0,384.8,SL(-5%),2025-01-27,10000000.0,1430,9501234.567901235,1430,-501625.4320987649
2025-01-23,39610,その他,68.6,877.0,833.1,SL(-5%),2025-01-27,10000000.0,1430,9499429.874572406,1430,-503430.1254275944
2025-01-23,63150,機械,71.2,2121.0,2014.9,SL(-5%),2025-01-27,10000000.0,1430,9499764.2621405,1430,-503095.7378595006
2025-01-23,66560,電気機器,72.4,787.0,865.7,TP(+10%),2025-01-24,10000000.0,1430,11000000.0,1430,997140.0
2025-01-23,25860,食料品,71.5,156.0,171.6,TP(+10%),2025-01-24,10000000.0,1430,10999999.999999998,1430,997139.9999999981
2025-01-23,39760,情報･通信業,63.7,426.0,468.6,TP(+10%),2025-01-28,10000000.0,1430,11000000.0,1430,997140.0
2025-01-23,72730,輸送用機器,73.4,357.5,339.6,SL(-5%),2025-01-30,10000000.0,1430,9499300.6993007,1430,-503559.3006992992
2024-12-26,70430,サービス業,70.5,580.0,638.0,TP(+10%),2025-01-31,10000000.0,1430,11000000.0,1430,997140.0
2024-12-27,43810,情報･通信業,84.5,466.0,512.6,TP(+10%),2025-01-31,10000000.0,1430,11000000.0,1430,997140.0
2025-01-21,37470,情報･通信業,63.7,316.0,300.2,SL(-5%),2025-01-31,10000000.0,1430,9500000.0,1430,-502860.0
2025-01-21,27640,小売業,69.0,153.0,168.3,TP(+10%),2025-01-31,10000000.0,1430,11000000.0,1430,997140.0
2025-01-24,58580,非鉄金属,82.7,1481.0,1629.1,TP(+10%),2025-01-29,10000000.0,1430,10999999.999999998,1430,997139.9999999981
2025-01-24,23750,サービス業,87.3,383.0,421.3,TP(+10%),2025-01-27,10000000.0,1430,11000000.0,1430,997140.0
2025-01-24,41690,情報･通信業,90.1,503.0,477.8,SL(-5%),2025-01-28,10000000.0,1430,9499005.964214712,1430,-503854.0357852876
2025-01-24,70690,サービス業,80.8,404.5,445.0,TP(+10%),2025-01-27,10000000.0,1430,11001236.093943141,1430,998376.0939431414
2025-01-24,97220,サービス業,79.2,1860.0,2046.0,TP(+10%),2025-01-30,10000000.0,1430,11000000.0,1430,997140.0
2025-01-24,45880,医薬品,65.9,542.0,596.2,TP(+10%),2025-01-27,10000000.0,1430,11000000.0,1430,997140.0
2025-01-24,48920,医薬品,68.9,485.0,460.8,SL(-5%),2025-01-27,10000000.0,1430,9501030.927835051,1430,-501829.07216494903
2025-01-24,91660,サービス業,70.0,1385.5,1524.1,TP(+10%),2025-01-29,10000000.0,1430,11000360.880548539,1430,997500.8805485386
2025-01-24,277A0,サービス業,75.6,2074.0,1970.3,SL(-5%),2025-01-31,10000000.0,1430,9500000.0,1430,-502860.0
2025-01-24,175A0,情報･通信業,78.7,1003.0,1103.3,TP(+10%),2025-01-27,10000000.0,1430,10999999.999999998,1430,997139.9999999981
2025-01-24,17730,建設業,71.6,78.0,74.1,SL(-5%),2025-01-27,10000000.0,1430,9500000.0,1430,-502860.0
2025-01-24,23070,情報･通信業,67.9,1134.0,1077.3,SL(-5%),2025-01-31,10000000.0,1430,9500000.0,1430,-502860.0
2025-01-24,247A0,化学,74.2,683.0,648.9,SL(-5%),2025-01-27,10000000.0,1430,9500732.064421669,1430,-502127.93557833135
2025-01-24,74260,卸売業,76.5,1298.0,1233.1,SL(-5%),2025-01-28,10000000.0,1430,9500000.0,1430,-502860.0
2025-01-24,33500,卸売業,74.2,435.5,413.7,SL(-5%),2025-01-27,10000000.0,1430,9499425.94718714,1430,-503434.0528128594
2025-01-24,58850,卸売業,67.2,2417.0,2296.2,SL(-5%),2025-01-27,10000000.0,1430,9500206.868018204,1430,-502653.13198179565
2024-12-05,60360,サービス業,64.4,4560.0,4332.0,SL(-5%),2025-02-03,10000000.0,1430,9500000.0,1430,-502860.0
2025-01-21,67750,電気機器,82.7,132.0,125.4,SL(-5%),2025-02-03,10000000.0,1430,9500000.0,1430,-502860.0
2025-01-22,50260,情報･通信業,63.4,1202.0,1141.9,SL(-5%),2025-02-03,10000000.0,1430,9500000.0,1430,-502860.0
2025-01-22,69610,電気機器,67.6,5240.0,4978.0,SL(-5%),2025-02-03,10000000.0,1430,9500000.0,1430,-502860.0
2025-01-27,50280,情報･通信業,93.5,404.0,444.4,TP(+10%),2025-01-28,10000000.0,1430,10999999.999999998,1430,997139.9999999981
2025-01-27,56180,情報･通信業,97.5,358.0,393.8,TP(+10%),2025-01-28,10000000.0,1430,11000000.0,1430,997140.0
2025-01-27,77760,精密機器,90.5,410.0,389.5,SL(-5%),2025-01-29,10000000.0,1430,9500000.0,1430,-502860.0
2025-01-27,25530,その他,79.1,1752.0,1927.2,TP(+10%),2025-01-28,10000000.0,1430,11000000.0,1430,997140.0
2025-01-27,23750,サービス業,70.4,423.0,401.8,SL(-5%),2025-01-28,10000000.0,1430,9498817.966903074,1430,-504042.0330969263
2025-01-27,31100,ガラス･土石製品,85.5,1156.0,1098.2,SL(-5%),2025-01-28,10000000.0,1430,9500000.0,1430,-502860.0
2025-01-27,26290,その他,82.7,3160.0,3476.0,TP(+10%),2025-01-28,10000000.0,1430,11000000.0,1430,997140.0
2025-01-27,17730,建設業,72.0,72.0,68.4,SL(-5%),2025-01-28,10000000.0,1430,9500000.0,1430,-502860.0
2025-01-27,65650,その他,62.9,1558.0,1713.8,TP(+10%),2025-01-28,10000000.0,1430,10999999.999999998,1430,997139.9999999981
2025-01-27,45970,医薬品,78.0,39.0,37.0,SL(-5%),2025-01-28,10000000.0,1430,9487179.487179486,1430,-515680.5128205139
2025-01-27,58010,非鉄金属,76.8,710.8000000000001,675.3,SL(-5%),2025-01-28,10000000.0,1430,9500562.746201461,1430,-502297.2537985388
2025-01-27,99840,情報･通信業,70.8,2420.25,2299.2,SL(-5%),2025-01-28,10000000.0,1430,9499845.057328787,1430,-503014.9426712133
2025-01-27,78590,その他製品,71.2,300.0,285.0,SL(-5%),2025-02-03,10000000.0,1430,9500000.0,1430,-502860.0
2025-01-27,25860,食料品,69.1,171.0,188.1,TP(+10%),2025-01-29,10000000.0,1430,10999999.999999998,1430,997139.9999999981
2024-12-26,39080,情報･通信業,80.8,315.0,346.5,TP(+10%),2025-02-04,10000000.0,1430,11000000.0,1430,997140.0
2025-01-22,52400,情報･通信業,76.5,357.0,339.1,SL(-5%),2025-02-04,10000000.0,1430,9498599.43977591,1430,-504260.5602240898
2025-01-28,56180,情報･通信業,97.4,360.0,342.0,SL(-5%),2025-01-29,10000000.0,1430,9500000.0,1430,-502860.0
2025-01-28,76890,卸売業,94.4,623.0,685.3,TP(+10%),2025-01-29,10000000.0,1430,10999999.999999998,1430,997139.9999999981
2025-01-28,50280,情報･通信業,93.5,403.0,382.8,SL(-5%),2025-01-29,10000000.0,1430,9498759.305210918,1430,-504100.6947890818
2025-01-28,17980,建設業,99.0,802.0,761.9,SL(-5%),2025-01-29,10000000.0,1430,9500000.0,1430,-502860.0
2025-01-28,25530,その他,99.0,2152.0,2367.2,TP(+10%),2025-01-29,10000000.0,1430,10999999.999999998,1430,997139.9999999981
2025-01-28,26290,その他,95.2,3860.0,4246.0,TP(+10%),2025-01-29,10000000.0,1430,11000000.0,1430,997140.0
2025-01-28,25300,その他,97.2,16670.0,18337.0,TP(+10%),2025-01-29,10000000.0,1430,11000000.0,1430,997140.0
2025-01-28,26280,その他,91.3,2430.0,2673.0,TP(+10%),2025-01-29,10000000.0,1430,11000000.0,1430,997140.0
2025-01-28,61860,サービス業,76.4,418.0,397.1,SL(-5%),2025-01-30,10000000.0,1430,9500000.0,1430,-502860.0
2025-01-28,73660,サービス業,71.6,1024.0,1126.4,TP(+10%),2025-01-31,10000000.0,1430,11000000.0,1430,997140.0
2025-01-28,52460,情報･通信業,80.3,760.0,722.0,SL(-5%),2025-01-29,10000000.0,1430,9500000.0,1430,-502860.0
2025-01-28,147A0,情報･通信業,75.1,1246.0,1183.7,SL(-5%),2025-01-31,10000000.0,1430,9500000.0,1430,-502860.0
2025-01-28,46850,情報･通信業,64.3,3090.0,2935.5,SL(-5%),2025-01-29,10000000.0,1430,9500000.0,1430,-502860.0
2025-01-28,41690,情報･通信業,68.9,454.0,431.3,SL(-5%),2025-01-31,10000000.0,1430,9500000.0,1430,-502860.0
2025-01-28,40520,情報･通信業,66.0,461.0,507.1,TP(+10%),2025-01-29,10000000.0,1430,11000000.0,1430,997140.0
2025-01-28,39930,情報･通信業,68.7,3615.0,3976.5,TP(+10%),2025-01-29,10000000.0,1430,11000000.0,1430,997140.0
2025-01-28,52160,ガラス･土石製品,74.9,258.0,283.8,TP(+10%),2025-01-30,10000000.0,1430,11000000.0,1430,997140.0
2025-01-28,55740,情報･通信業,80.6,2287.0,2515.7,TP(+10%),2025-01-29,10000000.0,1430,10999999.999999998,1430,997139.9999999981
2025-01-28,45880,医薬品,66.5,591.0,561.4,SL(-5%),2025-02-03,10000000.0,1430,9499153.976311337,1430,-503706.0236886628
2024-12-27,77710,精密機器,61.6,70.0,77.0,TP(+10%),2025-02-05,10000000.0,1430,11000000.0,1430,997140.0
2025-01-06,48930,医薬品,69.7,182.0,200.2,TP(+10%),2025-02-05,10000000.0,1430,10999999.999999998,1430,997139.9999999981
2025-01-24,98120,小売業,81.9,267.0,253.6,SL(-5%),2025-02-05,10000000.0,1430,9498127.340823969,1430,-504732.6591760311
2025-01-28,43880,情報･通信業,65.2,523.0,496.8,SL(-5%),2025-02-05,10000000.0,1430,9499043.977055449,1430,-503816.02294455096
2025-01-29,76890,卸売業,88.4,631.0,599.4,SL(-5%),2025-01-30,10000000.0,1430,9499207.606973058,1430,-503652.3930269424
2025-01-29,62760,電気機器,95.2,338.0,321.1,SL(-5%),2025-01-31,10000000.0,1430,9500000.0,1430,-502860.0
2025-01-29,79010,その他製品,97.1,936.0,889.2,SL(-5%),2025-01-30,10000000.0,1430,9500000.0,1430,-502860.0
2025-01-29,25300,その他,98.6,15665.0,14881.8,SL(-5%),2025-01-30,10000000.0,1430,9500031.918289179,1430,-502828.081710821
2025-01-29,26290,その他,95.0,4420.0,4199.0,SL(-5%),2025-01-30,10000000.0,1430,9500000.0,1430,-502860.0
2025-01-29,25530,その他,97.3,2849.0,2706.5,SL(-5%),2025-01-30,10000000.0,1430,9499824.4998245,1430,-503035.5001755003
2025-01-29,76940,小売業,88.6,453.0,430.3,SL(-5%),2025-01-30,10000000.0,1430,9498896.247240618,1430,-503963.7527593821
2025-01-29,26280,その他,92.8,2308.0,2192.6,SL(-5%),2025-01-30,10000000.0,1430,9500000.0,1430,-502860.0
2025-01-29,40520,情報･通信業,75.5,493.0,468.3,SL(-5%),2025-01-30,10000000.0,1430,9498985.80121704,1430,-503874.19878295995
2025-01-29,39930,情報･通信業,75.6,3920.0,3724.0,SL(-5%),2025-01-30,10000000.0,1430,9500000.0,1430,-502860.0
2025-01-29,56120,鉄鋼,70.4,1122.0,1234.2,TP(+10%),2025-01-30,10000000.0,1430,11000000.0,1430,997140.0
2025-01-29,54820,鉄鋼,78.0,1560.0,1716.0,TP(+10%),2025-01-31,10000000.0,1430,11000000.0,1430,997140.0
2025-01-29,50280,情報･通信業,83.1,370.0,351.5,SL(-5%),2025-01-31,10000000.0,1430,9500000.0,1430,-502860.0
2025-01-29,42410,化学,75.6,425.0,467.5,TP(+10%),2025-01-30,10000000.0,1430,11000000.0,1430,997140.0
2025-01-29,60270,サービス業,71.3,2541.0,2795.1,TP(+10%),2025-01-30,10000000.0,1430,10999999.999999998,1430,997139.9999999981
2025-01-29,41680,情報･通信業,65.6,861.0,817.9,SL(-5%),2025-02-03,10000000.0,1430,9499419.279907085,1430,-503440.720092915
2025-01-29,30410,卸売業,78.8,384.0,422.4,TP(+10%),2025-01-30,10000000.0,1430,10999999.999999998,1430,997139.9999999981
2025-01-29,43820,情報･通信業,67.5,1025.0,973.8,SL(-5%),2025-01-31,10000000.0,1430,9500487.804878049,1430,-502372.1951219514
2025-01-29,58580,非鉄金属,71.3,1662.5,1579.4,SL(-5%),2025-01-30,10000000.0,1430,9500150.37593985,1430,-502709.62406015024
2025-01-29,41760,情報･通信業,64.1,357.0,339.1,SL(-5%),2025-01-30,10000000.0,1430,9498599.43977591,1430,-504260.5602240898
2025-01-29,269A0,情報･通信業,74.4,4090.0,3885.5,SL(-5%),2025-01-31,10000000.0,1430,9500000.0,1430,-502860.0
2025-01-29,55350,不動産業,82.3,901.25,991.4,TP(+10%),2025-01-30,10000000.0,1430,11000277.392510403,1430,997417.392510403
2025-01-29,56180,情報･通信業,73.5,335.0,318.2,SL(-5%),2025-01-30,10000000.0,1430,9498507.462686567,1430,-504352.53731343336
2025-01-29,45760,医薬品,71.2,124.0,117.8,SL(-5%),2025-01-30,10000000.0,1430,9500000.0,1430,-502860.0
2025-01-21,67690,電気機器,75.2,948.0,900.6,SL(-5%),2025-02-06,10000000.0,1430,9500000.0,1430,-502860.0
2025-01-30,36480,情報･通信業,76.1,962.0,913.9,SL(-5%),2025-01-31,10000000.0,1430,9500000.0,1430,-502860.0
2025-01-30,55740,情報･通信業,89.2,2906.0,2760.7,SL(-5%),2025-01-31,10000000.0,1430,9500000.0,1430,-502860.0
2025-01-30,56120,鉄鋼,78.9,1180.0,1298.0,TP(+10%),2025-02-03,10000000.0,1430,11000000.0,1430,997140.0
2025-01-30,92350,サービス業,91.7,717.5,681.6,SL(-5%),2025-02-05,10000000.0,1430,9499651.567944251,1430,-503208.432055749
2025-01-30,218A0,精密機器,88.7,492.0,467.4,SL(-5%),2025-01-31,10000000.0,1430,9500000.0,1430,-502860.0
2025-01-30,55970,情報･通信業,89.9,637.0,700.7,TP(+10%),2025-01-31,10000000.0,1430,11000000.0,1430,997140.0
2025-01-30,73570,サービス業,79.3,678.0,644.1,SL(-5%),2025-01-31,10000000.0,1430,9500000.0,1430,-502860.0
2025-01-30,66120,電気機器,86.8,973.0,924.3,SL(-5%),2025-01-31,10000000.0,1430,9499486.125385405,1430,-503373.8746145945
2025-01-30,40750,情報･通信業,81.2,802.0,761.9,SL(-5%),2025-01-31,10000000.0,1430,9500000.0,1430,-502860.0
2025-01-30,42410,化学,90.8,451.0,496.1,TP(+10%),2025-01-31,10000000.0,1430,11000000.0,1430,997140.0
2025-01-30,19720,建設業,93.6,1020.0,1122.0,TP(+10%),2025-01-31,10000000.0,1430,11000000.0,1430,997140.0
2025-01-30,17230,建設業,78.7,967.5,919.1,SL(-5%),2025-02-04,10000000.0,1430,9499741.602067184,1430,-503118.3979328163
2025-01-30,91590,サービス業,74.6,2040.0,1938.0,SL(-5%),2025-02-03,10000000.0,1430,9500000.0,1430,-502860.0
2025-01-30,73750,サービス業,81.3,732.0,805.2,TP(+10%),2025-02-06,10000000.0,1430,11000000.0,1430,997140.0
2025-01-30,52160,ガラス･土石製品,81.9,275.0,261.2,SL(-5%),2025-02-03,10000000.0,1430,9498181.818181818,1430,-504678.18181818165
2025-01-30,60830,サービス業,73.9,742.0,816.2,TP(+10%),2025-02-05,10000000.0,1430,11000000.0,1430,997140.0
2025-01-30,47610,情報･通信業,74.8,1167.0,1108.6,SL(-5%),2025-01-31,10000000.0,1430,9499571.550985431,1430,-503288.4490145687
2025-01-30,98890,情報･通信業,79.7,1172.5,1289.8,TP(+10%),2025-02-05,10000000.0,1430,11000426.439232409,1430,997566.439232409
2025-01-30,76890,卸売業,82.2,560.0,616.0,TP(+10%),2025-01-31,10000000.0,1430,11000000.0,1430,997140.0
2025-01-30,54820,鉄鋼,73.5,1657.5,1574.6,SL(-5%),2025-01-31,10000000.0,1430,9499849.170437405,1430,-503010.8295625951
2025-01-30,66590,電気機器,82.5,82.0,77.9,SL(-5%),2025-01-31,10000000.0,1430,9500000.0,1430,-502860.0
2025-01-30,60270,サービス業,77.8,2820.0,2679.0,SL(-5%),2025-02-03,10000000.0,1430,9500000.0,1430,-502860.0
2025-01-30,71610,銀行業,71.0,327.0,359.7,TP(+10%),2025-02-04,10000000.0,1430,10999999.999999998,1430,997139.9999999981
2025-01-30,265A0,情報･通信業,65.0,1007.0,956.6,SL(-5%),2025-02-03,10000000.0,1430,9499503.475670308,1430,-503356.5243296921
2025-01-30,41650,情報･通信業,64.7,849.0,806.5,SL(-5%),2025-02-03,10000000.0,1430,9499411.071849234,1430,-503448.9281507656
2025-01-30,55350,不動産業,74.4,947.5,1042.2,TP(+10%),2025-01-31,10000000.0,1430,10999472.295514513,1430,996612.2955145128
2025-01-30,25860,食料品,66.7,195.0,185.2,SL(-5%),2025-02-03,10000000.0,1430,9497435.897435896,1430,-505424.1025641039
2025-01-30,44390,情報･通信業,66.0,1043.0,1147.3,TP(+10%),2025-02-04,10000000.0,1430,10999999.999999998,1430,997139.9999999981
2025-01-30,40520,情報･通信業,65.7,490.0,465.5,SL(-5%),2025-01-31,10000000.0,1430,9500000.0,1430,-502860.0
2025-01-30,76940,小売業,63.4,460.0,437.0,SL(-5%),2025-01-31,10000000.0,1430,9500000.0,1430,-502860.0
2024-11-11,78490,情報･通信業,77.1,2880.0,3168.0,TP(+10%),2025-02-10,10000000.0,1430,11000000.0,1430,997140.0
2024-11-12,78190,その他製品,68.5,518.0,569.8,TP(+10%),2025-02-12,10000000.0,1430,10999999.999999998,1430,997139.9999999981
2024-12-09,60990,サービス業,73.0,747.0,821.7,TP(+10%),2025-02-12,10000000.0,1430,11000000.0,1430,997140.0
2024-12-13,55960,その他,70.2,1005.0,1105.5,TP(+10%),2025-02-13,10000000.0,1430,11000000.0,1430,997140.0
2024-12-13,50340,情報･通信業,62.1,1940.0,2134.0,TP(+10%),2025-02-12,10000000.0,1430,11000000.0,1430,997140.0
2024-12-27,39360,情報･通信業,68.6,108.0,118.8,TP(+10%),2025-02-12,10000000.0,1430,11000000.0,1430,997140.0
2025-01-06,92040,空運業,71.4,602.0,571.9,SL(-5%),2025-02-12,10000000.0,1430,9500000.0,1430,-502860.0
2025-01-21,66200,不動産業,72.7,1181.0,1299.1,TP(+10%),2025-02-07,10000000.0,1430,10999999.999999998,1430,997139.9999999981
2025-01-23,212A0,サービス業,65.4,1436.0,1579.6,TP(+10%),2025-02-12,10000000.0,1430,10999999.999999998,1430,997139.9999999981
2025-01-24,89140,不動産業,69.0,1165.0,1106.8,SL(-5%),2025-02-07,10000000.0,1430,9500429.184549356,1430,-502430.8154506441
2025-01-24,91710,海運業,64.4,942.0,1036.2,TP(+10%),2025-02-07,10000000.0,1430,11000000.0,1430,997140.0
2025-01-24,44880,情報･通信業,68.0,3335.0,3668.5,TP(+10%),2025-02-10,10000000.0,1430,11000000.0,1430,997140.0
2025-01-27,70690,サービス業,86.4,421.0,399.9,SL(-5%),2025-02-13,10000000.0,1430,9498812.351543942,1430,-504047.64845605753
2025-01-28,36280,情報･通信業,77.7,510.0,561.0,TP(+10%),2025-02-07,10000000.0,1430,11000000.0,1430,997140.0
2025-01-28,68340,電気機器,70.2,971.0,1068.1,TP(+10%),2025-02-12,10000000.0,1430,10999999.999999998,1430,997139.9999999981
2025-01-29,48130,情報･通信業,72.5,1125.0,1068.8,SL(-5%),2025-02-07,10000000.0,1430,9500444.444444444,1430,-502415.55555555597
2025-01-29,93370,サービス業,63.8,2329.0,2561.9,TP(+10%),2025-02-12,10000000.0,1430,11000000.0,1430,997140.0
2025-01-29,58030,非鉄金属,70.2,1003.3333333333333,1103.7,TP(+10%),2025-02-10,10000000.0,1430,11000332.225913623,1430,997472.2259136233
2025-01-30,52620,ガラス･土石製品,76.8,756.0,831.6,TP(+10%),2025-02-10,10000000.0,1430,11000000.0,1430,997140.0
2025-01-30,74190,小売業,82.6,808.6666666666666,768.2,SL(-5%),2025-02-07,10000000.0,1430,9499587.798845837,1430,-503272.2011541631
2025-01-30,53370,ガラス･土石製品,84.6,300.0,285.0,SL(-5%),2025-02-12,10000000.0,1430,9500000.0,1430,-502860.0
2025-01-30,94250,情報･通信業,75.8,393.0,432.3,TP(+10%),2025-02-13,10000000.0,1430,11000000.0,1430,997140.0
2025-01-31,52420,情報･通信業,90.6,1771.0,1682.4,SL(-5%),2025-02-06,10000000.0,1430,9499717.673630718,1430,-503142.32636928186
2025-01-31,76890,卸売業,93.9,660.0,627.0,SL(-5%),2025-02-06,10000000.0,1430,9500000.0,1430,-502860.0
2025-01-31,55970,情報･通信業,94.3,638.0,701.8,TP(+10%),2025-02-06,10000000.0,1430,10999999.999999998,1430,997139.9999999981
2025-01-31,54490,鉄鋼,90.7,2350.0,2585.0,TP(+10%),2025-02-06,10000000.0,1430,11000000.0,1430,997140.0
2025-01-31,218A0,精密機器,82.4,471.0,447.4,SL(-5%),2025-02-06,10000000.0,1430,9498938.428874733,1430,-503921.5711252671
2025-01-31,44170,情報･通信業,84.1,2365.0,2601.5,TP(+10%),2025-02-06,10000000.0,1430,11000000.0,1430,997140.0
2025-01-31,43730,情報･通信業,81.7,727.75,691.4,SL(-5%),2025-02-06,10000000.0,1430,9500515.28684301,1430,-502344.7131569907
2025-01-31,31040,繊維製品,74.4,1726.6666666666665,1640.3,SL(-5%),2025-02-10,10000000.0,1430,9499806.949806951,1430,-503053.050193049
2025-01-31,62320,機械,70.1,893.0,848.3,SL(-5%),2025-02-06,10000000.0,1430,9499440.089585666,1430,-503419.9104143344
2025-01-31,42410,化学,76.0,454.0,431.3,SL(-5%),2025-02-06,10000000.0,1430,9500000.0,1430,-502860.0
2025-01-31,25530,その他,89.2,1713.5,1627.8,SL(-5%),2025-02-06,10000000.0,1430,9499854.09979574,1430,-503005.9002042599
2025-01-31,50740,建設業,68.8,270.0,297.0,TP(+10%),2025-02-06,10000000.0,1430,11000000.0,1430,997140.0
2025-01-31,66120,電気機器,66.6,972.0,923.4,SL(-5%),2025-02-06,10000000.0,1430,9500000.0,1430,-502860.0
2025-01-31,55740,情報･通信業,72.8,2600.0,2860.0,TP(+10%),2025-02-06,10000000.0,1430,11000000.0,1430,997140.0
2025-01-31,92350,サービス業,73.2,749.5,712.0,SL(-5%),2025-02-06,10000000.0,1430,9499666.444296198,1430,-503193.55570380203
2025-01-31,18660,建設業,75.1,1106.25,1050.9,SL(-5%),2025-02-13,10000000.0,1430,9499661.016949154,1430,-503198.98305084556
2025-01-31,99780,小売業,79.9,49.0,53.9,TP(+10%),2025-02-06,10000000.0,1430,11000000.0,1430,997140.0
2025-01-31,46850,情報･通信業,64.6,2910.0,3201.0,TP(+10%),2025-02-06,10000000.0,1430,11000000.0,1430,997140.0
2025-01-31,55350,不動産業,80.0,1036.25,1139.9,TP(+10%),2025-02-06,10000000.0,1430,11000241.254523523,1430,997381.2545235232
2025-01-31,68360,電気機器,70.5,976.0,927.2,SL(-5%),2025-02-06,10000000.0,1430,9500000.0,1430,-502860.0
2025-01-31,29620,金属製品,76.3,464.0,440.8,SL(-5%),2025-02-06,10000000.0,1430,9500000.0,1430,-502860.0
2025-01-31,52160,ガラス･土石製品,67.3,267.0,253.6,SL(-5%),2025-02-06,10000000.0,1430,9498127.340823969,1430,-504732.6591760311
2025-01-31,219A0,医薬品,76.1,1808.0,1717.6,SL(-5%),2025-02-06,10000000.0,1430,9500000.0,1430,-502860.0
2025-01-31,44990,情報･通信業,72.1,3070.0,2916.5,SL(-5%),2025-02-07,10000000.0,1430,9500000.0,1430,-502860.0
2025-01-27,21340,サービス業,67.6,19.0,20.9,TP(+10%),2025-02-14,10000000.0,1430,10999999.999999998,1430,997139.9999999981
2025-01-28,17730,建設業,70.9,65.0,71.5,TP(+10%),2025-02-14,10000000.0,1430,11000000.0,1430,997140.0
2025-01-28,36940,情報･通信業,61.9,778.0,739.1,SL(-5%),2025-02-14,10000000.0,1430,9500000.0,1430,-502860.0
2025-01-30,37700,その他,74.7,314.0,345.4,TP(+10%),2025-02-14,10000000.0,1430,10999999.999999998,1430,997139.9999999981
2025-01-30,60440,サービス業,73.5,951.0,1046.1,TP(+10%),2025-02-14,10000000.0,1430,10999999.999999998,1430,997139.9999999981
2025-01-30,21830,サービス業,70.8,323.0,355.3,TP(+10%),2025-02-14,10000000.0,1430,11000000.0,1430,997140.0
2025-01-30,59980,金属製品,69.2,882.0,837.9,SL(-5%),2025-02-14,10000000.0,1430,9500000.0,1430,-502860.0
2025-02-06,70730,サービス業,92.7,2211.0,2100.4,SL(-5%),2025-02-07,10000000.0,1430,9499773.857982814,1430,-503086.1420171857
2025-02-06,47720,情報･通信業,88.6,137.0,130.2,SL(-5%),2025-02-07,10000000.0,1430,9503649.635036495,1430,-499210.3649635054
2025-02-06,40200,情報･通信業,89.3,788.0,748.6,SL(-5%),2025-02-07,10000000.0,1430,9500000.0,1430,-502860.0
2025-02-06,91640,その他,71.4,467.0,443.6,SL(-5%),2025-02-14,10000000.0,1430,9498929.336188437,1430,-503930.6638115626
2025-02-06,59400,金属製品,71.5,631.0,694.1,TP(+10%),2025-02-13,10000000.0,1430,11000000.0,1430,997140.0
2025-02-06,79790,精密機器,67.0,1953.0,2148.3,TP(+10%),2025-02-13,10000000.0,1430,11000000.0,1430,997140.0
2025-02-06,23450,情報･通信業,80.4,239.0,227.0,SL(-5%),2025-02-07,10000000.0,1430,9497907.949790794,1430,-504952.0502092056
2025-02-06,45760,医薬品,81.2,140.0,133.0,SL(-5%),2025-02-07,10000000.0,1430,9500000.0,1430,-502860.0
2025-02-06,99780,小売業,81.4,56.0,53.2,SL(-5%),2025-02-07,10000000.0,1430,9500000.0,1430,-502860.0
2025-02-06,55950,その他,85.3,1055.0,1002.2,SL(-5%),2025-02-07,10000000.0,1430,9499526.066350712,1430,-503333.9336492885
2025-02-06,70460,サービス業,65.1,1489.0,1637.9,TP(+10%),2025-02-07,10000000.0,1430,11000000.0,1430,997140.0
2025-02-06,17570,その他,70.5,19.0,18.1,SL(-5%),2025-02-07,10000000.0,1430,9526315.789473685,1430,-476544.2105263155
2025-02-06,50740,建設業,63.1,286.0,314.6,TP(+10%),2025-02-14,10000000.0,1430,11000000.0,1430,997140.0
2025-02-06,65900,電気機器,77.7,1696.0,1865.6,TP(+10%),2025-02-07,10000000.0,1430,10999999.999999998,1430,997139.9999999981
2025-02-06,186A0,サービス業,79.4,669.0,635.5,SL(-5%),2025-02-10,10000000.0,1430,9499252.615844544,1430,-503607.384155456
2025-02-06,67210,電気機器,76.5,148.0,162.8,TP(+10%),2025-02-07,10000000.0,1430,11000000.0,1430,997140.0
2024-12-27,70800,サービス業,64.9,584.0,642.4,TP(+10%),2025-02-17,10000000.0,1430,10999999.999999998,1430,997139.9999999981
2025-01-21,93300,サービス業,79.1,834.0,917.4,TP(+10%),2025-02-17,10000000.0,1430,11000000.0,1430,997140.0
2025-01-24,34860,不動産業,70.1,1468.5,1615.4,TP(+10%),2025-02-17,10000000.0,1430,11000340.483486552,1430,997480.4834865518
2025-01-27,58560,その他,72.7,34.0,32.3,SL(-5%),2025-02-17,10000000.0,1430,9500000.0,1430,-502860.0
2025-01-28,61910,サービス業,61.9,1229.0,1167.5,SL(-5%),2025-02-17,10000000.0,1430,9499593.165174939,1430,-503266.83482506126
2025-01-29,43790,情報･通信業,63.9,336.0,319.2,SL(-5%),2025-02-17,10000000.0,1430,9500000.0,1430,-502860.0
2025-01-31,43870,情報･通信業,63.6,850.0,807.5,SL(-5%),2025-02-17,10000000.0,1430,9500000.0,1430,-502860.0
2025-02-06,44830,情報･通信業,69.2,3323.0,3156.8,SL(-5%),2025-02-17,10000000.0,1430,9499849.533554018,1430,-503010.46644598246
2025-02-06,44250,情報･通信業,69.8,1520.0,1444.0,SL(-5%),2025-02-17,10000000.0,1430,9500000.0,1430,-502860.0
2025-02-06,43890,情報･通信業,67.1,706.5,671.2,SL(-5%),2025-02-17,10000000.0,1430,9500353.857041756,1430,-502506.1429582443
2025-02-07,44240,情報･通信業,92.5,324.0,307.8,SL(-5%),2025-02-10,10000000.0,1430,9500000.0,1430,-502860.0
2025-02-07,168A0,その他製品,90.7,1009.0,1109.9,TP(+10%),2025-02-10,10000000.0,1430,11000000.0,1430,997140.0
2025-02-07,61770,サービス業,94.2,95.0,104.5,TP(+10%),2025-02-14,10000000.0,1430,11000000.0,1430,997140.0
2025-02-07,36280,情報･通信業,89.8,543.0,515.9,SL(-5%),2025-02-10,10000000.0,1430,9500920.810313076,1430,-501939.1896869242
2025-02-07,37730,情報･通信業,86.1,1021.0,969.9,SL(-5%),2025-02-12,10000000.0,1430,9499510.28403526,1430,-503349.71596474014
2025-02-07,57290,非鉄金属,79.2,1050.0,1155.0,TP(+10%),2025-02-10,10000000.0,1430,11000000.0,1430,997140.0
2025-02-07,39050,情報･通信業,80.0,777.0,738.1,SL(-5%),2025-02-17,10000000.0,1430,9499356.499356499,1430,-503503.50064350106
2025-02-07,37760,情報･通信業,79.6,167.0,158.7,SL(-5%),2025-02-14,10000000.0,1430,9502994.011976046,1430,-499865.9880239535
2025-02-07,81110,繊維製品,74.7,2638.6666666666665,2506.7,SL(-5%),2025-02-12,10000000.0,1430,9499873.67357251,1430,-502986.3264274895
2025-02-07,45840,医薬品,68.5,109.0,119.9,TP(+10%),2025-02-17,10000000.0,1430,11000000.0,1430,997140.0
2025-02-07,70460,サービス業,71.1,1542.0,1464.9,SL(-5%),2025-02-10,10000000.0,1430,9500000.0,1430,-502860.0
2025-02-07,56120,鉄鋼,74.2,1296.0,1425.6,TP(+10%),2025-02-10,10000000.0,1430,10999999.999999998,1430,997139.9999999981
2025-02-07,186A0,サービス業,73.1,694.0,659.3,SL(-5%),2025-02-10,10000000.0,1430,9500000.0,1430,-502860.0
2025-02-07,70710,サービス業,71.5,769.0,730.5,SL(-5%),2025-02-10,10000000.0,1430,9499349.804941483,1430,-503510.19505851716
2025-02-07,55350,不動産業,77.1,1562.5,1718.8,TP(+10%),2025-02-10,10000000.0,1430,11000319.999999998,1430,997459.9999999981
2025-02-07,94240,情報･通信業,71.6,142.0,156.2,TP(+10%),2025-02-13,10000000.0,1430,10999999.999999998,1430,997139.9999999981
2025-02-07,70940,サービス業,74.7,1257.0,1194.1,SL(-5%),2025-02-17,10000000.0,1430,9499602.227525854,1430,-503257.7724741455
2025-02-07,52620,ガラス･土石製品,67.5,802.0,882.2,TP(+10%),2025-02-12,10000000.0,1430,11000000.0,1430,997140.0
2025-02-07,55970,情報･通信業,69.3,778.0,739.1,SL(-5%),2025-02-10,10000000.0,1430,9500000.0,1430,-502860.0
2025-02-07,80220,その他製品,81.4,3020.0,2869.0,SL(-5%),2025-02-10,10000000.0,1430,9500000.0,1430,-502860.0
2025-02-07,93990,情報･通信業,86.4,137.5,151.2,TP(+10%),2025-02-10,10000000.0,1430,10996363.636363635,1430,993503.6363636348
2025-02-07,52020,ガラス･土石製品,74.0,346.0,328.7,SL(-5%),2025-02-10,10000000.0,1430,9500000.0,1430,-502860.0
2025-02-07,53800,ガラス･土石製品,79.4,1687.0,1855.7,TP(+10%),2025-02-10,10000000.0,1430,11000000.0,1430,997140.0
2025-02-07,45760,医薬品,70.0,139.0,132.0,SL(-5%),2025-02-10,10000000.0,1430,9496402.877697842,1430,-506457.1223021578
2025-02-07,65250,電気機器,68.2,2517.5,2769.2,TP(+10%),2025-02-13,10000000.0,1430,10999801.390268123,1430,996941.3902681228
2025-02-07,31100,ガラス･土石製品,77.6,1226.0,1164.7,SL(-5%),2025-02-10,10000000.0,1430,9500000.0,1430,-502860.0
2025-02-07,93270,倉庫･運輸関連業,74.7,287.0,272.6,SL(-5%),2025-02-14,10000000.0,1430,9498257.839721255,1430,-504602.160278745
2025-02-07,55950,その他,72.4,1033.0,981.3,SL(-5%),2025-02-10,10000000.0,1430,9499515.97289448,1430,-503344.02710551955
2025-02-07,47720,情報･通信業,67.7,132.0,125.4,SL(-5%),2025-02-12,10000000.0,1430,9500000.0,1430,-502860.0
2025-01-31,37780,情報･通信業,84.7,4760.0,4522.0,SL(-5%),2025-02-18,10000000.0,1430,9500000.0,1430,-502860.0
2025-01-31,55700,情報･通信業,71.6,678.0,745.8,TP(+10%),2025-02-18,10000000.0,1430,10999999.999999998,1430,997139.9999999981
2025-02-06,15150,鉱業,86.4,1052.0,1157.2,TP(+10%),2025-02-18,10000000.0,1430,11000000.0,1430,997140.0
2025-02-06,96100,サービス業,73.3,93.0,88.3,SL(-5%),2025-02-18,10000000.0,1430,9494623.655913979,1430,-508236.3440860212
2025-02-06,67230,電気機器,74.8,2305.5,2536.1,TP(+10%),2025-02-18,10000000.0,1430,11000216.872695727,1430,997356.8726957273
2025-02-10,53800,ガラス･土石製品,91.5,2087.0,2295.7,TP(+10%),2025-02-12,10000000.0,1430,10999999.999999998,1430,997139.9999999981
2025-02-10,41990,情報･通信業,76.0,895.0,984.5,TP(+10%),2025-02-12,10000000.0,1430,11000000.0,1430,997140.0
2025-02-10,27670,卸売業,71.2,1649.0,1813.9,TP(+10%),2025-02-12,10000000.0,1430,11000000.0,1430,997140.0
2025-02-10,69760,電気機器,70.1,2768.0,2629.6,SL(-5%),2025-02-12,10000000.0,1430,9500000.0,1430,-502860.0
2025-02-10,36280,情報･通信業,68.4,465.0,511.5,TP(+10%),2025-02-18,10000000.0,1430,11000000.0,1430,997140.0
2025-02-10,52560,情報･通信業,67.4,3175.0,3016.2,SL(-5%),2025-02-12,10000000.0,1430,9499842.51968504,1430,-503017.4803149607
2025-02-10,39050,情報･通信業,76.8,781.0,741.9,SL(-5%),2025-02-17,10000000.0,1430,9499359.795134444,1430,-503500.2048655562
2025-02-10,58340,証券･商品先物取引業,69.1,1557.5,1713.3,TP(+10%),2025-02-18,10000000.0,1430,11000321.02728732,1430,997461.0272873193
2025-02-10,47360,情報･通信業,70.9,898.0,853.1,SL(-5%),2025-02-14,10000000.0,1430,9500000.0,1430,-502860.0
2025-02-10,70120,輸送用機器,77.5,1508.2,1432.8,SL(-5%),2025-02-14,10000000.0,1430,9500066.304203685,1430,-502793.6957963146
2025-02-10,42410,化学,69.3,468.0,444.6,SL(-5%),2025-02-14,10000000.0,1430,9500000.0,1430,-502860.0
2025-02-10,38580,情報･通信業,67.1,482.0,457.9,SL(-5%),2025-02-13,10000000.0,1430,9500000.0,1430,-502860.0
2025-02-10,70710,サービス業,71.1,718.0,682.1,SL(-5%),2025-02-17,10000000.0,1430,9500000.0,1430,-502860.0
2025-02-10,77760,精密機器,78.5,447.0,424.6,SL(-5%),2025-02-12,10000000.0,1430,9498881.431767339,1430,-503978.5682326611
2025-02-10,41650,情報･通信業,64.1,897.0,986.7,TP(+10%),2025-02-14,10000000.0,1430,11000000.0,1430,997140.0
2025-02-10,55350,不動産業,76.7,1750.0,1925.0,TP(+10%),2025-02-12,10000000.0,1430,11000000.0,1430,997140.0
2025-02-10,65520,サービス業,62.0,224.0,246.4,TP(+10%),2025-02-12,10000000.0,1430,11000000.0,1430,997140.0
2025-01-21,33190,その他,71.8,363.0,344.8,SL(-5%),2025-02-19,10000000.0,1430,9498622.58953168,1430,-504237.41046831943
2025-01-22,86170,証券･商品先物取引業,68.8,414.0,455.4,TP(+10%),2025-02-19,10000000.0,1430,10999999.999999998,1430,997139.9999999981
2025-01-24,42640,情報･通信業,63.6,1881.0,2069.1,TP(+10%),2025-02-19,10000000.0,1430,10999999.999999998,1430,997139.9999999981
2025-01-30,47070,サービス業,64.0,351.0,386.1,TP(+10%),2025-02-19,10000000.0,1430,11000000.0,1430,997140.0
2025-01-31,94170,情報･通信業,68.3,321.0,353.1,TP(+10%),2025-02-19,10000000.0,1430,11000000.0,1430,997140.0
2025-02-06,24910,サービス業,68.1,745.0,819.5,TP(+10%),2025-02-19,10000000.0,1430,11000000.0,1430,997140.0
2025-02-07,61900,サービス業,81.7,343.0,377.3,TP(+10%),2025-02-19,10000000.0,1430,11000000.0,1430,997140.0
2025-02-10,77400,精密機器,78.9,1005.0,954.8,SL(-5%),2025-02-19,10000000.0,1430,9500497.512437811,1430,-502362.4875621889
2025-02-10,68740,電気機器,71.7,2150.0,2042.5,SL(-5%),2025-02-19,10000000.0,1430,9500000.0,1430,-502860.0
2025-02-10,85150,その他,63.6,365.0,346.8,SL(-5%),2025-02-19,10000000.0,1430,9501369.8630137,1430,-501490.13698630035
2025-02-10,80220,その他製品,69.2,2896.6666666666665,2751.8,SL(-5%),2025-02-19,10000000.0,1430,9499884.925201382,1430,-502975.0747986175
2025-02-12,23880,その他金融業,91.0,70.0,66.5,SL(-5%),2025-02-14,10000000.0,1430,9500000.0,1430,-502860.0
2025-02-12,41990,情報･通信業,91.5,926.0,879.7,SL(-5%),2025-02-14,10000000.0,1430,9500000.0,1430,-502860.0
2025-02-12,63280,機械,73.9,2250.0,2137.5,SL(-5%),2025-02-14,10000000.0,1430,9500000.0,1430,-502860.0
2025-02-12,31370,小売業,73.3,217.5,239.3,TP(+10%),2025-02-13,10000000.0,1430,11002298.850574711,1430,999438.8505747113
2025-02-12,148A0,情報･通信業,73.1,2277.0,2163.2,SL(-5%),2025-02-13,10000000.0,1430,9500219.587176109,1430,-502640.41282389127
2025-02-12,68620,電気機器,78.4,993.0,943.3,SL(-5%),2025-02-13,10000000.0,1430,9499496.47532729,1430,-503363.5246727094
2025-02-12,93430,サービス業,77.6,657.0,624.1,SL(-5%),2025-02-13,10000000.0,1430,9499238.964992391,1430,-503621.03500760905
2025-02-12,93990,情報･通信業,85.0,207.5,197.1,SL(-5%),2025-02-13,10000000.0,1430,9498795.18072289,1430,-504064.8192771096
2025-02-12,92290,サービス業,83.6,475.0,522.5,TP(+10%),2025-02-13,10000000.0,1430,11000000.0,1430,997140.0
2025-02-12,40460,化学,70.0,1530.0,1453.5,SL(-5%),2025-02-14,10000000.0,1430,9500000.0,1430,-502860.0
2025-02-12,44360,情報･通信業,69.4,922.0,875.9,SL(-5%),2025-02-17,10000000.0,1430,9500000.0,1430,-502860.0
2025-02-12,52560,情報･通信業,73.2,3010.0,2859.5,SL(-5%),2025-02-14,10000000.0,1430,9500000.0,1430,-502860.0
2025-02-12,17570,その他,77.8,22.0,20.9,SL(-5%),2025-02-14,10000000.0,1430,9500000.0,1430,-502860.0
2025-02-12,55970,情報･通信業,80.7,848.0,932.8,TP(+10%),2025-02-13,10000000.0,1430,10999999.999999998,1430,997139.9999999981
2025-02-12,58890,小売業,68.3,2468.0,2344.6,SL(-5%),2025-02-13,10000000.0,1430,9500000.0,1430,-502860.0
2025-02-12,25860,食料品,79.3,166.0,157.7,SL(-5%),2025-02-13,10000000.0,1430,9500000.0,1430,-502860.0
2025-02-12,22640,食料品,71.1,716.0,787.6,TP(+10%),2025-02-19,10000000.0,1430,11000000.0,1430,997140.0
2025-02-12,55910,情報･通信業,73.7,1289.0,1224.5,SL(-5%),2025-02-17,10000000.0,1430,9499612.102404965,1430,-503247.8975950349
2025-02-12,52620,ガラス･土石製品,63.6,902.5,857.4,SL(-5%),2025-02-13,10000000.0,1430,9500277.00831025,1430,-502582.9916897509
2025-02-12,70030,機械,67.8,1650.0,1567.5,SL(-5%),2025-02-13,10000000.0,1430,9500000.0,1430,-502860.0
2025-02-12,70630,サービス業,70.7,245.0,269.5,TP(+10%),2025-02-13,10000000.0,1430,11000000.0,1430,997140.0
2025-02-12,37410,情報･通信業,68.5,2785.0,2645.8,SL(-5%),2025-02-14,10000000.0,1430,9500179.533213645,1430,-502680.4667863548
2025-02-12,58030,非鉄金属,78.9,1227.6666666666665,1166.3,SL(-5%),2025-02-14,10000000.0,1430,9500135.758892208,1430,-502724.24110779166
2025-02-12,39360,情報･通信業,66.1,121.0,114.9,SL(-5%),2025-02-13,10000000.0,1430,9495867.768595042,1430,-506992.2314049583
2025-02-12,43700,情報･通信業,73.3,324.0,307.8,SL(-5%),2025-02-18,10000000.0,1430,9500000.0,1430,-502860.0
2025-02-12,45520,医薬品,66.8,497.0,546.7,TP(+10%),2025-02-17,10000000.0,1430,11000000.0,1430,997140.0
2025-02-12,40740,情報･通信業,66.3,809.0,768.5,SL(-5%),2025-02-14,10000000.0,1430,9499381.95302843,1430,-503478.0469715707
2025-02-12,41000,化学,64.4,1241.0,1179.0,SL(-5%),2025-02-14,10000000.0,1430,9500402.900886383,1430,-502457.0991136171
2025-02-12,91640,その他,62.8,475.0,451.2,SL(-5%),2025-02-14,10000000.0,1430,9498947.368421052,1430,-503912.63157894835
2024-12-09,68790,その他,64.5,527.0,500.6,SL(-5%),2025-02-20,10000000.0,1430,9499051.233396584,1430,-503808.76660341583
2025-01-23,27760,卸売業,64.4,135.0,148.5,TP(+10%),2025-02-20,10000000.0,1430,11000000.0,1430,997140.0
2025-01-28,26560,小売業,79.5,79.0,86.9,TP(+10%),2025-02-20,10000000.0,1430,11000000.0,1430,997140.0
2025-01-29,44610,化学,80.2,2891.0,2746.4,SL(-5%),2025-02-20,10000000.0,1430,9499827.049463853,1430,-503032.95053614676
2025-01-30,61730,その他,93.7,292.0,321.2,TP(+10%),2025-02-20,10000000.0,1430,10999999.999999998,1430,997139.9999999981
2025-02-06,73720,サービス業,89.3,330.0,313.5,SL(-5%),2025-02-20,10000000.0,1430,9500000.0,1430,-502860.0
2025-02-07,65900,電気機器,82.5,1840.0,1748.0,SL(-5%),2025-02-20,10000000.0,1430,9500000.0,1430,-502860.0
2025-02-10,91710,海運業,64.1,1000.0,1100.0,TP(+10%),2025-02-20,10000000.0,1430,11000000.0,1430,997140.0
2025-02-10,88940,不動産業,77.6,239.0,227.0,SL(-5%),2025-02-20,10000000.0,1430,9497907.949790794,1430,-504952.0502092056
2025-02-12,31030,繊維製品,70.2,155.0,147.2,SL(-5%),2025-02-20,10000000.0,1430,9496774.193548387,1430,-506085.8064516131
2025-02-12,78680,その他製品,62.3,514.0,488.3,SL(-5%),2025-02-20,10000000.0,1430,9500000.0,1430,-502860.0
2025-02-13,31370,小売業,95.0,222.0,244.2,TP(+10%),2025-02-14,10000000.0,1430,10999999.999999998,1430,997139.9999999981
2025-02-13,65780,サービス業,81.1,336.0,369.6,TP(+10%),2025-02-20,10000000.0,1430,11000000.0,1430,997140.0
2025-02-13,48810,医薬品,81.2,156.0,148.2,SL(-5%),2025-02-17,10000000.0,1430,9500000.0,1430,-502860.0
2025-02-13,37440,情報･通信業,80.6,425.0,403.8,SL(-5%),2025-02-17,10000000.0,1430,9501176.470588235,1430,-501683.5294117648
2025-02-13,55990,情報･通信業,72.6,1014.0,1115.4,TP(+10%),2025-02-19,10000000.0,1430,11000000.0,1430,997140.0
2025-02-13,40530,情報･通信業,73.3,611.0,580.4,SL(-5%),2025-02-14,10000000.0,1430,9499181.669394435,1430,-503678.33060556464
2025-02-13,55970,情報･通信業,85.3,805.0,885.5,TP(+10%),2025-02-14,10000000.0,1430,11000000.0,1430,997140.0
2025-02-13,130A0,医薬品,87.2,810.0,891.0,TP(+10%),2025-02-14,10000000.0,1430,11000000.0,1430,997140.0
2025-02-13,65240,電気機器,65.7,2487.0,2362.7,SL(-5%),2025-02-14,10000000.0,1430,9500201.045436267,1430,-502658.9545637332
2025-02-13,19690,建設業,76.9,2802.5,2662.4,SL(-5%),2025-02-14,10000000.0,1430,9500089.206066012,1430,-502770.7939339876
2025-02-13,40740,情報･通信業,76.6,798.0,758.1,SL(-5%),2025-02-14,10000000.0,1430,9500000.0,1430,-502860.0
2025-02-13,62260,機械,74.7,1285.0,1220.8,SL(-5%),2025-02-17,10000000.0,1430,9500389.105058366,1430,-502470.89494163357
2025-02-13,73200,その他金融業,78.9,1492.5,1417.9,SL(-5%),2025-02-14,10000000.0,1430,9500167.504187606,1430,-502692.4958123937
2025-02-13,23510,情報･通信業,71.2,384.0,364.8,SL(-5%),2025-02-14,10000000.0,1430,9500000.0,1430,-502860.0
2025-02-13,93990,情報･通信業,87.6,157.5,149.6,SL(-5%),2025-02-14,10000000.0,1430,9498412.698412698,1430,-504447.30158730224
2025-02-13,19820,建設業,76.9,1852.5,1759.9,SL(-5%),2025-02-14,10000000.0,1430,9500134.952766532,1430,-502725.0472334679
2025-02-13,80610,卸売業,70.7,1625.0,1543.8,SL(-5%),2025-02-18,10000000.0,1430,9500307.692307692,1430,-502552.307692308
2025-02-13,80500,精密機器,68.9,2635.0,2503.2,SL(-5%),2025-02-19,10000000.0,1430,9499810.246679317,1430,-503049.7533206828
2025-02-13,40510,情報･通信業,66.9,6700.0,6365.0,SL(-5%),2025-02-17,10000000.0,1430,9500000.0,1430,-502860.0
2025-02-13,48120,情報･通信業,69.9,2176.6666666666665,2067.8,SL(-5%),2025-02-17,10000000.0,1430,9499846.860643186,1430,-503013.1393568143
2025-02-13,55910,情報･通信業,68.8,1293.0,1228.3,SL(-5%),2025-02-17,10000000.0,1430,9499613.302397525,1430,-503246.69760247506
2025-02-13,70030,機械,73.1,1783.0,1693.8,SL(-5%),2025-02-17,10000000.0,1430,9499719.573752103,1430,-503140.4262478966
2025-02-13,55350,不動産業,76.7,1942.5,1845.4,SL(-5%),2025-02-14,10000000.0,1430,9500128.7001287,1430,-502731.2998712994
2025-02-13,70690,サービス業,71.1,404.5,384.3,SL(-5%),2025-02-17,10000000.0,1430,9500618.04697157,1430,-502241.9530284293
2025-02-13,71800,銀行業,66.3,708.0,778.8,TP(+10%),2025-02-19,10000000.0,1430,10999999.999999998,1430,997139.9999999981
2025-02-13,62540,機械,68.1,2900.0,2755.0,SL(-5%),2025-02-17,10000000.0,1430,9500000.0,1430,-502860.0
2025-02-13,92110,サービス業,64.4,1384.0,1522.4,TP(+10%),2025-02-17,10000000.0,1430,11000000.0,1430,997140.0
2025-02-13,67690,電気機器,71.6,1005.0,954.8,SL(-5%),2025-02-18,10000000.0,1430,9500497.512437811,1430,-502362.4875621889
2025-02-13,19090,機械,71.1,1101.25,1046.2,SL(-5%),2025-02-14,10000000.0,1430,9500113.50737798,1430,-502746.4926220197
2025-02-13,49110,化学,63.9,2653.5,2520.8,SL(-5%),2025-02-17,10000000.0,1430,9499905.784812512,1430,-502954.2151874881
2025-02-13,97040,サービス業,61.1,55.0,52.2,SL(-5%),2025-02-17,10000000.0,1430,9490909.090909092,1430,-511950.90909090824
2025-02-13,72800,電気機器,63.8,888.0,843.6,SL(-5%),2025-02-17,10000000.0,1430,9500000.0,1430,-502860.0
2025-02-13,19110,建設業,69.1,1767.0,1678.6,SL(-5%),2025-02-14,10000000.0,1430,9499717.034521786,1430,-503142.9654782135
2025-02-13,58890,小売業,63.0,2311.0,2195.4,SL(-5%),2025-02-14,10000000.0,1430,9499783.643444397,1430,-503076.35655560344
2025-01-30,79010,その他製品,80.1,902.0,856.9,SL(-5%),2025-02-21,10000000.0,1430,9500000.0,1430,-502860.0
2025-02-06,72010,輸送用機器,64.4,415.1,456.6,TP(+10%),2025-02-21,10000000.0,1430,10999759.09419417,1430,996899.0941941701
2025-02-07,23340,サービス業,75.2,48.6,53.5,TP(+10%),2025-02-21,10000000.0,1430,11008230.452674896,1430,1005370.4526748955
2025-02-10,57290,非鉄金属,80.6,1225.0,1347.5,TP(+10%),2025-02-21,10000000.0,1430,11000000.0,1430,997140.0
2025-02-12,60360,サービス業,66.0,4100.0,3895.0,SL(-5%),2025-02-21,10000000.0,1430,9500000.0,1430,-502860.0
2025-02-13,58010,非鉄金属,77.0,734.0,697.3,SL(-5%),2025-02-21,10000000.0,1430,9500000.0,1430,-502860.0
2025-02-13,96440,サービス業,70.7,662.0,628.9,SL(-5%),2025-02-21,10000000.0,1430,9500000.0,1430,-502860.0
2025-02-14,93440,サービス業,77.4,845.0,802.8,SL(-5%),2025-02-20,10000000.0,1430,9500591.715976331,1430,-502268.2840236686
2025-02-14,66480,電気機器,87.8,769.0,845.9,TP(+10%),2025-02-20,10000000.0,1430,10999999.999999998,1430,997139.9999999981
2025-02-14,55860,情報･通信業,83.6,1398.0,1328.1,SL(-5%),2025-02-17,10000000.0,1430,9500000.0,1430,-502860.0
2025-02-14,66760,電気機器,87.3,1250.0,1187.5,SL(-5%),2025-02-20,10000000.0,1430,9500000.0,1430,-502860.0
2025-02-14,44860,情報･通信業,93.0,604.5,574.3,SL(-5%),2025-02-17,10000000.0,1430,9500413.564929692,1430,-502446.4350703079
2025-02-14,44920,情報･通信業,91.8,522.0,495.9,SL(-5%),2025-02-18,10000000.0,1430,9500000.0,1430,-502860.0
2025-02-14,44240,情報･通信業,88.0,382.0,420.2,TP(+10%),2025-02-17,10000000.0,1430,10999999.999999998,1430,997139.9999999981
2025-02-14,29980,不動産業,95.8,633.0,696.3,TP(+10%),2025-02-17,10000000.0,1430,10999999.999999998,1430,997139.9999999981
2025-02-14,23300,情報･通信業,86.3,213.0,202.3,SL(-5%),2025-02-17,10000000.0,1430,9497652.582159625,1430,-505207.41784037463
2025-02-14,77930,その他製品,82.5,1235.0,1173.2,SL(-5%),2025-02-20,10000000.0,1430,9499595.141700406,1430,-503264.8582995944
2025-02-14,60390,サービス業,83.7,502.6,477.5,SL(-5%),2025-02-17,10000000.0,1430,9500596.89614007,1430,-502263.10385992937
2025-02-14,74090,輸送用機器,93.8,341.66666666666663,375.8,TP(+10%),2025-02-18,10000000.0,1430,10999024.390243903,1430,996164.3902439028
2025-02-14,36520,情報･通信業,89.1,1855.0,2040.5,TP(+10%),2025-02-17,10000000.0,1430,11000000.0,1430,997140.0
2025-02-14,93410,サービス業,71.5,1150.0,1092.5,SL(-5%),2025-02-17,10000000.0,1430,9500000.0,1430,-502860.0
2025-02-14,70610,サービス業,70.2,1655.0,1572.2,SL(-5%),2025-02-17,10000000.0,1430,9499697.885196375,1430,-503162.11480362527
2025-02-14,34430,金属製品,75.4,1073.3333333333333,1019.7,SL(-5%),2025-02-18,10000000.0,1430,9500310.559006212,1430,-502549.4409937877
2025-02-14,28130,食料品,71.3,5010.0,4759.5,SL(-5%),2025-02-21,10000000.0,1430,9500000.0,1430,-502860.0
2025-02-14,70960,サービス業,76.7,1372.0,1303.4,SL(-5%),2025-02-17,10000000.0,1430,9500000.0,1430,-502860.0
2025-02-14,92290,サービス業,90.7,556.0,611.6,TP(+10%),2025-02-18,10000000.0,1430,11000000.0,1430,997140.0
2025-02-14,45740,医薬品,68.2,301.0,285.9,SL(-5%),2025-02-21,10000000.0,1430,9498338.870431893,1430,-504521.1295681074
2025-02-14,18610,建設業,77.5,1016.25,965.4,SL(-5%),2025-02-20,10000000.0,1430,9499630.996309962,1430,-503229.0036900379
2025-02-14,43710,情報･通信業,76.1,1085.0,1030.8,SL(-5%),2025-02-17,10000000.0,1430,9500460.829493087,1430,-502399.1705069132
2025-02-14,39280,情報･通信業,81.9,276.0,262.2,SL(-5%),2025-02-20,10000000.0,1430,9500000.0,1430,-502860.0
2025-02-14,41680,情報･通信業,68.7,795.0,755.2,SL(-5%),2025-02-17,10000000.0,1430,9499371.06918239,1430,-503488.93081760965
2025-02-14,41920,情報･通信業,69.4,396.0,435.6,TP(+10%),2025-02-19,10000000.0,1430,11000000.0,1430,997140.0
2025-02-14,48940,医薬品,75.1,5400.0,5940.0,TP(+10%),2025-02-17,10000000.0,1430,11000000.0,1430,997140.0
2025-02-14,61770,サービス業,73.2,103.0,97.8,SL(-5%),2025-02-19,10000000.0,1430,9495145.63106796,1430,-507714.3689320404
2025-02-14,66120,電気機器,77.4,1000.0,1100.0,TP(+10%),2025-02-17,10000000.0,1430,11000000.0,1430,997140.0
2025-02-14,29380,食料品,75.1,743.0,705.9,SL(-5%),2025-02-21,10000000.0,1430,9500672.947510093,1430,-502187.05248990655
2025-02-14,42590,情報･通信業,76.3,360.0,342.0,SL(-5%),2025-02-19,10000000.0,1430,9500000.0,1430,-502860.0
2025-02-14,28200,食料品,73.0,3005.0,2854.8,SL(-5%),2025-02-17,10000000.0,1430,9500166.389351083,1430,-502693.61064891703
2025-02-14,55970,情報･通信業,79.9,843.0,800.8,SL(-5%),2025-02-19,10000000.0,1430,9499406.880189799,1430,-503453.1198102012
2025-02-14,42580,情報･通信業,78.7,1775.0,1686.2,SL(-5%),2025-02-21,10000000.0,1430,9499718.309859155,1430,-503141.69014084525
2025-02-14,31370,小売業,83.0,220.5,209.5,SL(-5%),2025-02-20,10000000.0,1430,9501133.786848072,1430,-501726.21315192804
2025-02-14,93990,情報･通信業,87.0,139.5,132.5,SL(-5%),2025-02-17,10000000.0,1430,9498207.88530466,1430,-504652.1146953404
2025-02-14,39640,情報･通信業,71.7,683.0,648.9,SL(-5%),2025-02-17,10000000.0,1430,9500732.064421669,1430,-502127.93557833135
2025-02-14,70630,サービス業,84.0,290.0,275.5,SL(-5%),2025-02-17,10000000.0,1430,9500000.0,1430,-502860.0
2025-02-14,55870,情報･通信業,72.1,830.0,788.5,SL(-5%),2025-02-20,10000000.0,1430,9500000.0,1430,-502860.0
2025-02-14,19820,建設業,67.6,1727.5,1641.1,SL(-5%),2025-02-20,10000000.0,1430,9499855.282199709,1430,-503004.71780029126
2025-02-14,147A0,情報･通信業,66.1,1188.0,1306.8,TP(+10%),2025-02-18,10000000.0,1430,10999999.999999998,1430,997139.9999999981
2025-02-14,130A0,医薬品,74.9,881.0,836.9,SL(-5%),2025-02-21,10000000.0,1430,9499432.463110102,1430,-503427.53688989766
2025-02-14,77800,精密機器,63.8,1418.0,1347.1,SL(-5%),2025-02-18,10000000.0,1430,9500000.0,1430,-502860.0
2025-02-14,21340,サービス業,67.8,20.0,19.0,SL(-5%),2025-02-17,10000000.0,1430,9500000.0,1430,-502860.0
2025-02-14,288A0,サービス業,77.0,274.0,260.3,SL(-5%),2025-02-17,10000000.0,1430,9500000.0,1430,-502860.0
2025-02-14,58580,非鉄金属,73.2,1790.0,1969.0,TP(+10%),2025-02-19,10000000.0,1430,11000000.0,1430,997140.0
2025-02-14,24360,サービス業,64.5,445.5,423.2,SL(-5%),2025-02-17,10000000.0,1430,9499438.832772166,1430,-503421.16722783446
2025-02-14,302A0,サービス業,71.3,861.0,817.9,SL(-5%),2025-02-17,10000000.0,1430,9499419.279907085,1430,-503440.720092915
2025-02-14,44880,情報･通信業,73.4,3810.0,3619.5,SL(-5%),2025-02-18,10000000.0,1430,9500000.0,1430,-502860.0
2025-02-14,59850,金属製品,64.2,262.0,288.2,TP(+10%),2025-02-17,10000000.0,1430,10999999.999999998,1430,997139.9999999981
2025-02-14,36230,情報･通信業,62.8,1125.0,1237.5,TP(+10%),2025-02-17,10000000.0,1430,11000000.0,1430,997140.0
2025-02-14,36940,情報･通信業,74.0,692.0,761.2,TP(+10%),2025-02-17,10000000.0,1430,11000000.0,1430,997140.0
2025-01-29,65210,電気機器,70.9,1364.0,1295.8,SL(-5%),2025-02-25,10000000.0,1430,9500000.0,1430,-502860.0
2025-02-07,19800,建設業,79.2,1288.3333333333333,1223.9,SL(-5%),2025-02-25,10000000.0,1430,9499870.63389392,1430,-502989.3661060799
2025-02-10,24890,サービス業,79.6,294.0,279.3,SL(-5%),2025-02-25,10000000.0,1430,9500000.0,1430,-502860.0
2025-02-12,76920,電気･ガス業,74.9,91.0,86.5,SL(-5%),2025-02-25,10000000.0,1430,9505494.505494505,1430,-497365.49450549483
2025-02-12,78190,その他製品,67.0,550.0,522.5,SL(-5%),2025-02-25,10000000.0,1430,9500000.0,1430,-502860.0
2025-02-12,68340,電気機器,75.3,978.0,929.1,SL(-5%),2025-02-25,10000000.0,1430,9500000.0,1430,-502860.0
2025-02-14,40110,情報･通信業,76.7,4870.0,4626.5,SL(-5%),2025-02-25,10000000.0,1430,9500000.0,1430,-502860.0
2025-02-17,50330,情報･通信業,78.7,1020.0,969.0,SL(-5%),2025-02-20,10000000.0,1430,9500000.0,1430,-502860.0
2025-02-17,44240,情報･通信業,89.1,380.0,418.0,TP(+10%),2025-02-18,10000000.0,1430,11000000.0,1430,997140.0
2025-02-17,76850,卸売業,91.0,1256.0,1381.6,TP(+10%),2025-02-19,10000000.0,1430,10999999.999999998,1430,997139.9999999981
2025-02-17,42510,化学,72.9,1136.0,1249.6,TP(+10%),2025-02-20,10000000.0,1430,10999999.999999998,1430,997139.9999999981
2025-02-17,49140,化学,83.4,1226.0,1348.6,TP(+10%),2025-02-19,10000000.0,1430,10999999.999999998,1430,997139.9999999981
2025-02-17,78030,その他製品,76.2,267.5,254.1,SL(-5%),2025-02-18,10000000.0,1430,9499065.420560747,1430,-503794.5794392526
2025-02-17,73250,保険業,68.7,697.0,662.1,SL(-5%),2025-02-20,10000000.0,1430,9499282.639885223,1430,-503577.36011477746
2025-02-17,36520,情報･通信業,80.9,2035.0,1933.2,SL(-5%),2025-02-20,10000000.0,1430,9499754.2997543,1430,-503105.7002457008
2025-02-17,44800,情報･通信業,71.7,3090.0,2935.5,SL(-5%),2025-02-21,10000000.0,1430,9500000.0,1430,-502860.0
2025-02-17,29700,不動産業,78.6,815.0,774.2,SL(-5%),2025-02-20,10000000.0,1430,9499386.503067486,1430,-503473.496932514
2025-02-17,29980,不動産業,89.4,673.0,639.4,SL(-5%),2025-02-19,10000000.0,1430,9500742.94205052,1430,-502117.05794947967
2025-02-17,153A0,情報･通信業,76.2,1496.0,1421.2,SL(-5%),2025-02-20,10000000.0,1430,9500000.0,1430,-502860.0
2025-02-17,62270,機械,81.7,1303.3333333333333,1238.2,SL(-5%),2025-02-21,10000000.0,1430,9500255.754475703,1430,-502604.24552429654
2025-02-17,62660,機械,73.7,2384.0,2264.8,SL(-5%),2025-02-21,10000000.0,1430,9500000.0,1430,-502860.0
2025-02-17,45650,医薬品,70.0,903.0,857.8,SL(-5%),2025-02-19,10000000.0,1430,9499446.290143963,1430,-503413.70985603705
2025-02-17,265A0,情報･通信業,68.3,932.0,885.4,SL(-5%),2025-02-18,10000000.0,1430,9500000.0,1430,-502860.0
2025-02-17,16630,鉱業,71.3,1727.5,1641.1,SL(-5%),2025-02-19,10000000.0,1430,9499855.282199709,1430,-503004.71780029126
2025-02-17,70480,サービス業,71.4,274.0,260.3,SL(-5%),2025-02-25,10000000.0,1430,9500000.0,1430,-502860.0
2025-02-17,36610,情報･通信業,67.5,849.5,807.0,SL(-5%),2025-02-19,10000000.0,1430,9499705.70924073,1430,-503154.29075926915
2025-02-17,62780,機械,63.0,4910.0,4664.5,SL(-5%),2025-02-19,10000000.0,1430,9500000.0,1430,-502860.0
2025-02-17,48940,医薬品,67.4,5830.0,5538.5,SL(-5%),2025-02-19,10000000.0,1430,9500000.0,1430,-502860.0
2025-02-17,44930,情報･通信業,63.7,2068.0,1964.6,SL(-5%),2025-02-20,10000000.0,1430,9500000.0,1430,-502860.0
2025-02-17,36670,情報･通信業,70.3,147.0,139.7,SL(-5%),2025-02-20,10000000.0,1430,9503401.360544218,1430,-499458.63945578225
2025-02-17,168A0,その他製品,68.0,1181.0,1299.1,TP(+10%),2025-02-18,10000000.0,1430,10999999.999999998,1430,997139.9999999981
2025-02-17,141A0,小売業,64.5,1998.0,1898.1,SL(-5%),2025-02-19,10000000.0,1430,9500000.0,1430,-502860.0
2025-02-17,74090,輸送用機器,73.4,363.16666666666663,399.5,TP(+10%),2025-02-19,10000000.0,1430,11000458.926112898,1430,997598.9261128977
2025-02-17,44140,情報･通信業,67.6,2096.0,1991.2,SL(-5%),2025-02-25,10000000.0,1430,9500000.0,1430,-502860.0
2025-02-17,70960,サービス業,64.9,1270.0,1206.5,SL(-5%),2025-02-18,10000000.0,1430,9500000.0,1430,-502860.0
2025-02-17,55910,情報･通信業,82.9,1200.0,1140.0,SL(-5%),2025-02-18,10000000.0,1430,9500000.0,1430,-502860.0
2025-02-17,77440,精密機器,69.3,1576.6666666666665,1497.8,SL(-5%),2025-02-21,10000000.0,1430,9499788.583509514,1430,-503071.4164904859
2025-02-17,52550,情報･通信業,69.8,84.0,92.4,TP(+10%),2025-02-18,10000000.0,1430,11000000.0,1430,997140.0
2025-02-17,44160,情報･通信業,65.0,737.0,810.7,TP(+10%),2025-02-18,10000000.0,1430,11000000.0,1430,997140.0
2025-02-17,38560,電気機器,74.9,684.0,649.8,SL(-5%),2025-02-18,10000000.0,1430,9500000.0,1430,-502860.0
2025-02-17,58560,その他,69.3,36.0,34.2,SL(-5%),2025-02-18,10000000.0,1430,9500000.0,1430,-502860.0
2025-02-17,39930,情報･通信業,63.5,4395.0,4175.2,SL(-5%),2025-02-18,10000000.0,1430,9499886.234357223,1430,-502973.7656427771
2025-01-23,75780,小売業,73.4,138.0,131.1,SL(-5%),2025-02-26,10000000.0,1430,9500000.0,1430,-502860.0
2025-01-28,91660,サービス業,66.4,1445.5,1373.2,SL(-5%),2025-02-26,10000000.0,1430,9499827.049463853,1430,-503032.95053614676
2025-01-30,65160,電気機器,77.8,3130.0,2973.5,SL(-5%),2025-02-26,10000000.0,1430,9500000.0,1430,-502860.0
2025-01-31,54820,鉄鋼,80.6,1737.5,1911.3,TP(+10%),2025-02-26,10000000.0,1430,11000287.769784171,1430,997427.7697841711
2025-02-07,60460,サービス業,69.3,126.0,119.7,SL(-5%),2025-02-26,10000000.0,1430,9500000.0,1430,-502860.0
2025-02-10,77150,精密機器,71.1,2039.0,1937.0,SL(-5%),2025-02-26,10000000.0,1430,9499754.781755762,1430,-503105.2182442378
2025-02-12,68000,電気機器,71.3,1513.0,1437.3,SL(-5%),2025-02-26,10000000.0,1430,9499669.530733641,1430,-503190.46926635876
2025-02-13,75520,卸売業,68.8,2432.5,2310.9,SL(-5%),2025-02-26,10000000.0,1430,9500102.774922919,1430,-502757.2250770815
2025-02-13,52020,ガラス･土石製品,66.7,368.0,404.8,TP(+10%),2025-02-26,10000000.0,1430,11000000.0,1430,997140.0
2025-02-14,76860,小売業,65.5,515.0,489.2,SL(-5%),2025-02-26,10000000.0,1430,9499029.126213592,1430,-503830.87378640845
2025-02-14,155A0,情報･通信業,72.5,461.0,437.9,SL(-5%),2025-02-26,10000000.0,1430,9498915.401301518,1430,-503944.5986984819
2025-02-14,38140,その他,68.4,360.0,342.0,SL(-5%),2025-02-26,10000000.0,1430,9500000.0,1430,-502860.0
2025-02-14,29830,不動産業,66.4,714.0,678.3,SL(-5%),2025-02-26,10000000.0,1430,9500000.0,1430,-502860.0
2025-02-17,40560,情報･通信業,66.5,870.0,826.5,SL(-5%),2025-02-26,10000000.0,1430,9500000.0,1430,-502860.0
2025-02-17,95530,サービス業,71.4,258.0,245.1,SL(-5%),2025-02-26,10000000.0,1430,9500000.0,1430,-502860.0
2025-02-17,39630,情報･通信業,64.0,393.0,432.3,TP(+10%),2025-02-26,10000000.0,1430,11000000.0,1430,997140.0
2025-02-17,57070,非鉄金属,68.0,584.0,642.4,TP(+10%),2025-02-26,10000000.0,1430,10999999.999999998,1430,997139.9999999981
2025-02-18,91620,サービス業,90.4,351.0,386.1,TP(+10%),2025-02-19,10000000.0,1430,11000000.0,1430,997140.0
2025-02-18,43770,情報･通信業,75.2,1893.3333333333333,1798.7,SL(-5%),2025-02-21,10000000.0,1430,9500176.056338029,1430,-502683.943661971
2025-02-18,92110,サービス業,74.7,1724.0,1637.8,SL(-5%),2025-02-19,10000000.0,1430,9500000.0,1430,-502860.0
2025-02-18,53800,ガラス･土石製品,71.9,1665.0,1581.8,SL(-5%),2025-02-19,10000000.0,1430,9500300.3003003,1430,-502559.6996996999
2025-02-18,81360,卸売業,77.0,1436.0,1364.2,SL(-5%),2025-02-19,10000000.0,1430,9500000.0,1430,-502860.0
2025-02-18,44480,情報･通信業,67.3,511.0,485.4,SL(-5%),2025-02-21,10000000.0,1430,9499021.526418786,1430,-503838.4735812135
2025-02-18,41670,情報･通信業,68.1,395.0,434.5,TP(+10%),2025-02-20,10000000.0,1430,11000000.0,1430,997140.0
2025-02-18,175A0,情報･通信業,82.0,1062.0,1008.9,SL(-5%),2025-02-19,10000000.0,1430,9500000.0,1430,-502860.0
2025-02-18,52550,情報･通信業,88.9,96.0,105.6,TP(+10%),2025-02-19,10000000.0,1430,10999999.999999998,1430,997139.9999999981
2025-02-18,30830,小売業,65.3,668.0,634.6,SL(-5%),2025-02-26,10000000.0,1430,9500000.0,1430,-502860.0
2025-02-18,47200,サービス業,67.1,235.0,223.2,SL(-5%),2025-02-25,10000000.0,1430,9497872.340425532,1430,-504987.6595744677
2025-02-18,23300,情報･通信業,76.8,200.0,190.0,SL(-5%),2025-02-21,10000000.0,1430,9500000.0,1430,-502860.0
2025-02-18,76850,卸売業,68.9,1295.0,1230.2,SL(-5%),2025-02-26,10000000.0,1430,9499613.8996139,1430,-503246.1003860999
2025-02-18,29700,不動産業,77.1,833.75,792.1,SL(-5%),2025-02-19,10000000.0,1430,9500449.775112445,1430,-502410.22488755547
2025-02-18,77260,機械,69.8,1048.0,995.6,SL(-5%),2025-02-26,10000000.0,1430,9500000.0,1430,-502860.0
2025-02-18,92290,サービス業,86.2,602.0,662.2,TP(+10%),2025-02-19,10000000.0,1430,11000000.0,1430,997140.0
2025-02-18,69610,電気機器,75.7,4745.0,5219.5,TP(+10%),2025-02-21,10000000.0,1430,11000000.0,1430,997140.0
2025-02-18,44240,情報･通信業,76.5,375.0,356.2,SL(-5%),2025-02-19,10000000.0,1430,9498666.666666666,1430,-504193.33333333395
2025-02-18,41770,情報･通信業,66.5,1121.0,1065.0,SL(-5%),2025-02-19,10000000.0,1430,9500446.030330062,1430,-502413.9696699381
2025-02-18,45520,医薬品,67.4,578.0,549.1,SL(-5%),2025-02-19,10000000.0,1430,9500000.0,1430,-502860.0
2025-02-18,61820,サービス業,67.5,688.0,653.6,SL(-5%),2025-02-20,10000000.0,1430,9500000.0,1430,-502860.0
2025-02-18,62270,機械,76.6,1276.6666666666665,1212.8,SL(-5%),2025-02-21,10000000.0,1430,9499738.903394258,1430,-503121.09660574235
2025-02-18,51290,情報･通信業,66.4,783.0,743.8,SL(-5%),2025-02-19,10000000.0,1430,9499361.430395912,1430,-503498.5696040876
2025-02-18,15180,その他製品,69.7,912.0,866.4,SL(-5%),2025-02-19,10000000.0,1430,9500000.0,1430,-502860.0
2025-02-18,70330,サービス業,61.1,2014.0,1913.3,SL(-5%),2025-02-25,10000000.0,1430,9500000.0,1430,-502860.0
2025-02-18,55350,不動産業,69.5,1537.5,1691.3,TP(+10%),2025-02-19,10000000.0,1430,11000325.203252032,1430,997465.2032520324
2024-11-13,63580,機械,70.7,2302.0,2186.9,SL(-5%),2025-03-11,10000000.0,1430,9500000.0,1430,-502860.0
2025-01-06,48900,医薬品,64.4,414.0,393.3,SL(-5%),2025-03-05,10000000.0,1430,9500000.0,1430,-502860.0
2025-01-21,24370,サービス業,72.0,282.0,310.2,TP(+10%),2025-03-05,10000000.0,1430,10999999.999999998,1430,997139.9999999981
2025-01-27,92120,サービス業,84.2,451.0,428.4,SL(-5%),2025-03-05,10000000.0,1430,9498891.352549888,1430,-503968.6474501118
2025-01-30,52900,ガラス･土石製品,71.7,913.0,867.3,SL(-5%),2025-03-11,10000000.0,1430,9499452.354874041,1430,-503407.64512595907
2025-01-30,25300,その他,71.7,14410.0,13689.5,SL(-5%),2025-03-11,10000000.0,1430,9500000.0,1430,-502860.0
2025-01-31,48320,情報･通信業,80.0,1747.5,1922.3,TP(+10%),2025-03-06,10000000.0,1430,11000286.123032903,1430,997426.1230329033
2025-02-07,46350,化学,84.8,719.0,790.9,TP(+10%),2025-03-05,10000000.0,1430,10999999.999999998,1430,997139.9999999981
2025-02-07,35630,小売業,86.8,2070.0,1966.5,SL(-5%),2025-03-11,10000000.0,1430,9500000.0,1430,-502860.0
2025-02-07,22160,食料品,74.2,1143.3333333333333,1086.2,SL(-5%),2025-03-11,10000000.0,1430,9500291.545189505,1430,-502568.45481049456
2025-02-07,71300,卸売業,77.0,2198.0,2417.8,TP(+10%),2025-03-11,10000000.0,1430,11000000.0,1430,997140.0
2025-02-07,41070,化学,76.1,2528.0,2401.6,SL(-5%),2025-03-05,10000000.0,1430,9500000.0,1430,-502860.0
2025-02-10,92590,サービス業,72.5,568.0,624.8,TP(+10%),2025-03-07,10000000.0,1430,10999999.999999998,1430,997139.9999999981
2025-02-10,83920,銀行業,73.9,664.0,630.8,SL(-5%),2025-03-11,10000000.0,1430,9500000.0,1430,-502860.0
2025-02-10,61810,サービス業,67.8,113.0,124.3,TP(+10%),2025-03-05,10000000.0,1430,11000000.0,1430,997140.0
2025-02-10,65970,電気機器,79.7,1244.0,1181.8,SL(-5%),2025-03-07,10000000.0,1430,9500000.0,1430,-502860.0
2025-02-10,49700,化学,65.3,5820.0,5529.0,SL(-5%),2025-03-05,10000000.0,1430,9500000.0,1430,-502860.0
2025-02-10,94240,情報･通信業,66.8,152.0,144.4,SL(-5%),2025-03-05,10000000.0,1430,9500000.0,1430,-502860.0
2025-02-10,68550,電気機器,64.3,2158.0,2050.1,SL(-5%),2025-03-05,10000000.0,1430,9500000.0,1430,-502860.0
2025-02-12,65370,サービス業,77.0,414.0,393.3,SL(-5%),2025-03-11,10000000.0,1430,9500000.0,1430,-502860.0
2025-02-12,69690,電気機器,75.7,522.0,495.9,SL(-5%),2025-03-05,10000000.0,1430,9500000.0,1430,-502860.0
2025-02-12,73860,その他,77.3,2701.0,2971.1,TP(+10%),2025-03-05,10000000.0,1430,10999999.999999998,1430,997139.9999999981
2025-02-12,63510,機械,73.3,1522.5,1674.8,TP(+10%),2025-03-05,10000000.0,1430,11000328.407224959,1430,997468.4072249588
2025-02-12,66450,電気機器,63.8,4679.0,4445.1,SL(-5%),2025-03-05,10000000.0,1430,9500106.860440265,1430,-502753.1395597346
2025-02-13,93430,サービス業,73.3,605.0,665.5,TP(+10%),2025-03-11,10000000.0,1430,11000000.0,1430,997140.0
2025-02-14,50360,情報･通信業,76.2,1025.0,973.8,SL(-5%),2025-03-10,10000000.0,1430,9500487.804878049,1430,-502372.1951219514
2025-02-14,60950,その他,71.0,530.0,503.5,SL(-5%),2025-03-05,10000000.0,1430,9500000.0,1430,-502860.0
2025-02-14,70440,サービス業,69.7,257.0,244.1,SL(-5%),2025-03-05,10000000.0,1430,9498054.474708172,1430,-504805.52529182844
2025-02-14,66990,電気機器,77.2,561.0,617.1,TP(+10%),2025-03-10,10000000.0,1430,11000000.0,1430,997140.0
2025-02-14,58700,サービス業,73.2,497.0,546.7,TP(+10%),2025-03-05,10000000.0,1430,11000000.0,1430,997140.0
2025-02-14,19610,建設業,73.8,1093.3333333333333,1038.7,SL(-5%),2025-03-11,10000000.0,1430,9500304.878048781,1430,-502555.1219512187
2025-02-14,70590,サービス業,67.8,831.0,789.4,SL(-5%),2025-03-11,10000000.0,1430,9499398.315282792,1430,-503461.68471720815
2025-02-14,63020,機械,63.2,2948.0,3242.8,TP(+10%),2025-03-11,10000000.0,1430,11000000.0,1430,997140.0
2025-02-14,43760,情報･通信業,64.5,210.0,199.5,SL(-5%),2025-03-05,10000000.0,1430,9500000.0,1430,-502860.0
2025-02-17,177A0,化学,80.6,1783.0,1693.8,SL(-5%),2025-03-05,10000000.0,1430,9499719.573752103,1430,-503140.4262478966
2025-02-17,39160,情報･通信業,67.4,1192.5,1311.8,TP(+10%),2025-03-10,10000000.0,1430,11000419.28721174,1430,997559.2872117404
2025-02-17,247A0,化学,80.5,640.0,704.0,TP(+10%),2025-03-05,10000000.0,1430,11000000.0,1430,997140.0
2025-02-17,55860,情報･通信業,80.6,1294.0,1229.3,SL(-5%),2025-03-05,10000000.0,1430,9500000.0,1430,-502860.0
2025-02-17,43240,サービス業,64.9,3056.0,3361.6,TP(+10%),2025-03-10,10000000.0,1430,10999999.999999998,1430,997139.9999999981
2025-02-17,73430,保険業,65.9,1316.0,1447.6,TP(+10%),2025-03-10,10000000.0,1430,10999999.999999998,1430,997139.9999999981
2025-02-17,37440,情報･通信業,71.1,380.0,361.0,SL(-5%),2025-03-05,10000000.0,1430,9500000.0,1430,-502860.0
2025-02-17,43790,情報･通信業,65.4,312.0,296.4,SL(-5%),2025-03-05,10000000.0,1430,9500000.0,1430,-502860.0
2025-02-17,70820,サービス業,69.6,707.5,672.1,SL(-5%),2025-03-11,10000000.0,1430,9499646.643109541,1430,-503213.3568904586
2025-02-17,31850,小売業,66.2,139.0,152.9,TP(+10%),2025-03-05,10000000.0,1430,11000000.0,1430,997140.0
2025-02-18,78030,その他製品,74.4,267.5,254.1,SL(-5%),2025-03-11,10000000.0,1430,9499065.420560747,1430,-503794.5794392526
2025-02-18,39970,情報･通信業,84.2,159.5,151.5,SL(-5%),2025-03-05,10000000.0,1430,9498432.601880878,1430,-504427.3981191218
2025-02-18,27210,卸売業,80.2,187.0,205.7,TP(+10%),2025-03-06,10000000.0,1430,10999999.999999998,1430,997139.9999999981
2025-02-18,42510,化学,64.6,1209.0,1148.5,SL(-5%),2025-03-10,10000000.0,1430,9499586.435070306,1430,-503273.56492969394
2025-02-18,58890,小売業,63.8,2170.0,2061.5,SL(-5%),2025-03-07,10000000.0,1430,9500000.0,1430,-502860.0
2025-02-18,95190,電気･ガス業,66.8,729.0,692.5,SL(-5%),2025-03-05,10000000.0,1430,9499314.128943758,1430,-503545.8710562419
2025-02-19,47070,サービス業,89.0,367.0,348.6,SL(-5%),2025-03-05,10000000.0,1430,9498637.602179836,1430,-504222.3978201635
2025-02-19,44360,情報･通信業,91.7,632.0,600.4,SL(-5%),2025-03-05,10000000.0,1430,9500000.0,1430,-502860.0
2025-02-19,92250,サービス業,76.4,1192.0,1132.4,SL(-5%),2025-03-05,10000000.0,1430,9500000.0,1430,-502860.0
2025-02-19,52550,情報･通信業,94.8,96.0,91.2,SL(-5%),2025-03-05,10000000.0,1430,9500000.0,1430,-502860.0
2025-02-19,49720,化学,76.5,1765.0,1676.8,SL(-5%),2025-03-05,10000000.0,1430,9500283.28611898,1430,-502576.7138810195
2025-02-19,45940,医薬品,76.5,49.0,46.5,SL(-5%),2025-03-05,10000000.0,1430,9489795.918367347,1430,-513064.08163265325
2025-02-19,58560,その他,83.7,40.0,44.0,TP(+10%),2025-03-05,10000000.0,1430,11000000.0,1430,997140.0
2025-02-19,35650,卸売業,80.0,361.66666666666663,343.6,SL(-5%),2025-03-11,10000000.0,1430,9500460.829493089,1430,-502399.17050691135
2025-02-19,168A0,その他製品,81.5,1232.0,1170.4,SL(-5%),2025-03-05,10000000.0,1430,9500000.0,1430,-502860.0
2025-02-19,74090,輸送用機器,85.4,399.16666666666663,379.2,SL(-5%),2025-03-05,10000000.0,1430,9499791.231732776,1430,-503068.7682672236
2025-02-19,21340,サービス業,75.5,20.0,19.0,SL(-5%),2025-03-05,10000000.0,1430,9500000.0,1430,-502860.0
2025-02-19,95640,サービス業,68.0,583.0,553.9,SL(-5%),2025-03-10,10000000.0,1430,9500857.632933104,1430,-502002.3670668956
2025-02-19,55900,情報･通信業,75.3,933.0,886.3,SL(-5%),2025-03-05,10000000.0,1430,9499464.0943194,1430,-503395.90568060055
2025-02-19,92290,サービス業,83.4,702.0,666.9,SL(-5%),2025-03-05,10000000.0,1430,9500000.0,1430,-502860.0
2025-02-19,265A0,情報･通信業,68.9,880.0,968.0,TP(+10%),2025-03-05,10000000.0,1430,11000000.0,1430,997140.0
2025-02-19,45760,医薬品,72.0,147.0,139.7,SL(-5%),2025-03-05,10000000.0,1430,9503401.360544218,1430,-499458.63945578225
2025-02-19,66960,電気機器,64.3,455.0,432.2,SL(-5%),2025-03-07,10000000.0,1430,9498901.098901099,1430,-503958.9010989014
2025-02-19,76850,卸売業,68.9,1375.0,1306.2,SL(-5%),2025-03-05,10000000.0,1430,9499636.363636363,1430,-503223.6363636367
2025-02-19,47660,サービス業,62.5,260.0,247.0,SL(-5%),2025-03-05,10000000.0,1430,9500000.0,1430,-502860.0
2025-02-19,57070,非鉄金属,63.5,625.0,593.8,SL(-5%),2025-03-05,10000000.0,1430,9500800.0,1430,-502060.0
2025-02-19,29980,不動産業,69.4,601.0,661.1,TP(+10%),2025-03-05,10000000.0,1430,11000000.0,1430,997140.0
2025-03-05,44380,情報･通信業,94.3,337.0,320.1,SL(-5%),2025-03-06,10000000.0,1430,9498516.320474777,1430,-504343.67952522263
2025-03-05,65220,電気機器,83.6,487.0,462.6,SL(-5%),2025-03-11,10000000.0,1430,9498973.305954825,1430,-503886.69404517487
2025-03-05,87980,保険業,85.2,314.0,298.3,SL(-5%),2025-03-06,10000000.0,1430,9500000.0,1430,-502860.0
2025-03-05,21600,医薬品,87.6,2475.0,2351.2,SL(-5%),2025-03-10,10000000.0,1430,9499797.97979798,1430,-503062.0202020202
2025-03-05,36720,情報･通信業,88.9,69.0,65.5,SL(-5%),2025-03-06,10000000.0,1430,9492753.623188406,1430,-510106.3768115938
2025-03-05,141A0,小売業,82.5,2040.0,2244.0,TP(+10%),2025-03-06,10000000.0,1430,11000000.0,1430,997140.0
2025-03-05,61410,機械,78.2,2975.0,3272.5,TP(+10%),2025-03-06,10000000.0,1430,11000000.0,1430,997140.0
2025-03-05,60850,サービス業,78.7,17.333333333333332,16.5,SL(-5%),2025-03-06,10000000.0,1430,9519230.76923077,1430,-483629.23076923005
2025-03-05,70930,サービス業,77.3,647.0,614.6,SL(-5%),2025-03-06,10000000.0,1430,9499227.202472953,1430,-503632.7975270469
2025-03-05,45980,医薬品,72.9,577.0,548.1,SL(-5%),2025-03-10,10000000.0,1430,9499133.448873483,1430,-503726.55112651736
2025-03-05,56160,情報･通信業,65.8,1202.0,1141.9,SL(-5%),2025-03-06,10000000.0,1430,9500000.0,1430,-502860.0
2025-03-05,44990,情報･通信業,67.5,2735.0,2598.2,SL(-5%),2025-03-06,10000000.0,1430,9499817.184643509,1430,-503042.81535649113
2025-03-05,93480,サービス業,64.3,668.0,634.6,SL(-5%),2025-03-11,10000000.0,1430,9500000.0,1430,-502860.0
2025-03-05,70120,輸送用機器,70.2,1700.0,1870.0,TP(+10%),2025-03-06,10000000.0,1430,11000000.0,1430,997140.0
2025-02-14,73690,サービス業,75.2,635.6666666666666,603.9,SL(-5%),2025-03-13,10000000.0,1430,9500262.191924488,1430,-502597.8080755118
2025-03-06,27620,小売業,91.8,106.0,100.7,SL(-5%),2025-03-07,10000000.0,1430,9500000.0,1430,-502860.0
2025-03-06,44990,情報･通信業,84.4,2431.0,2309.4,SL(-5%),2025-03-07,10000000.0,1430,9499794.323323736,1430,-503065.67667626403
2025-03-06,36640,情報･通信業,84.2,37.0,35.1,SL(-5%),2025-03-07,10000000.0,1430,9486486.486486487,1430,-516373.5135135129
2025-03-06,48320,情報･通信業,72.7,1882.5,1788.4,SL(-5%),2025-03-11,10000000.0,1430,9500132.802124834,1430,-502727.1978751663
2025-03-06,21600,医薬品,72.7,2559.0,2431.0,SL(-5%),2025-03-07,10000000.0,1430,9499804.61117624,1430,-503055.3888237607
2025-03-06,62080,機械,68.4,1434.0,1362.3,SL(-5%),2025-03-11,10000000.0,1430,9500000.0,1430,-502860.0
2025-03-06,141A0,小売業,70.4,2045.0,1942.8,SL(-5%),2025-03-07,10000000.0,1430,9500244.498777505,1430,-502615.501222495
2025-03-06,36720,情報･通信業,80.4,62.0,68.2,TP(+10%),2025-03-07,10000000.0,1430,11000000.0,1430,997140.0
2025-03-06,28840,食料品,67.7,1004.0,953.8,SL(-5%),2025-03-11,10000000.0,1430,9500000.0,1430,-502860.0
2025-03-06,56160,情報･通信業,78.0,1078.0,1185.8,TP(+10%),2025-03-07,10000000.0,1430,10999999.999999998,1430,997139.9999999981
2025-03-06,96100,サービス業,65.8,87.0,82.6,SL(-5%),2025-03-10,10000000.0,1430,9494252.873563219,1430,-508607.12643678114
2025-03-06,64690,機械,64.4,1275.0,1211.2,SL(-5%),2025-03-11,10000000.0,1430,9499607.843137255,1430,-503252.15686274506
2025-03-06,52460,情報･通信業,77.3,1022.0,970.9,SL(-5%),2025-03-07,10000000.0,1430,9500000.0,1430,-502860.0
2024-12-27,41740,情報･通信業,67.4,798.0,877.8,TP(+10%),2025-03-18,10000000.0,1430,10999999.999999998,1430,997139.9999999981
2025-01-31,70220,機械,85.3,173.0,190.3,TP(+10%),2025-03-18,10000000.0,1430,11000000.0,1430,997140.0
2025-02-12,49600,化学,61.9,337.0,320.1,SL(-5%),2025-03-17,10000000.0,1430,9498516.320474777,1430,-504343.67952522263
2025-02-14,64160,その他,64.3,776.0,737.2,SL(-5%),2025-03-18,10000000.0,1430,9500000.0,1430,-502860.0
2025-02-17,66480,電気機器,71.8,800.0,760.0,SL(-5%),2025-03-14,10000000.0,1430,9500000.0,1430,-502860.0
2025-02-19,49110,化学,84.5,2669.0,2935.9,TP(+10%),2025-03-18,10000000.0,1430,11000000.0,1430,997140.0
2025-03-06,149A0,情報･通信業,82.1,943.0,895.8,SL(-5%),2025-03-14,10000000.0,1430,9499469.77730647,1430,-503390.22269353084
2025-03-06,63910,機械,66.8,3630.0,3448.5,SL(-5%),2025-03-14,10000000.0,1430,9500000.0,1430,-502860.0
2025-03-07,36720,情報･通信業,83.9,67.0,73.7,TP(+10%),2025-03-12,10000000.0,1430,11000000.0,1430,997140.0
2025-03-07,67210,電気機器,78.5,156.0,148.2,SL(-5%),2025-03-12,10000000.0,1430,9500000.0,1430,-502860.0
2025-03-07,21640,サービス業,70.4,63.98453093812376,70.4,TP(+10%),2025-03-14,10000000.0,1430,11002659.387794891,1430,999799.3877948914
2025-03-07,31950,小売業,66.6,526.0,499.7,SL(-5%),2025-03-17,10000000.0,1430,9500000.0,1430,-502860.0
2025-01-31,26290,その他,89.8,2838.0,3121.8,TP(+10%),2025-03-21,10000000.0,1430,11000000.0,1430,997140.0
2025-02-07,94210,情報･通信業,62.8,484.0,532.4,TP(+10%),2025-03-21,10000000.0,1430,10999999.999999998,1430,997139.9999999981
2025-02-13,60610,サービス業,73.5,1937.5,2131.2,TP(+10%),2025-03-24,10000000.0,1430,10999741.935483871,1430,996881.935483871
2025-02-13,63300,建設業,70.2,690.0,759.0,TP(+10%),2025-03-19,10000000.0,1430,11000000.0,1430,997140.0
2025-03-06,57290,非鉄金属,69.6,1462.5,1389.4,SL(-5%),2025-03-19,10000000.0,1430,9500170.940170942,1430,-502689.0598290581
2025-03-07,52460,情報･通信業,70.9,1009.0,958.5,SL(-5%),2025-03-19,10000000.0,1430,9499504.459861249,1430,-503355.54013875127
2025-03-12,40730,情報･通信業,78.2,676.0,743.6,TP(+10%),2025-03-14,10000000.0,1430,11000000.0,1430,997140.0
2025-03-12,60290,サービス業,90.1,123.0,135.3,TP(+10%),2025-03-21,10000000.0,1430,11000000.0,1430,997140.0
2025-03-12,70640,サービス業,92.9,1113.0,1057.3,SL(-5%),2025-03-14,10000000.0,1430,9499550.763701707,1430,-503309.2362982929
2025-03-12,44220,情報･通信業,94.2,229.0,217.5,SL(-5%),2025-03-14,10000000.0,1430,9497816.593886463,1430,-505043.406113537
2025-03-12,93270,倉庫･運輸関連業,92.2,317.0,301.1,SL(-5%),2025-03-14,10000000.0,1430,9498422.712933755,1430,-504437.28706624545
2025-03-12,96100,サービス業,88.7,83.0,91.3,TP(+10%),2025-03-14,10000000.0,1430,10999999.999999998,1430,997139.9999999981
2025-03-12,141A0,小売業,78.7,2379.0,2616.9,TP(+10%),2025-03-14,10000000.0,1430,11000000.0,1430,997140.0
2025-03-12,44250,情報･通信業,82.4,1450.0,1377.5,SL(-5%),2025-03-14,10000000.0,1430,9500000.0,1430,-502860.0
2025-03-12,36720,情報･通信業,69.3,93.0,88.3,SL(-5%),2025-03-14,10000000.0,1430,9494623.655913979,1430,-508236.3440860212
2025-03-12,29910,不動産業,69.6,594.0,564.3,SL(-5%),2025-03-18,10000000.0,1430,9500000.0,1430,-502860.0
2025-03-12,34960,不動産業,66.3,3500.0,3325.0,SL(-5%),2025-03-21,10000000.0,1430,9500000.0,1430,-502860.0
2025-03-12,65730,サービス業,67.9,81.0,77.0,SL(-5%),2025-03-19,10000000.0,1430,9506172.839506174,1430,-496687.1604938265
2025-03-12,95530,サービス業,65.6,272.0,299.2,TP(+10%),2025-03-19,10000000.0,1430,10999999.999999998,1430,997139.9999999981
2025-02-13,73180,輸送用機器,79.8,420.0,462.0,TP(+10%),2025-03-24,10000000.0,1430,11000000.0,1430,997140.0
2025-02-14,173A0,情報･通信業,72.9,1453.0,1598.3,TP(+10%),2025-03-24,10000000.0,1430,10999999.999999998,1430,997139.9999999981
2025-03-05,23340,サービス業,84.8,51.2,56.3,TP(+10%),2025-03-24,10000000.0,1430,10996093.75,1430,993233.75
2025-03-07,61410,機械,65.4,3251.0,3088.4,SL(-5%),2025-03-24,10000000.0,1430,9499846.20116887,1430,-503013.79883112945
2025-03-14,43160,情報･通信業,82.5,433.0,411.3,SL(-5%),2025-03-17,10000000.0,1430,9498845.265588915,1430,-504014.734411085
2025-03-14,88940,不動産業,99.0,113.0,107.3,SL(-5%),2025-03-17,10000000.0,1430,9495575.221238937,1430,-507284.7787610628
2025-03-14,81420,卸売業,81.8,1083.3333333333333,1191.7,TP(+10%),2025-03-18,10000000.0,1430,11000307.692307694,1430,997447.6923076939
2025-03-14,95560,サービス業,84.2,2575.0,2446.2,SL(-5%),2025-03-17,10000000.0,1430,9499805.825242717,1430,-503054.1747572832
2025-03-14,92360,サービス業,77.4,1211.0,1150.5,SL(-5%),2025-03-17,10000000.0,1430,9500412.881915772,1430,-502447.11808422767
2025-03-14,36640,情報･通信業,85.8,41.0,45.1,TP(+10%),2025-03-17,10000000.0,1430,11000000.0,1430,997140.0
2025-03-14,85840,その他金融業,82.9,3840.0,4224.0,TP(+10%),2025-03-18,10000000.0,1430,11000000.0,1430,997140.0
2025-03-14,58890,小売業,73.9,2585.0,2455.8,SL(-5%),2025-03-19,10000000.0,1430,9500193.423597679,1430,-502666.57640232146
2025-03-14,29830,不動産業,78.5,811.5,770.9,SL(-5%),2025-03-17,10000000.0,1430,9499691.928527419,1430,-503168.0714725815
2025-03-14,96100,サービス業,84.7,83.0,91.3,TP(+10%),2025-03-17,10000000.0,1430,10999999.999999998,1430,997139.9999999981
2025-03-14,219A0,医薬品,83.3,2009.0,2209.9,TP(+10%),2025-03-17,10000000.0,1430,11000000.0,1430,997140.0
2025-03-14,45710,医薬品,67.8,159.0,151.0,SL(-5%),2025-03-18,10000000.0,1430,9496855.34591195,1430,-506004.6540880501
2025-03-14,34910,不動産業,67.9,1094.0,1203.4,TP(+10%),2025-03-19,10000000.0,1430,11000000.0,1430,997140.0
2025-03-14,288A0,サービス業,68.1,225.0,213.8,SL(-5%),2025-03-19,10000000.0,1430,9502222.222222224,1430,-500637.7777777761
2025-03-14,92420,サービス業,77.2,1520.0,1672.0,TP(+10%),2025-03-17,10000000.0,1430,11000000.0,1430,997140.0
2025-03-14,73270,銀行業,69.0,1001.6666666666666,1101.8,TP(+10%),2025-03-18,10000000.0,1430,10999667.221297838,1430,996807.2212978378
2025-03-14,43690,化学,74.7,3420.0,3249.0,SL(-5%),2025-03-17,10000000.0,1430,9500000.0,1430,-502860.0
2025-03-14,45970,医薬品,72.3,41.0,38.9,SL(-5%),2025-03-17,10000000.0,1430,9487804.87804878,1430,-515055.12195122056
2025-03-14,36720,情報･通信業,80.4,69.0,75.9,TP(+10%),2025-03-17,10000000.0,1430,11000000.0,1430,997140.0
2025-03-14,25860,食料品,69.2,160.0,176.0,TP(+10%),2025-03-17,10000000.0,1430,11000000.0,1430,997140.0
2025-01-21,72610,輸送用機器,67.7,1004.0,1104.4,TP(+10%),2025-03-25,10000000.0,1430,11000000.0,1430,997140.0
2025-03-12,70440,サービス業,74.4,247.0,271.7,TP(+10%),2025-03-25,10000000.0,1430,10999999.999999998,1430,997139.9999999981
2025-03-12,42650,情報･通信業,79.7,279.0,306.9,TP(+10%),2025-03-25,10000000.0,1430,10999999.999999998,1430,997139.9999999981
2025-03-12,48800,医薬品,69.5,832.0,790.4,SL(-5%),2025-03-25,10000000.0,1430,9500000.0,1430,-502860.0
2025-03-17,96100,サービス業,92.0,95.0,90.2,SL(-5%),2025-03-18,10000000.0,1430,9494736.842105264,1430,-508123.15789473616
2025-03-17,60480,その他,83.6,116.0,127.6,TP(+10%),2025-03-19,10000000.0,1430,10999999.999999998,1430,997139.9999999981
2025-03-17,40140,情報･通信業,78.4,510.0,484.5,SL(-5%),2025-03-18,10000000.0,1430,9500000.0,1430,-502860.0
2025-03-17,43160,情報･通信業,79.2,450.0,427.5,SL(-5%),2025-03-18,10000000.0,1430,9500000.0,1430,-502860.0
2025-03-17,60460,サービス業,81.1,120.0,132.0,TP(+10%),2025-03-18,10000000.0,1430,11000000.0,1430,997140.0
2025-03-17,66140,電気機器,82.1,1290.0,1225.5,SL(-5%),2025-03-18,10000000.0,1430,9500000.0,1430,-502860.0
2025-03-17,26560,小売業,82.5,87.0,95.7,TP(+10%),2025-03-24,10000000.0,1430,11000000.0,1430,997140.0
2025-03-17,75780,小売業,74.8,135.0,148.5,TP(+10%),2025-03-21,10000000.0,1430,11000000.0,1430,997140.0
2025-03-17,46850,情報･通信業,71.0,3455.0,3800.5,TP(+10%),2025-03-24,10000000.0,1430,11000000.0,1430,997140.0
2025-03-17,219A0,医薬品,79.9,2322.0,2205.9,SL(-5%),2025-03-19,10000000.0,1430,9500000.0,1430,-502860.0
2025-03-17,36640,情報･通信業,79.3,44.0,41.8,SL(-5%),2025-03-18,10000000.0,1430,9500000.0,1430,-502860.0
2025-03-17,23450,情報･通信業,83.6,230.0,218.5,SL(-5%),2025-03-18,10000000.0,1430,9500000.0,1430,-502860.0
2025-03-17,88940,不動産業,76.0,101.0,111.1,TP(+10%),2025-03-18,10000000.0,1430,10999999.999999998,1430,997139.9999999981
2025-03-17,43690,化学,67.0,3405.0,3234.8,SL(-5%),2025-03-19,10000000.0,1430,9500146.842878122,1430,-502713.1571218781
2025-03-17,51310,情報･通信業,64.4,163.0,179.3,TP(+10%),2025-03-21,10000000.0,1430,11000000.0,1430,997140.0
2025-03-17,92360,サービス業,69.7,1195.0,1135.2,SL(-5%),2025-03-19,10000000.0,1430,9499581.58995816,1430,-503278.41004184075
2025-03-17,17570,その他,69.0,19.0,18.1,SL(-5%),2025-03-18,10000000.0,1430,9526315.789473685,1430,-476544.2105263155
2025-03-17,95010,電気･ガス業,67.7,459.8,436.8,SL(-5%),2025-03-18,10000000.0,1430,9499782.51413658,1430,-503077.48586341925
2025-03-17,186A0,サービス業,66.7,840.0,798.0,SL(-5%),2025-03-18,10000000.0,1430,9500000.0,1430,-502860.0
2025-03-17,91660,サービス業,68.3,1297.5,1427.3,TP(+10%),2025-03-24,10000000.0,1430,11000385.35645472,1430,997525.3564547207
2025-02-10,71830,その他金融業,89.4,147.0,161.7,TP(+10%),2025-03-26,10000000.0,1430,10999999.999999998,1430,997139.9999999981
2025-02-17,91640,その他,65.2,372.0,409.2,TP(+10%),2025-03-26,10000000.0,1430,10999999.999999998,1430,997139.9999999981
2025-02-18,44920,情報･通信業,69.9,491.0,540.1,TP(+10%),2025-03-26,10000000.0,1430,11000000.0,1430,997140.0
2025-03-12,93480,サービス業,64.3,692.0,761.2,TP(+10%),2025-03-26,10000000.0,1430,11000000.0,1430,997140.0
2025-03-18,92790,小売業,81.7,1497.5,1422.6,SL(-5%),2025-03-21,10000000.0,1430,9499833.055091819,1430,-503026.9449081812
2025-03-18,40730,情報･通信業,86.9,805.0,764.8,SL(-5%),2025-03-19,10000000.0,1430,9500621.118012423,1430,-502238.8819875773
2025-03-18,68360,電気機器,88.4,1610.0,1771.0,TP(+10%),2025-03-25,10000000.0,1430,11000000.0,1430,997140.0
2025-03-18,66560,電気機器,75.5,610.0,579.5,SL(-5%),2025-03-24,10000000.0,1430,9500000.0,1430,-502860.0
2025-03-18,23230,情報･通信業,76.7,155.0,147.2,SL(-5%),2025-03-19,10000000.0,1430,9496774.193548387,1430,-506085.8064516131
2025-03-18,46850,情報･通信業,66.4,3550.0,3905.0,TP(+10%),2025-03-24,10000000.0,1430,11000000.0,1430,997140.0
2025-03-18,96100,サービス業,75.8,89.0,97.9,TP(+10%),2025-03-19,10000000.0,1430,11000000.0,1430,997140.0
2025-03-18,219A0,医薬品,69.6,2231.0,2454.1,TP(+10%),2025-03-24,10000000.0,1430,10999999.999999998,1430,997139.9999999981
2025-03-18,66140,電気機器,72.9,1196.0,1136.2,SL(-5%),2025-03-24,10000000.0,1430,9500000.0,1430,-502860.0
2025-03-18,43160,情報･通信業,68.5,424.0,402.8,SL(-5%),2025-03-19,10000000.0,1430,9500000.0,1430,-502860.0
2025-03-18,73520,サービス業,65.5,1104.0,1048.8,SL(-5%),2025-03-24,10000000.0,1430,9500000.0,1430,-502860.0
2025-03-18,88940,不動産業,80.6,101.0,95.9,SL(-5%),2025-03-19,10000000.0,1430,9495049.504950495,1430,-507810.49504950456
2025-01-30,72730,輸送用機器,91.4,339.5,373.5,TP(+10%),2025-03-27,10000000.0,1430,11001472.754050074,1430,998612.7540500741
2025-01-31,52040,ガラス･土石製品,64.4,2412.0,2653.2,TP(+10%),2025-03-27,10000000.0,1430,10999999.999999998,1430,997139.9999999981
2025-02-17,43870,情報･通信業,65.0,803.0,883.3,TP(+10%),2025-03-27,10000000.0,1430,10999999.999999998,1430,997139.9999999981
2025-03-07,55950,その他,70.5,951.0,903.4,SL(-5%),2025-03-27,10000000.0,1430,9499474.237644585,1430,-503385.76235541515
2025-03-12,69660,電気機器,74.4,745.0,707.8,SL(-5%),2025-03-27,10000000.0,1430,9500671.140939597,1430,-502188.85906040296
2025-03-14,70730,サービス業,92.8,2233.0,2121.3,SL(-5%),2025-03-27,10000000.0,1430,9499776.085982984,1430,-503083.91401701607
2025-03-17,64690,機械,74.6,1515.0,1439.2,SL(-5%),2025-03-27,10000000.0,1430,9499669.9669967,1430,-503190.0330033004
2025-03-18,60460,サービス業,88.0,122.0,134.2,TP(+10%),2025-03-27,10000000.0,1430,10999999.999999998,1430,997139.9999999981
2025-03-18,35650,卸売業,85.2,413.66666666666663,393.0,SL(-5%),2025-03-27,10000000.0,1430,9500402.900886383,1430,-502457.0991136171
2025-03-18,38560,電気機器,70.8,634.0,602.3,SL(-5%),2025-03-27,10000000.0,1430,9500000.0,1430,-502860.0
2025-03-19,67690,電気機器,85.8,1023.0,971.8,SL(-5%),2025-03-27,10000000.0,1430,9499511.241446726,1430,-503348.758553274
2025-03-19,48890,医薬品,84.1,1246.0,1183.7,SL(-5%),2025-03-24,10000000.0,1430,9500000.0,1430,-502860.0
2025-03-19,44380,情報･通信業,82.7,404.0,444.4,TP(+10%),2025-03-21,10000000.0,1430,10999999.999999998,1430,997139.9999999981
2025-03-19,130A0,医薬品,73.6,860.0,817.0,SL(-5%),2025-03-25,10000000.0,1430,9500000.0,1430,-502860.0
2025-03-19,55350,不動産業,80.9,1435.0,1363.2,SL(-5%),2025-03-24,10000000.0,1430,9499651.567944251,1430,-503208.432055749
2025-03-19,46850,情報･通信業,63.0,3520.0,3872.0,TP(+10%),2025-03-24,10000000.0,1430,11000000.0,1430,997140.0
2025-03-19,96100,サービス業,75.4,87.0,95.7,TP(+10%),2025-03-25,10000000.0,1430,11000000.0,1430,997140.0
2025-03-19,60850,サービス業,74.1,16.6,15.8,SL(-5%),2025-03-24,10000000.0,1430,9518072.289156627,1430,-484787.7108433731
2025-03-19,43690,化学,65.7,3060.0,2907.0,SL(-5%),2025-03-26,10000000.0,1430,9500000.0,1430,-502860.0
2025-03-19,21340,サービス業,66.4,20.0,22.0,TP(+10%),2025-03-21,10000000.0,1430,11000000.0,1430,997140.0
2025-03-19,25860,食料品,68.6,162.0,153.9,SL(-5%),2025-03-24,10000000.0,1430,9500000.0,1430,-502860.0
2025-02-18,32240,小売業,76.6,900.0,855.0,SL(-5%),2025-03-28,10000000.0,1430,9500000.0,1430,-502860.0
2025-03-12,87460,証券･商品先物取引業,71.7,312.0,296.4,SL(-5%),2025-03-28,10000000.0,1430,9500000.0,1430,-502860.0
2025-03-17,49600,化学,66.9,334.0,317.3,SL(-5%),2025-03-28,10000000.0,1430,9500000.0,1430,-502860.0
2025-03-18,15140,鉱業,81.5,813.0,772.3,SL(-5%),2025-03-28,10000000.0,1430,9499384.993849937,1430,-503475.0061500631
2025-03-18,43800,情報･通信業,75.7,620.0,589.0,SL(-5%),2025-03-28,10000000.0,1430,9500000.0,1430,-502860.0
2025-03-19,93270,倉庫･運輸関連業,83.9,298.0,283.1,SL(-5%),2025-03-28,10000000.0,1430,9500000.0,1430,-502860.0
2025-03-19,77110,精密機器,65.1,1943.0,1845.8,SL(-5%),2025-03-28,10000000.0,1430,9499742.665980441,1430,-503117.3340195585
2025-03-19,70420,サービス業,71.6,567.5,539.1,SL(-5%),2025-03-28,10000000.0,1430,9499559.47136564,1430,-503300.52863436006
2025-03-19,40400,化学,66.0,2834.0,2692.3,SL(-5%),2025-03-28,10000000.0,1430,9500000.0,1430,-502860.0
2025-03-19,302A0,サービス業,76.6,750.0,712.5,SL(-5%),2025-03-28,10000000.0,1430,9500000.0,1430,-502860.0
2025-03-21,75240,小売業,91.8,190.0,180.5,SL(-5%),2025-03-26,10000000.0,1430,9500000.0,1430,-502860.0
2025-03-21,75780,小売業,96.0,131.0,144.1,TP(+10%),2025-03-26,10000000.0,1430,10999999.999999998,1430,997139.9999999981
2025-03-21,44380,情報･通信業,92.0,430.0,408.5,SL(-5%),2025-03-24,10000000.0,1430,9500000.0,1430,-502860.0
2025-03-21,206A0,医薬品,71.4,305.0,289.8,SL(-5%),2025-03-27,10000000.0,1430,9501639.344262296,1430,-501220.65573770367
2025-03-21,45970,医薬品,67.1,41.0,38.9,SL(-5%),2025-03-25,10000000.0,1430,9487804.87804878,1430,-515055.12195122056
2025-03-21,21340,サービス業,75.2,21.0,19.9,SL(-5%),2025-03-26,10000000.0,1430,9476190.476190476,1430,-526669.5238095243
2025-03-21,62540,機械,70.3,2726.0,2589.7,SL(-5%),2025-03-28,10000000.0,1430,9500000.0,1430,-502860.0
2025-03-21,66190,電気機器,70.2,235.0,258.5,TP(+10%),2025-03-25,10000000.0,1430,11000000.0,1430,997140.0
2025-03-21,74090,輸送用機器,71.0,416.5,395.7,SL(-5%),2025-03-26,10000000.0,1430,9500600.240096038,1430,-502259.7599039618
2025-03-21,63150,機械,76.6,1687.0,1855.7,TP(+10%),2025-03-24,10000000.0,1430,11000000.0,1430,997140.0
2025-03-21,66590,電気機器,71.3,71.0,67.5,SL(-5%),2025-03-28,10000000.0,1430,9507042.253521126,1430,-495817.74647887424
2025-03-21,68360,電気機器,72.6,1703.3333333333333,1618.2,SL(-5%),2025-03-25,10000000.0,1430,9500195.694716243,1430,-502664.3052837569
2025-03-21,23450,情報･通信業,76.6,260.0,247.0,SL(-5%),2025-03-24,10000000.0,1430,9500000.0,1430,-502860.0
2025-03-21,37630,情報･通信業,63.8,902.5,857.4,SL(-5%),2025-03-28,10000000.0,1430,9500277.00831025,1430,-502582.9916897509
2025-01-31,21270,サービス業,71.4,609.1,578.6,SL(-5%),2025-03-31,10000000.0,1430,9499261.205056641,1430,-503598.79494335875
2025-02-13,18470,建設業,68.5,1423.5,1352.3,SL(-5%),2025-03-31,10000000.0,1430,9499824.376536705,1430,-503035.6234632954
2025-02-17,93410,サービス業,69.9,1054.0,1001.3,SL(-5%),2025-03-31,10000000.0,1430,9500000.0,1430,-502860.0
2025-02-18,49140,化学,74.4,1330.0,1263.5,SL(-5%),2025-03-31,10000000.0,1430,9500000.0,1430,-502860.0
2025-03-05,49180,化学,71.3,240.0,264.0,TP(+10%),2025-03-31,10000000.0,1430,11000000.0,1430,997140.0
2025-03-06,65220,電気機器,65.4,478.0,454.1,SL(-5%),2025-03-31,10000000.0,1430,9500000.0,1430,-502860.0
2025-03-14,48880,医薬品,62.2,398.0,378.1,SL(-5%),2025-03-31,10000000.0,1430,9500000.0,1430,-502860.0
2025-03-17,95560,サービス業,75.3,2340.0,2223.0,SL(-5%),2025-03-31,10000000.0,1430,9500000.0,1430,-502860.0
2025-03-19,66640,電気機器,69.7,246.0,233.7,SL(-5%),2025-03-31,10000000.0,1430,9500000.0,1430,-502860.0
2025-03-21,304A0,情報･通信業,74.8,2285.0,2170.8,SL(-5%),2025-03-31,10000000.0,1430,9500218.818380745,1430,-502641.1816192549
2025-03-21,38650,パルプ・紙,66.3,1269.0,1205.5,SL(-5%),2025-03-31,10000000.0,1430,9499605.98896769,1430,-503254.0110323094
2025-03-21,67690,電気機器,66.2,980.0,931.0,SL(-5%),2025-03-31,10000000.0,1430,9500000.0,1430,-502860.0
2025-03-24,153A0,情報･通信業,97.5,1039.0,987.0,SL(-5%),2025-03-27,10000000.0,1430,9499518.768046198,1430,-503341.2319538016
2025-03-24,70630,サービス業,87.1,231.0,254.1,TP(+10%),2025-03-27,10000000.0,1430,11000000.0,1430,997140.0
2025-03-24,32370,不動産業,72.1,94.0,89.3,SL(-5%),2025-03-28,10000000.0,1430,9500000.0,1430,-502860.0
2025-03-24,17570,その他,81.4,23.0,21.8,SL(-5%),2025-03-25,10000000.0,1430,9478260.869565219,1430,-524599.1304347813
2025-03-24,77190,精密機器,72.4,188.0,206.8,TP(+10%),2025-03-26,10000000.0,1430,11000000.0,1430,997140.0
2025-03-24,44380,情報･通信業,82.6,401.0,380.9,SL(-5%),2025-03-27,10000000.0,1430,9498753.117206981,1430,-504106.8827930186
2025-03-24,74620,小売業,74.8,175.0,166.2,SL(-5%),2025-03-25,10000000.0,1430,9497142.857142856,1430,-505717.14285714366
2025-03-24,63150,機械,77.9,1672.0,1588.4,SL(-5%),2025-03-28,10000000.0,1430,9500000.0,1430,-502860.0
2025-03-24,149A0,情報･通信業,76.0,1074.0,1181.4,TP(+10%),2025-03-25,10000000.0,1430,11000000.0,1430,997140.0
2025-03-24,88300,不動産業,81.4,3021.0,2869.9,SL(-5%),2025-03-31,10000000.0,1430,9499834.491890103,1430,-503025.5081098974
2025-03-24,58580,非鉄金属,66.7,1485.5,1411.2,SL(-5%),2025-03-27,10000000.0,1430,9499831.706496129,1430,-503028.2935038712
2025-01-30,66680,電気機器,67.0,1425.0,1353.8,SL(-5%),2025-04-01,10000000.0,1430,9500350.877192982,1430,-502509.12280701846
2025-02-10,31310,卸売業,83.2,2293.0,2178.3,SL(-5%),2025-04-01,10000000.0,1430,9499781.945050154,1430,-503078.0549498461
2025-03-14,61770,サービス業,82.6,94.0,89.3,SL(-5%),2025-04-01,10000000.0,1430,9500000.0,1430,-502860.0
2025-03-17,92420,サービス業,91.1,1431.0,1359.5,SL(-5%),2025-04-01,10000000.0,1430,9500349.406009784,1430,-502510.59399021603
2025-03-19,75520,卸売業,65.9,2655.0,2522.2,SL(-5%),2025-04-01,10000000.0,1430,9499811.676082863,1430,-503048.32391713746
2025-03-21,51310,情報･通信業,89.8,163.0,154.8,SL(-5%),2025-04-01,10000000.0,1430,9496932.515337424,1430,-505927.48466257565
2025-03-24,26560,小売業,78.3,88.0,96.8,TP(+10%),2025-04-01,10000000.0,1430,10999999.999999998,1430,997139.9999999981
2025-03-25,67750,電気機器,91.1,145.0,137.8,SL(-5%),2025-03-28,10000000.0,1430,9503448.27586207,1430,-499411.7241379302
2025-03-25,70440,サービス業,87.8,269.0,255.5,SL(-5%),2025-03-31,10000000.0,1430,9498141.26394052,1430,-504718.7360594794
2025-03-25,65730,サービス業,94.7,82.0,77.9,SL(-5%),2025-03-27,10000000.0,1430,9500000.0,1430,-502860.0
2025-03-25,149A0,情報･通信業,88.0,1228.0,1166.6,SL(-5%),2025-03-26,10000000.0,1430,9500000.0,1430,-502860.0
2025-03-25,92350,サービス業,84.8,505.0,479.8,SL(-5%),2025-03-28,10000000.0,1430,9500990.099009901,1430,-501869.9009900987
2025-03-25,70710,サービス業,76.0,458.0,503.8,TP(+10%),2025-03-28,10000000.0,1430,11000000.0,1430,997140.0
2025-03-25,76150,小売業,73.3,93.0,88.3,SL(-5%),2025-04-01,10000000.0,1430,9494623.655913979,1430,-508236.3440860212
2025-03-25,27000,卸売業,72.1,1500.0,1425.0,SL(-5%),2025-03-28,10000000.0,1430,9500000.0,1430,-502860.0
2025-03-25,38070,情報･通信業,78.5,160.0,152.0,SL(-5%),2025-03-27,10000000.0,1430,9500000.0,1430,-502860.0
2025-03-25,96100,サービス業,80.5,85.0,80.8,SL(-5%),2025-03-28,10000000.0,1430,9505882.352941176,1430,-496977.6470588241
2025-03-25,36240,情報･通信業,77.5,121.0,114.9,SL(-5%),2025-03-27,10000000.0,1430,9495867.768595042,1430,-506992.2314049583
2025-03-25,66200,不動産業,70.6,1179.0,1296.9,TP(+10%),2025-03-26,10000000.0,1430,11000000.0,1430,997140.0
2025-03-25,36590,情報･通信業,67.7,2236.0,2124.2,SL(-5%),2025-03-26,10000000.0,1430,9500000.0,1430,-502860.0
2025-03-25,190A0,医薬品,69.4,276.0,262.2,SL(-5%),2025-03-28,10000000.0,1430,9500000.0,1430,-502860.0
2025-03-25,66190,電気機器,73.0,258.0,245.1,SL(-5%),2025-04-01,10000000.0,1430,9500000.0,1430,-502860.0
2025-03-25,52470,情報･通信業,69.7,999.5,949.5,SL(-5%),2025-03-27,10000000.0,1430,9499749.87493747,1430,-503110.12506253086
2025-03-25,54820,鉄鋼,68.0,1830.0,1738.5,SL(-5%),2025-03-28,10000000.0,1430,9500000.0,1430,-502860.0
2025-02-07,48280,情報･通信業,82.1,758.0,720.1,SL(-5%),2025-04-02,10000000.0,1430,9500000.0,1430,-502860.0
2025-02-14,44440,情報･通信業,73.1,803.0,762.8,SL(-5%),2025-04-03,10000000.0,1430,9499377.334993772,1430,-503482.6650062278
2025-02-17,55770,その他,75.6,653.0,620.4,SL(-5%),2025-04-02,10000000.0,1430,9500765.696784073,1430,-502094.3032159265
2025-02-17,89140,不動産業,68.5,990.0,940.5,SL(-5%),2025-04-02,10000000.0,1430,9500000.0,1430,-502860.0
2025-03-14,70900,サービス業,70.2,814.0,773.3,SL(-5%),2025-04-03,10000000.0,1430,9500000.0,1430,-502860.0
2025-03-21,156A0,サービス業,66.9,722.0,685.9,SL(-5%),2025-04-02,10000000.0,1430,9500000.0,1430,-502860.0
2025-03-24,48840,医薬品,61.5,891.0,846.4,SL(-5%),2025-04-02,10000000.0,1430,9499438.832772166,1430,-503421.16722783446
2025-03-24,37120,情報･通信業,69.2,1074.0,1020.3,SL(-5%),2025-04-02,10000000.0,1430,9500000.0,1430,-502860.0
2025-03-26,71830,その他金融業,91.0,165.0,156.8,SL(-5%),2025-03-28,10000000.0,1430,9503030.303030305,1430,-499829.6969696954
2025-03-26,41700,情報･通信業,89.8,166.0,157.7,SL(-5%),2025-04-01,10000000.0,1430,9500000.0,1430,-502860.0
2025-03-26,46900,その他,76.9,1800.0,1710.0,SL(-5%),2025-03-31,10000000.0,1430,9500000.0,1430,-502860.0
2025-03-26,77190,精密機器,87.6,204.0,193.8,SL(-5%),2025-03-27,10000000.0,1430,9500000.0,1430,-502860.0
2025-03-26,66200,不動産業,77.7,1313.0,1247.3,SL(-5%),2025-04-01,10000000.0,1430,9499619.1926885,1430,-503240.8073114995
2025-03-26,39360,情報･通信業,75.8,117.0,111.1,SL(-5%),2025-03-27,10000000.0,1430,9495726.495726496,1430,-507133.504273504
2025-03-26,76150,小売業,74.1,92.0,87.4,SL(-5%),2025-04-01,10000000.0,1430,9500000.0,1430,-502860.0
2025-03-26,21340,サービス業,69.0,19.0,18.1,SL(-5%),2025-03-31,10000000.0,1430,9526315.789473685,1430,-476544.2105263155
2025-03-26,45990,医薬品,67.3,354.0,336.3,SL(-5%),2025-03-28,10000000.0,1430,9500000.0,1430,-502860.0
2025-03-26,52430,情報･通信業,69.9,1650.0,1815.0,TP(+10%),2025-03-27,10000000.0,1430,11000000.0,1430,997140.0
2025-03-26,17570,その他,71.1,24.0,22.8,SL(-5%),2025-03-27,10000000.0,1430,9500000.0,1430,-502860.0
2025-03-26,68360,電気機器,81.3,1750.0,1662.5,SL(-5%),2025-03-27,10000000.0,1430,9500000.0,1430,-502860.0
2024-11-13,59150,金属製品,64.8,1571.0,1492.4,SL(-5%),2025-04-11,10000000.0,1430,9499681.731381286,1430,-503178.26861871406
2024-12-26,61470,機械,65.5,304.0,288.8,SL(-5%),2025-04-11,10000000.0,1430,9500000.0,1430,-502860.0
2024-12-26,61930,サービス業,66.2,814.0,773.3,SL(-5%),2025-04-16,10000000.0,1430,9500000.0,1430,-502860.0
2024-12-30,62390,機械,67.1,1202.0,1141.9,SL(-5%),2025-04-11,10000000.0,1430,9500000.0,1430,-502860.0
2025-01-24,92560,サービス業,82.8,808.0,767.6,SL(-5%),2025-04-11,10000000.0,1430,9500000.0,1430,-502860.0
2025-01-30,63160,機械,72.4,1915.0,1819.2,SL(-5%),2025-04-11,10000000.0,1430,9499738.903394256,1430,-503121.0966057442
2025-01-30,43920,情報･通信業,62.9,262.0,248.9,SL(-5%),2025-04-11,10000000.0,1430,9500000.0,1430,-502860.0
2025-02-06,35560,小売業,76.2,271.0,257.4,SL(-5%),2025-04-11,10000000.0,1430,9498154.981549814,1430,-504705.01845018566
2025-02-07,67450,電気機器,83.4,824.6666666666666,783.4,SL(-5%),2025-04-11,10000000.0,1430,9499595.796281327,1430,-503264.20371867344
2025-02-07,65510,サービス業,69.6,607.0,576.6,SL(-5%),2025-04-11,10000000.0,1430,9499176.276771005,1430,-503683.72322899476
2025-02-07,79140,その他製品,71.1,1042.5,990.4,SL(-5%),2025-04-11,10000000.0,1430,9500239.808153477,1430,-502620.19184652343
2025-02-10,70350,サービス業,82.4,214.0,203.3,SL(-5%),2025-04-11,10000000.0,1430,9500000.0,1430,-502860.0
2025-02-10,31430,卸売業,70.8,617.6666666666666,586.8,SL(-5%),2025-04-11,10000000.0,1430,9500269.832703725,1430,-502590.1672962755
2025-02-14,29320,食料品,75.2,1245.0,1182.8,SL(-5%),2025-04-11,10000000.0,1430,9500401.606425703,1430,-502458.3935742974
2025-02-14,41160,化学,75.4,767.5,729.1,SL(-5%),2025-04-11,10000000.0,1430,9499674.267100977,1430,-503185.7328990232
2025-02-14,79840,その他製品,79.3,713.375,677.7,SL(-5%),2025-04-11,10000000.0,1430,9499912.388295077,1430,-502947.6117049232
2025-02-14,73200,その他金融業,76.6,1426.0,1354.7,SL(-5%),2025-04-11,10000000.0,1430,9500000.0,1430,-502860.0
2025-02-14,65920,電気機器,69.4,1132.0,1075.4,SL(-5%),2025-04-11,10000000.0,1430,9500000.0,1430,-502860.0
2025-02-14,59980,金属製品,65.3,834.0,792.3,SL(-5%),2025-04-11,10000000.0,1430,9500000.0,1430,-502860.0
2025-02-17,34160,小売業,73.6,943.0,895.8,SL(-5%),2025-04-11,10000000.0,1430,9499469.77730647,1430,-503390.22269353084
2025-02-17,93450,サービス業,73.6,1011.0,960.4,SL(-5%),2025-04-11,10000000.0,1430,9499505.44015826,1430,-503354.5598417409
2025-02-17,78370,その他製品,69.3,327.0,310.6,SL(-5%),2025-04-11,10000000.0,1430,9498470.948012233,1430,-504389.0519877672
2025-02-17,51080,ゴム製品,72.4,3023.0,2871.8,SL(-5%),2025-04-11,10000000.0,1430,9499834.601389349,1430,-503025.3986106515
2025-02-17,157A0,サービス業,77.8,524.0,497.8,SL(-5%),2025-04-11,10000000.0,1430,9500000.0,1430,-502860.0
2025-02-19,66120,電気機器,68.7,930.0,883.5,SL(-5%),2025-04-11,10000000.0,1430,9500000.0,1430,-502860.0
2025-03-05,21960,その他,88.7,200.0,190.0,SL(-5%),2025-04-11,10000000.0,1430,9500000.0,1430,-502860.0
2025-03-12,65770,サービス業,72.2,2909.0,2763.5,SL(-5%),2025-04-11,10000000.0,1430,9499828.119628739,1430,-503031.8803712614
2025-03-12,55780,情報･通信業,92.0,575.0,546.2,SL(-5%),2025-04-11,10000000.0,1430,9499130.43478261,1430,-503729.56521739066
2025-03-12,36730,情報･通信業,69.3,346.5,329.2,SL(-5%),2025-04-11,10000000.0,1430,9500721.500721501,1430,-502138.4992784988
2025-03-17,142A0,サービス業,97.1,570.0,541.5,SL(-5%),2025-04-11,10000000.0,1430,9500000.0,1430,-502860.0
2025-03-17,70950,サービス業,69.3,2836.0,2694.2,SL(-5%),2025-04-11,10000000.0,1430,9500000.0,1430,-502860.0
2025-03-17,29830,不動産業,70.7,750.0,712.5,SL(-5%),2025-04-11,10000000.0,1430,9500000.0,1430,-502860.0
2025-03-17,49360,化学,75.4,465.0,441.8,SL(-5%),2025-04-11,10000000.0,1430,9501075.268817205,1430,-501784.731182795
2025-03-18,52420,情報･通信業,78.1,1316.0,1250.2,SL(-5%),2025-04-11,10000000.0,1430,9500000.0,1430,-502860.0
2025-03-18,63910,機械,66.0,3630.0,3448.5,SL(-5%),2025-04-11,10000000.0,1430,9500000.0,1430,-502860.0
2025-03-19,95530,サービス業,72.8,303.0,287.8,SL(-5%),2025-04-11,10000000.0,1430,9498349.834983498,1430,-504510.16501650214
2025-03-21,14070,建設業,66.7,1583.0,1503.8,SL(-5%),2025-04-11,10000000.0,1430,9499684.144030321,1430,-503175.8559696786
2025-03-24,46260,化学,89.4,2350.0,2232.5,SL(-5%),2025-04-11,10000000.0,1430,9500000.0,1430,-502860.0
2025-03-24,46670,情報･通信業,60.7,1460.0,1387.0,SL(-5%),2025-04-11,10000000.0,1430,9500000.0,1430,-502860.0
2025-03-25,91580,サービス業,74.2,1344.0,1276.8,SL(-5%),2025-04-11,10000000.0,1430,9500000.0,1430,-502860.0
2025-03-25,47600,サービス業,67.3,1466.0,1392.7,SL(-5%),2025-04-11,10000000.0,1430,9500000.0,1430,-502860.0
2025-03-26,75240,小売業,82.5,188.0,178.6,SL(-5%),2025-04-11,10000000.0,1430,9500000.0,1430,-502860.0
2025-03-26,60540,サービス業,83.1,142.0,134.9,SL(-5%),2025-04-11,10000000.0,1430,9500000.0,1430,-502860.0
2025-03-26,75780,小売業,86.6,132.0,125.4,SL(-5%),2025-04-11,10000000.0,1430,9500000.0,1430,-502860.0
2025-03-26,70480,サービス業,69.4,313.0,297.3,SL(-5%),2025-04-11,10000000.0,1430,9498402.555910543,1430,-504457.4440894574
2025-03-27,44840,情報･通信業,80.2,207.0,196.6,SL(-5%),2025-04-11,10000000.0,1430,9497584.541062802,1430,-505275.4589371979
2025-03-27,23420,サービス業,90.0,192.0,182.4,SL(-5%),2025-04-11,10000000.0,1430,9500000.0,1430,-502860.0
2025-03-27,77760,精密機器,92.5,617.0,586.1,SL(-5%),2025-04-11,10000000.0,1430,9499189.627228526,1430,-503670.3727714736
2025-03-27,60460,サービス業,85.5,122.0,115.9,SL(-5%),2025-04-11,10000000.0,1430,9500000.0,1430,-502860.0
2025-03-27,47660,サービス業,84.8,246.0,233.7,SL(-5%),2025-04-11,10000000.0,1430,9500000.0,1430,-502860.0
2025-03-27,49350,化学,93.9,268.0,254.6,SL(-5%),2025-04-11,10000000.0,1430,9500000.0,1430,-502860.0
2025-03-27,70630,サービス業,95.0,231.0,219.4,SL(-5%),2025-04-11,10000000.0,1430,9497835.497835498,1430,-505024.5021645017
2025-03-27,41700,情報･通信業,74.0,167.0,158.7,SL(-5%),2025-04-11,10000000.0,1430,9502994.011976046,1430,-499865.9880239535
2025-03-27,39960,情報･通信業,72.4,437.0,415.1,SL(-5%),2025-04-11,10000000.0,1430,9498855.835240275,1430,-504004.16475972533
2025-03-27,45880,医薬品,82.4,613.0,582.4,SL(-5%),2025-04-11,10000000.0,1430,9500815.660685154,1430,-502044.3393148463
2025-03-27,82090,その他,80.2,287.0,315.7,TP(+10%),2025-04-11,10000000.0,1430,10999999.999999998,1430,997139.9999999981
2025-03-27,42650,情報･通信業,69.8,308.0,292.6,SL(-5%),2025-04-11,10000000.0,1430,9500000.0,1430,-502860.0
2025-03-27,52430,情報･通信業,79.2,2001.0,1900.9,SL(-5%),2025-04-11,10000000.0,1430,9499750.124937532,1430,-503109.87506246753
2025-03-27,58340,証券･商品先物取引業,68.7,1682.5,1598.4,SL(-5%),2025-04-11,10000000.0,1430,9500148.588410104,1430,-502711.4115898963
2025-03-27,72730,輸送用機器,72.6,378.0,415.8,TP(+10%),2025-04-11,10000000.0,1430,11000000.0,1430,997140.0
2025-03-27,77190,精密機器,78.7,196.0,215.6,TP(+10%),2025-04-11,10000000.0,1430,11000000.0,1430,997140.0
2025-03-27,95330,電気･ガス業,71.8,1086.25,1031.9,SL(-5%),2025-04-11,10000000.0,1430,9499654.775604144,1430,-503205.22439585626
2025-03-27,27210,卸売業,69.3,213.0,234.3,TP(+10%),2025-04-11,10000000.0,1430,11000000.0,1430,997140.0
2025-03-27,45760,医薬品,68.2,112.0,106.4,SL(-5%),2025-04-11,10000000.0,1430,9500000.0,1430,-502860.0
2025-03-27,36340,情報･通信業,65.3,571.0,542.4,SL(-5%),2025-04-11,10000000.0,1430,9499124.343257442,1430,-503735.6567425579
2025-04-11,31370,小売業,95.7,200.5,220.6,TP(+10%),2025-04-14,10000000.0,1430,11002493.765586035,1430,999633.7655860353
2025-04-11,40170,情報･通信業,91.7,245.0,269.5,TP(+10%),2025-04-14,10000000.0,1430,11000000.0,1430,997140.0
2025-04-11,92350,サービス業,99.0,536.0,509.2,SL(-5%),2025-04-16,10000000.0,1430,9500000.0,1430,-502860.0
2025-04-11,82090,その他,93.3,284.0,312.4,TP(+10%),2025-04-14,10000000.0,1430,10999999.999999998,1430,997139.9999999981
2025-04-11,46790,サービス業,90.5,268.0,294.8,TP(+10%),2025-04-15,10000000.0,1430,11000000.0,1430,997140.0
2025-04-11,26670,卸売業,88.7,243.0,267.3,TP(+10%),2025-04-14,10000000.0,1430,11000000.0,1430,997140.0
2025-04-11,27210,卸売業,88.1,199.0,218.9,TP(+10%),2025-04-14,10000000.0,1430,11000000.0,1430,997140.0
2025-04-11,41790,情報･通信業,88.1,293.0,322.3,TP(+10%),2025-04-14,10000000.0,1430,11000000.0,1430,997140.0
2025-04-11,77190,精密機器,85.4,199.0,218.9,TP(+10%),2025-04-14,10000000.0,1430,11000000.0,1430,997140.0
2025-04-11,89950,不動産業,71.6,643.0,707.3,TP(+10%),2025-04-14,10000000.0,1430,10999999.999999998,1430,997139.9999999981
2025-04-11,62760,電気機器,85.9,254.0,279.4,TP(+10%),2025-04-15,10000000.0,1430,10999999.999999998,1430,997139.9999999981
2025-04-11,66560,電気機器,71.7,598.0,568.1,SL(-5%),2025-04-14,10000000.0,1430,9500000.0,1430,-502860.0
2025-04-11,36240,情報･通信業,86.5,95.0,104.5,TP(+10%),2025-04-14,10000000.0,1430,11000000.0,1430,997140.0
2025-04-11,47660,サービス業,80.0,235.0,258.5,TP(+10%),2025-04-14,10000000.0,1430,11000000.0,1430,997140.0
2025-04-11,44900,情報･通信業,83.9,860.0,817.0,SL(-5%),2025-04-15,10000000.0,1430,9500000.0,1430,-502860.0
2025-04-11,39040,情報･通信業,71.1,440.0,418.0,SL(-5%),2025-04-14,10000000.0,1430,9500000.0,1430,-502860.0
2025-04-11,96100,サービス業,81.9,85.0,93.5,TP(+10%),2025-04-14,10000000.0,1430,11000000.0,1430,997140.0
2025-04-11,31920,小売業,64.7,235.0,258.5,TP(+10%),2025-04-15,10000000.0,1430,11000000.0,1430,997140.0
2025-04-11,70740,サービス業,76.5,264.0,250.8,SL(-5%),2025-04-14,10000000.0,1430,9500000.0,1430,-502860.0
2025-04-11,73520,サービス業,76.3,940.0,1034.0,TP(+10%),2025-04-15,10000000.0,1430,11000000.0,1430,997140.0
2025-04-11,52520,情報･通信業,80.8,340.0,374.0,TP(+10%),2025-04-14,10000000.0,1430,11000000.0,1430,997140.0
2025-04-11,45820,医薬品,83.1,150.0,165.0,TP(+10%),2025-04-14,10000000.0,1430,11000000.0,1430,997140.0
2025-04-11,58200,非鉄金属,69.4,688.0,756.8,TP(+10%),2025-04-15,10000000.0,1430,10999999.999999998,1430,997139.9999999981
2025-04-11,95630,サービス業,65.2,254.0,279.4,TP(+10%),2025-04-17,10000000.0,1430,10999999.999999998,1430,997139.9999999981
2025-04-11,42700,情報･通信業,68.7,2394.0,2633.4,TP(+10%),2025-04-14,10000000.0,1430,11000000.0,1430,997140.0
2025-04-11,60850,サービス業,85.3,15.8,17.4,TP(+10%),2025-04-16,10000000.0,1430,11012658.2278481,1430,1009798.2278480995
2025-04-11,288A0,サービス業,77.0,171.0,188.1,TP(+10%),2025-04-14,10000000.0,1430,10999999.999999998,1430,997139.9999999981
2025-04-11,17730,建設業,70.7,54.0,59.4,TP(+10%),2025-04-15,10000000.0,1430,11000000.0,1430,997140.0
2025-04-11,81410,卸売業,63.2,754.0,829.4,TP(+10%),2025-04-18,10000000.0,1430,10999999.999999998,1430,997139.9999999981
2025-04-11,74260,卸売業,79.0,1000.0,1100.0,TP(+10%),2025-04-17,10000000.0,1430,11000000.0,1430,997140.0
2025-04-11,77160,精密機器,60.9,1870.0,1776.5,SL(-5%),2025-04-17,10000000.0,1430,9500000.0,1430,-502860.0
2025-04-11,40530,情報･通信業,69.3,501.0,551.1,TP(+10%),2025-04-18,10000000.0,1430,11000000.0,1430,997140.0
2025-04-11,53370,ガラス･土石製品,73.8,386.0,424.6,TP(+10%),2025-04-14,10000000.0,1430,11000000.0,1430,997140.0
2025-04-11,69630,電気機器,74.2,1304.5,1239.3,SL(-5%),2025-04-16,10000000.0,1430,9500191.644308163,1430,-502668.35569183715
2025-04-11,41870,化学,63.6,2325.0,2208.8,SL(-5%),2025-04-17,10000000.0,1430,9500215.053763442,1430,-502644.94623655826
2025-04-11,62370,機械,66.7,1991.0,2190.1,TP(+10%),2025-04-18,10000000.0,1430,10999999.999999998,1430,997139.9999999981
2025-04-11,24590,サービス業,77.3,280.0,308.0,TP(+10%),2025-04-14,10000000.0,1430,11000000.0,1430,997140.0
2025-04-11,36270,情報･通信業,62.3,297.0,282.1,SL(-5%),2025-04-14,10000000.0,1430,9498316.498316498,1430,-504543.5016835015
2025-02-19,70910,サービス業,80.6,990.0,1089.0,TP(+10%),2025-04-21,10000000.0,1430,11000000.0,1430,997140.0
2025-02-19,41770,情報･通信業,62.3,1127.0,1239.7,TP(+10%),2025-04-21,10000000.0,1430,11000000.0,1430,997140.0
2025-04-11,32230,小売業,91.4,860.0,946.0,TP(+10%),2025-04-21,10000000.0,1430,11000000.0,1430,997140.0
2025-04-11,78780,その他製品,85.3,825.0,907.5,TP(+10%),2025-04-21,10000000.0,1430,11000000.0,1430,997140.0
2025-04-11,95620,サービス業,87.8,479.3333333333333,527.3,TP(+10%),2025-04-21,10000000.0,1430,11000695.410292072,1430,997835.4102920722
2025-04-11,97600,サービス業,70.4,163.0,179.3,TP(+10%),2025-04-21,10000000.0,1430,11000000.0,1430,997140.0
2025-04-11,28690,その他,73.3,1380.8,1311.8,SL(-5%),2025-04-21,10000000.0,1430,9500289.68713789,1430,-502570.3128621094
2025-04-11,76020,卸売業,66.1,129.0,141.9,TP(+10%),2025-04-21,10000000.0,1430,11000000.0,1430,997140.0
2025-04-14,38030,情報･通信業,91.0,477.0,524.7,TP(+10%),2025-04-15,10000000.0,1430,11000000.0,1430,997140.0
2025-04-14,47200,サービス業,92.9,204.0,224.4,TP(+10%),2025-04-15,10000000.0,1430,11000000.0,1430,997140.0
2025-04-14,31850,小売業,92.1,135.0,148.5,TP(+10%),2025-04-15,10000000.0,1430,11000000.0,1430,997140.0
2025-04-14,50250,情報･通信業,80.1,743.0,705.9,SL(-5%),2025-04-15,10000000.0,1430,9500672.947510093,1430,-502187.05248990655
2025-04-14,82090,その他,92.7,293.0,322.3,TP(+10%),2025-04-15,10000000.0,1430,11000000.0,1430,997140.0
2025-04-14,95650,サービス業,86.6,1132.0,1075.4,SL(-5%),2025-04-15,10000000.0,1430,9500000.0,1430,-502860.0
2025-04-14,65550,サービス業,75.8,438.0,416.1,SL(-5%),2025-04-15,10000000.0,1430,9500000.0,1430,-502860.0
2025-04-14,31370,小売業,94.3,227.0,249.7,TP(+10%),2025-04-16,10000000.0,1430,10999999.999999998,1430,997139.9999999981
2025-04-14,42400,化学,90.3,219.0,240.9,TP(+10%),2025-04-15,10000000.0,1430,11000000.0,1430,997140.0
2025-04-14,39080,情報･通信業,78.7,291.0,320.1,TP(+10%),2025-04-16,10000000.0,1430,11000000.0,1430,997140.0
2025-04-14,61860,サービス業,76.8,367.0,403.7,TP(+10%),2025-04-16,10000000.0,1430,10999999.999999998,1430,997139.9999999981
2025-04-14,81430,繊維製品,86.4,203.0,223.3,TP(+10%),2025-04-15,10000000.0,1430,11000000.0,1430,997140.0
2025-04-14,26560,小売業,86.9,74.0,81.4,TP(+10%),2025-04-15,10000000.0,1430,11000000.0,1430,997140.0
2025-04-14,52520,情報･通信業,91.0,346.0,380.6,TP(+10%),2025-04-15,10000000.0,1430,11000000.0,1430,997140.0
2025-04-14,45940,医薬品,85.7,36.0,39.6,TP(+10%),2025-04-15,10000000.0,1430,11000000.0,1430,997140.0
2025-04-14,48850,医薬品,72.1,784.0,862.4,TP(+10%),2025-04-15,10000000.0,1430,11000000.0,1430,997140.0
2025-04-14,41790,情報･通信業,83.1,305.0,335.5,TP(+10%),2025-04-16,10000000.0,1430,11000000.0,1430,997140.0
2025-04-14,27210,卸売業,82.1,209.0,229.9,TP(+10%),2025-04-15,10000000.0,1430,11000000.0,1430,997140.0
2025-04-14,48330,サービス業,81.7,75.0,82.5,TP(+10%),2025-04-15,10000000.0,1430,11000000.0,1430,997140.0
2025-04-14,67750,電気機器,82.5,121.0,133.1,TP(+10%),2025-04-15,10000000.0,1430,10999999.999999998,1430,997139.9999999981
2025-04-14,168A0,その他製品,83.5,965.0,1061.5,TP(+10%),2025-04-16,10000000.0,1430,11000000.0,1430,997140.0
2025-04-14,63230,機械,76.3,1452.5,1379.9,SL(-5%),2025-04-16,10000000.0,1430,9500172.117039587,1430,-502687.88296041265
2025-04-14,42700,情報･通信業,68.9,2600.0,2470.0,SL(-5%),2025-04-15,10000000.0,1430,9500000.0,1430,-502860.0
2025-04-14,29620,金属製品,83.3,279.0,306.9,TP(+10%),2025-04-17,10000000.0,1430,10999999.999999998,1430,997139.9999999981
2025-04-14,44870,情報･通信業,73.3,284.0,269.8,SL(-5%),2025-04-16,10000000.0,1430,9500000.0,1430,-502860.0
2025-04-14,44340,情報･通信業,71.2,2053.0,2258.3,TP(+10%),2025-04-21,10000000.0,1430,11000000.0,1430,997140.0
2025-04-14,45720,医薬品,73.6,255.0,242.2,SL(-5%),2025-04-15,10000000.0,1430,9498039.215686273,1430,-504820.78431372717
2025-04-14,41760,情報･通信業,68.2,253.0,240.3,SL(-5%),2025-04-16,10000000.0,1430,9498023.71541502,1430,-504836.28458498046
2025-04-14,40170,情報･通信業,70.6,254.0,279.4,TP(+10%),2025-04-15,10000000.0,1430,10999999.999999998,1430,997139.9999999981
2025-04-14,49180,化学,78.9,267.0,293.7,TP(+10%),2025-04-16,10000000.0,1430,10999999.999999998,1430,997139.9999999981
2025-04-14,65210,電気機器,70.2,1213.0,1334.3,TP(+10%),2025-04-15,10000000.0,1430,10999999.999999998,1430,997139.9999999981
2025-04-14,65520,サービス業,76.5,176.0,193.6,TP(+10%),2025-04-21,10000000.0,1430,10999999.999999998,1430,997139.9999999981
2025-04-14,74530,小売業,67.2,2161.0,2377.1,TP(+10%),2025-04-18,10000000.0,1430,10999999.999999998,1430,997139.9999999981
2025-04-14,48910,医薬品,70.8,152.0,144.4,SL(-5%),2025-04-16,10000000.0,1430,9500000.0,1430,-502860.0
2025-04-14,48800,医薬品,70.6,636.0,604.2,SL(-5%),2025-04-16,10000000.0,1430,9500000.0,1430,-502860.0
2025-04-14,55950,その他,75.2,1180.0,1298.0,TP(+10%),2025-04-18,10000000.0,1430,11000000.0,1430,997140.0
2025-04-14,288A0,サービス業,70.6,182.0,172.9,SL(-5%),2025-04-16,10000000.0,1430,9500000.0,1430,-502860.0
2025-04-14,42650,情報･通信業,77.9,279.0,306.9,TP(+10%),2025-04-18,10000000.0,1430,10999999.999999998,1430,997139.9999999981
2025-04-14,38400,情報･通信業,77.7,94.0,103.4,TP(+10%),2025-04-15,10000000.0,1430,11000000.0,1430,997140.0
2025-04-14,32370,不動産業,68.8,97.0,106.7,TP(+10%),2025-04-15,10000000.0,1430,11000000.0,1430,997140.0
2025-04-14,17110,建設業,74.2,223.0,245.3,TP(+10%),2025-04-16,10000000.0,1430,11000000.0,1430,997140.0
2025-04-14,23210,情報･通信業,71.1,87.0,95.7,TP(+10%),2025-04-21,10000000.0,1430,11000000.0,1430,997140.0
2025-04-14,44900,情報･通信業,66.9,827.0,785.6,SL(-5%),2025-04-15,10000000.0,1430,9499395.405078597,1430,-503464.59492140263
2025-04-14,36240,情報･通信業,75.4,96.0,91.2,SL(-5%),2025-04-17,10000000.0,1430,9500000.0,1430,-502860.0
2025-04-14,45740,医薬品,65.3,267.0,253.6,SL(-5%),2025-04-16,10000000.0,1430,9498127.340823969,1430,-504732.6591760311
2025-04-11,36970,情報･通信業,81.0,1178.0,1295.8,TP(+10%),2025-04-22,10000000.0,1430,10999999.999999998,1430,997139.9999999981
2025-04-11,61770,サービス業,77.9,81.0,89.1,TP(+10%),2025-04-22,10000000.0,1430,10999999.999999998,1430,997139.9999999981
2025-04-14,26670,卸売業,91.4,233.0,221.3,SL(-5%),2025-04-22,10000000.0,1430,9497854.077253219,1430,-505005.92274678126
2025-04-14,93630,倉庫･運輸関連業,81.5,372.0,409.2,TP(+10%),2025-04-22,10000000.0,1430,10999999.999999998,1430,997139.9999999981
2025-04-14,87980,保険業,80.3,271.0,298.1,TP(+10%),2025-04-22,10000000.0,1430,11000000.0,1430,997140.0
2025-04-14,93990,情報･通信業,83.3,91.7,87.1,SL(-5%),2025-04-22,10000000.0,1430,9498364.231188657,1430,-504495.76881134324
2025-04-15,61470,機械,90.3,301.0,331.1,TP(+10%),2025-04-16,10000000.0,1430,11000000.0,1430,997140.0
2025-04-15,30770,小売業,88.7,309.0,339.9,TP(+10%),2025-04-18,10000000.0,1430,10999999.999999998,1430,997139.9999999981
2025-04-15,40170,情報･通信業,90.3,275.0,302.5,TP(+10%),2025-04-16,10000000.0,1430,11000000.0,1430,997140.0
2025-04-15,31850,小売業,91.3,146.0,160.6,TP(+10%),2025-04-16,10000000.0,1430,10999999.999999998,1430,997139.9999999981
2025-04-15,74620,小売業,96.1,159.0,151.0,SL(-5%),2025-04-16,10000000.0,1430,9496855.34591195,1430,-506004.6540880501
2025-04-15,62760,電気機器,93.7,283.0,311.3,TP(+10%),2025-04-16,10000000.0,1430,11000000.0,1430,997140.0
2025-04-15,59980,金属製品,85.7,807.0,887.7,TP(+10%),2025-04-21,10000000.0,1430,11000000.0,1430,997140.0
2025-04-15,73600,サービス業,90.9,866.0,952.6,TP(+10%),2025-04-17,10000000.0,1430,11000000.0,1430,997140.0
2025-04-15,32370,不動産業,90.1,93.0,88.3,SL(-5%),2025-04-16,10000000.0,1430,9494623.655913979,1430,-508236.3440860212
2025-04-15,34940,不動産業,89.6,320.0,352.0,TP(+10%),2025-04-21,10000000.0,1430,11000000.0,1430,997140.0
2025-04-15,71380,小売業,86.6,129.20000000000002,142.1,TP(+10%),2025-04-16,10000000.0,1430,10998452.012383899,1430,995592.0123838987
2025-04-15,26560,小売業,88.4,83.0,78.8,SL(-5%),2025-04-16,10000000.0,1430,9493975.903614458,1430,-508884.0963855423
2025-04-15,44270,情報･通信業,85.3,225.0,247.5,TP(+10%),2025-04-21,10000000.0,1430,11000000.0,1430,997140.0
2025-04-15,47200,サービス業,81.9,203.0,223.3,TP(+10%),2025-04-16,10000000.0,1430,11000000.0,1430,997140.0
2025-04-15,70410,サービス業,79.9,283.0,311.3,TP(+10%),2025-04-16,10000000.0,1430,11000000.0,1430,997140.0
2025-04-15,38030,情報･通信業,85.2,508.0,558.8,TP(+10%),2025-04-16,10000000.0,1430,10999999.999999998,1430,997139.9999999981
2025-04-15,33230,卸売業,78.2,67.0,63.6,SL(-5%),2025-04-17,10000000.0,1430,9492537.313432837,1430,-510322.6865671631
2025-04-15,54760,その他,81.1,331.0,364.1,TP(+10%),2025-04-22,10000000.0,1430,11000000.0,1430,997140.0
2025-04-15,70350,サービス業,76.6,213.0,202.3,SL(-5%),2025-04-17,10000000.0,1430,9497652.582159625,1430,-505207.41784037463
2025-04-15,40980,化学,74.0,734.0,807.4,TP(+10%),2025-04-21,10000000.0,1430,10999999.999999998,1430,997139.9999999981
2025-04-15,39080,情報･通信業,79.8,285.0,313.5,TP(+10%),2025-04-16,10000000.0,1430,11000000.0,1430,997140.0
2025-04-15,66630,電気機器,84.0,245.0,269.5,TP(+10%),2025-04-16,10000000.0,1430,11000000.0,1430,997140.0
2025-04-15,30830,小売業,69.9,622.0,684.2,TP(+10%),2025-04-16,10000000.0,1430,11000000.0,1430,997140.0
2025-04-15,41990,情報･通信業,79.4,898.0,987.8,TP(+10%),2025-04-18,10000000.0,1430,10999999.999999998,1430,997139.9999999981
2025-04-15,21340,サービス業,84.0,21.0,23.1,TP(+10%),2025-04-16,10000000.0,1430,11000000.0,1430,997140.0
2025-04-15,82090,その他,82.3,367.0,403.7,TP(+10%),2025-04-16,10000000.0,1430,10999999.999999998,1430,997139.9999999981
2025-04-15,67750,電気機器,82.2,129.0,141.9,TP(+10%),2025-04-16,10000000.0,1430,11000000.0,1430,997140.0
2025-04-15,52520,情報･通信業,88.8,403.0,382.8,SL(-5%),2025-04-16,10000000.0,1430,9498759.305210918,1430,-504100.6947890818
2025-04-15,42400,化学,73.2,232.0,255.2,TP(+10%),2025-04-16,10000000.0,1430,10999999.999999998,1430,997139.9999999981
2025-04-15,72150,輸送用機器,73.7,355.0,390.5,TP(+10%),2025-04-16,10000000.0,1430,11000000.0,1430,997140.0
2025-04-15,44240,情報･通信業,72.0,294.0,323.4,TP(+10%),2025-04-21,10000000.0,1430,10999999.999999998,1430,997139.9999999981
2025-04-15,33190,その他,74.2,334.0,317.3,SL(-5%),2025-04-16,10000000.0,1430,9500000.0,1430,-502860.0
2025-04-15,65210,電気機器,71.7,1240.0,1178.0,SL(-5%),2025-04-16,10000000.0,1430,9500000.0,1430,-502860.0
2025-04-15,44390,情報･通信業,76.9,1028.0,976.6,SL(-5%),2025-04-16,10000000.0,1430,9500000.0,1430,-502860.0
2025-04-15,73520,サービス業,74.6,1054.0,1001.3,SL(-5%),2025-04-16,10000000.0,1430,9500000.0,1430,-502860.0
2025-04-15,58850,卸売業,65.1,1775.0,1686.2,SL(-5%),2025-04-17,10000000.0,1430,9499718.309859155,1430,-503141.69014084525
2025-04-15,96100,サービス業,79.1,103.0,113.3,TP(+10%),2025-04-16,10000000.0,1430,11000000.0,1430,997140.0
2025-04-15,64160,その他,65.6,688.0,653.6,SL(-5%),2025-04-21,10000000.0,1430,9500000.0,1430,-502860.0
2025-04-15,303A0,情報･通信業,79.8,1101.0,1211.1,TP(+10%),2025-04-16,10000000.0,1430,10999999.999999998,1430,997139.9999999981
2025-04-15,66640,電気機器,67.7,228.0,216.6,SL(-5%),2025-04-22,10000000.0,1430,9500000.0,1430,-502860.0
2025-04-15,277A0,サービス業,82.5,1881.0,2069.1,TP(+10%),2025-04-16,10000000.0,1430,10999999.999999998,1430,997139.9999999981
2025-04-15,45720,医薬品,71.2,246.0,270.6,TP(+10%),2025-04-21,10000000.0,1430,11000000.0,1430,997140.0
2025-04-15,76010,小売業,67.1,173.0,190.3,TP(+10%),2025-04-22,10000000.0,1430,11000000.0,1430,997140.0
2025-04-15,75780,小売業,77.8,125.0,118.8,SL(-5%),2025-04-21,10000000.0,1430,9504000.0,1430,-498860.0
2025-04-15,48900,医薬品,64.8,355.0,390.5,TP(+10%),2025-04-22,10000000.0,1430,11000000.0,1430,997140.0
2025-04-15,184A0,情報･通信業,84.3,362.0,398.2,TP(+10%),2025-04-16,10000000.0,1430,10999999.999999998,1430,997139.9999999981
2025-04-15,48810,医薬品,76.8,101.0,111.1,TP(+10%),2025-04-18,10000000.0,1430,10999999.999999998,1430,997139.9999999981
2025-04-15,30100,サービス業,65.6,184.0,174.8,SL(-5%),2025-04-17,10000000.0,1430,9500000.0,1430,-502860.0
2025-04-15,31370,小売業,68.4,226.0,248.6,TP(+10%),2025-04-16,10000000.0,1430,11000000.0,1430,997140.0
2025-04-15,63230,機械,66.9,1497.0,1422.1,SL(-5%),2025-04-16,10000000.0,1430,9499665.998663994,1430,-503194.00133600645
2025-04-15,60480,その他,68.1,111.0,122.1,TP(+10%),2025-04-16,10000000.0,1430,10999999.999999998,1430,997139.9999999981
2025-04-15,45760,医薬品,80.2,113.0,107.3,SL(-5%),2025-04-16,10000000.0,1430,9495575.221238937,1430,-507284.7787610628
2025-04-15,23750,サービス業,73.6,210.0,231.0,TP(+10%),2025-04-22,10000000.0,1430,11000000.0,1430,997140.0
2025-04-15,79010,その他製品,70.4,839.0,922.9,TP(+10%),2025-04-22,10000000.0,1430,11000000.0,1430,997140.0
2025-04-15,78180,その他製品,65.0,1244.0,1368.4,TP(+10%),2025-04-22,10000000.0,1430,11000000.0,1430,997140.0
2025-04-15,55950,その他,70.6,1180.0,1298.0,TP(+10%),2025-04-18,10000000.0,1430,11000000.0,1430,997140.0
2025-04-15,43160,情報･通信業,65.2,340.0,374.0,TP(+10%),2025-04-16,10000000.0,1430,11000000.0,1430,997140.0
2025-04-11,24890,サービス業,78.3,270.0,297.0,TP(+10%),2025-04-23,10000000.0,1430,11000000.0,1430,997140.0
2025-04-11,157A0,サービス業,76.6,492.0,541.2,TP(+10%),2025-04-23,10000000.0,1430,11000000.0,1430,997140.0
2025-04-11,38560,電気機器,71.3,523.0,496.8,SL(-5%),2025-04-23,10000000.0,1430,9499043.977055449,1430,-503816.02294455096
2025-04-14,94230,情報･通信業,64.3,99.0,108.9,TP(+10%),2025-04-23,10000000.0,1430,11000000.0,1430,997140.0
2025-04-14,40520,情報･通信業,76.2,347.0,381.7,TP(+10%),2025-04-23,10000000.0,1430,10999999.999999998,1430,997139.9999999981
2025-04-14,36670,情報･通信業,73.4,93.0,88.3,SL(-5%),2025-04-23,10000000.0,1430,9494623.655913979,1430,-508236.3440860212
2025-04-15,28840,食料品,69.7,840.0,924.0,TP(+10%),2025-04-23,10000000.0,1430,11000000.0,1430,997140.0
2025-04-15,72380,輸送用機器,72.0,92.0,101.2,TP(+10%),2025-04-23,10000000.0,1430,11000000.0,1430,997140.0
2025-04-16,68400,電気機器,92.6,235.0,223.2,SL(-5%),2025-04-17,10000000.0,1430,9497872.340425532,1430,-504987.6595744677
2025-04-16,60850,サービス業,99.0,16.1,15.3,SL(-5%),2025-04-17,10000000.0,1430,9503105.590062112,1430,-499754.4099378884
2025-04-16,70410,サービス業,92.6,303.0,287.8,SL(-5%),2025-04-17,10000000.0,1430,9498349.834983498,1430,-504510.16501650214
2025-04-16,36530,情報･通信業,93.4,1018.0,1119.8,TP(+10%),2025-04-22,10000000.0,1430,10999999.999999998,1430,997139.9999999981
2025-04-16,39080,情報･通信業,90.3,315.0,299.2,SL(-5%),2025-04-17,10000000.0,1430,9498412.698412698,1430,-504447.30158730224
2025-04-16,42400,化学,90.3,245.0,232.8,SL(-5%),2025-04-17,10000000.0,1430,9502040.81632653,1430,-500819.18367346935
2025-04-16,62760,電気機器,95.7,316.0,300.2,SL(-5%),2025-04-17,10000000.0,1430,9500000.0,1430,-502860.0
2025-04-16,70440,サービス業,90.8,276.0,262.2,SL(-5%),2025-04-17,10000000.0,1430,9500000.0,1430,-502860.0
2025-04-16,61730,その他,94.1,279.0,306.9,TP(+10%),2025-04-17,10000000.0,1430,10999999.999999998,1430,997139.9999999981
2025-04-16,71380,小売業,99.0,146.6,139.3,SL(-5%),2025-04-17,10000000.0,1430,9502046.38472033,1430,-500813.6152796708
2025-04-16,36520,情報･通信業,91.1,1930.0,1833.5,SL(-5%),2025-04-17,10000000.0,1430,9500000.0,1430,-502860.0
2025-04-16,303A0,情報･通信業,94.5,998.0,1097.8,TP(+10%),2025-04-22,10000000.0,1430,10999999.999999998,1430,997139.9999999981
2025-04-16,87460,証券･商品先物取引業,78.5,290.0,275.5,SL(-5%),2025-04-17,10000000.0,1430,9500000.0,1430,-502860.0
2025-04-16,74620,小売業,87.3,157.0,172.7,TP(+10%),2025-04-17,10000000.0,1430,10999999.999999998,1430,997139.9999999981
2025-04-16,17110,建設業,90.1,262.0,248.9,SL(-5%),2025-04-17,10000000.0,1430,9500000.0,1430,-502860.0
2025-04-16,52400,情報･通信業,81.0,262.0,288.2,TP(+10%),2025-04-21,10000000.0,1430,10999999.999999998,1430,997139.9999999981
2025-04-16,45960,医薬品,87.5,44.0,48.4,TP(+10%),2025-04-17,10000000.0,1430,10999999.999999998,1430,997139.9999999981
2025-04-16,41790,情報･通信業,84.6,329.0,312.6,SL(-5%),2025-04-17,10000000.0,1430,9501519.756838907,1430,-501340.24316109344
2025-04-16,43160,情報･通信業,76.0,373.0,354.3,SL(-5%),2025-04-17,10000000.0,1430,9498659.517426273,1430,-504200.48257372715
2025-04-16,40980,化学,73.1,717.0,788.7,TP(+10%),2025-04-21,10000000.0,1430,11000000.0,1430,997140.0
2025-04-16,56180,情報･通信業,89.7,290.0,319.0,TP(+10%),2025-04-17,10000000.0,1430,11000000.0,1430,997140.0
2025-04-16,73570,サービス業,76.0,570.0,627.0,TP(+10%),2025-04-23,10000000.0,1430,11000000.0,1430,997140.0
2025-04-16,44870,情報･通信業,79.3,266.0,292.6,TP(+10%),2025-04-22,10000000.0,1430,11000000.0,1430,997140.0
2025-04-16,45860,医薬品,86.6,62.0,68.2,TP(+10%),2025-04-21,10000000.0,1430,11000000.0,1430,997140.0
2025-04-16,168A0,その他製品,79.4,972.0,1069.2,TP(+10%),2025-04-17,10000000.0,1430,11000000.0,1430,997140.0
2025-04-16,21340,サービス業,79.4,23.0,25.3,TP(+10%),2025-04-17,10000000.0,1430,11000000.0,1430,997140.0
2025-04-16,36860,情報･通信業,80.2,112.0,106.4,SL(-5%),2025-04-17,10000000.0,1430,9500000.0,1430,-502860.0
2025-04-16,269A0,情報･通信業,85.6,2325.0,2557.5,TP(+10%),2025-04-21,10000000.0,1430,11000000.0,1430,997140.0
2025-04-16,52520,情報･通信業,86.9,377.3333333333333,415.1,TP(+10%),2025-04-17,10000000.0,1430,11000883.392226148,1430,998023.3922261484
2025-04-16,130A0,医薬品,84.5,697.0,766.7,TP(+10%),2025-04-17,10000000.0,1430,11000000.0,1430,997140.0
2025-04-16,99780,小売業,81.9,48.0,52.8,TP(+10%),2025-04-21,10000000.0,1430,10999999.999999998,1430,997139.9999999981
2025-04-16,64330,機械,72.9,340.0,323.0,SL(-5%),2025-04-17,10000000.0,1430,9500000.0,1430,-502860.0
2025-04-16,67760,化学,69.1,249.0,273.9,TP(+10%),2025-04-21,10000000.0,1430,10999999.999999998,1430,997139.9999999981
2025-04-16,143A0,サービス業,77.5,897.0,986.7,TP(+10%),2025-04-23,10000000.0,1430,11000000.0,1430,997140.0
2025-04-16,45940,医薬品,81.1,39.0,42.9,TP(+10%),2025-04-21,10000000.0,1430,10999999.999999998,1430,997139.9999999981
2025-04-16,30410,卸売業,69.7,368.0,404.8,TP(+10%),2025-04-21,10000000.0,1430,11000000.0,1430,997140.0
2025-04-16,43760,情報･通信業,63.7,196.0,186.2,SL(-5%),2025-04-22,10000000.0,1430,9500000.0,1430,-502860.0
2025-04-16,47200,サービス業,70.4,206.0,226.6,TP(+10%),2025-04-21,10000000.0,1430,11000000.0,1430,997140.0
2025-04-16,31370,小売業,73.5,266.0,292.6,TP(+10%),2025-04-17,10000000.0,1430,11000000.0,1430,997140.0
2025-04-16,70900,サービス業,70.3,700.0,770.0,TP(+10%),2025-04-17,10000000.0,1430,11000000.0,1430,997140.0
2025-04-16,68360,電気機器,82.4,1700.0,1615.0,SL(-5%),2025-04-18,10000000.0,1430,9500000.0,1430,-502860.0
2025-04-16,40170,情報･通信業,70.9,278.0,264.1,SL(-5%),2025-04-17,10000000.0,1430,9500000.0,1430,-502860.0
2025-04-16,36720,情報･通信業,83.0,48.0,52.8,TP(+10%),2025-04-21,10000000.0,1430,10999999.999999998,1430,997139.9999999981
2025-04-16,66590,電気機器,84.9,50.0,47.5,SL(-5%),2025-04-18,10000000.0,1430,9500000.0,1430,-502860.0
2025-04-16,38230,情報･通信業,76.3,122.0,115.9,SL(-5%),2025-04-17,10000000.0,1430,9500000.0,1430,-502860.0
2025-04-16,31850,小売業,77.3,143.0,135.8,SL(-5%),2025-04-17,10000000.0,1430,9496503.496503498,1430,-506356.5034965016
2025-04-16,77740,精密機器,65.4,448.0,492.8,TP(+10%),2025-04-18,10000000.0,1430,11000000.0,1430,997140.0
2025-04-16,46670,情報･通信業,67.1,1300.0,1430.0,TP(+10%),2025-04-21,10000000.0,1430,11000000.0,1430,997140.0
2025-04-16,277A0,サービス業,71.9,2054.0,1951.3,SL(-5%),2025-04-17,10000000.0,1430,9500000.0,1430,-502860.0
2025-04-16,72730,輸送用機器,76.1,451.0,428.4,SL(-5%),2025-04-17,10000000.0,1430,9498891.352549888,1430,-503968.6474501118
2025-03-18,38040,情報･通信業,73.4,560.0,616.0,TP(+10%),2025-04-24,10000000.0,1430,11000000.0,1430,997140.0
2025-04-14,55780,情報･通信業,72.1,575.6666666666666,546.9,SL(-5%),2025-04-24,10000000.0,1430,9500289.5193978,1430,-502570.4806021992
2025-04-14,77250,精密機器,61.9,1103.0,1213.3,TP(+10%),2025-04-24,10000000.0,1430,10999999.999999998,1430,997139.9999999981
2025-04-16,65370,サービス業,82.5,350.0,385.0,TP(+10%),2025-04-24,10000000.0,1430,11000000.0,1430,997140.0
2025-04-16,60480,その他,82.5,111.0,122.1,TP(+10%),2025-04-24,10000000.0,1430,10999999.999999998,1430,997139.9999999981
2025-04-16,21950,サービス業,78.0,300.0,330.0,TP(+10%),2025-04-24,10000000.0,1430,11000000.0,1430,997140.0
2025-04-16,72150,輸送用機器,71.4,355.0,390.5,TP(+10%),2025-04-24,10000000.0,1430,11000000.0,1430,997140.0
2025-04-17,92410,サービス業,91.9,1202.0,1322.2,TP(+10%),2025-04-23,10000000.0,1430,11000000.0,1430,997140.0
2025-04-17,92400,サービス業,95.8,345.0,327.8,SL(-5%),2025-04-21,10000000.0,1430,9501449.275362318,1430,-501410.7246376816
2025-04-17,56180,情報･通信業,97.4,293.0,278.3,SL(-5%),2025-04-18,10000000.0,1430,9498293.515358362,1430,-504566.48464163765
2025-04-17,38140,その他,90.6,332.0,365.2,TP(+10%),2025-04-21,10000000.0,1430,10999999.999999998,1430,997139.9999999981
2025-04-17,58170,非鉄金属,78.0,419.0,460.9,TP(+10%),2025-04-22,10000000.0,1430,10999999.999999998,1430,997139.9999999981
2025-04-17,150A0,サービス業,90.2,517.0,568.7,TP(+10%),2025-04-21,10000000.0,1430,11000000.0,1430,997140.0
2025-04-17,74620,小売業,95.9,163.5,179.9,TP(+10%),2025-04-21,10000000.0,1430,11003058.103975536,1430,1000198.1039755363
2025-04-17,61730,その他,93.5,299.0,328.9,TP(+10%),2025-04-21,10000000.0,1430,10999999.999999998,1430,997139.9999999981
2025-04-17,95650,サービス業,84.9,1145.0,1259.5,TP(+10%),2025-04-21,10000000.0,1430,11000000.0,1430,997140.0
2025-04-17,71380,小売業,82.8,141.6,134.5,SL(-5%),2025-04-18,10000000.0,1430,9498587.57062147,1430,-504272.42937853
2025-04-17,64000,機械,70.9,216.0,237.6,TP(+10%),2025-04-21,10000000.0,1430,11000000.0,1430,997140.0
2025-04-17,130A0,医薬品,87.8,683.0,751.3,TP(+10%),2025-04-21,10000000.0,1430,10999999.999999998,1430,997139.9999999981
2025-04-17,168A0,その他製品,84.5,925.0,1017.5,TP(+10%),2025-04-21,10000000.0,1430,11000000.0,1430,997140.0
2025-04-17,70630,サービス業,90.0,169.0,185.9,TP(+10%),2025-04-18,10000000.0,1430,11000000.0,1430,997140.0
2025-04-17,74260,卸売業,78.8,1025.0,1127.5,TP(+10%),2025-04-21,10000000.0,1430,11000000.0,1430,997140.0
2025-04-17,45960,医薬品,76.6,43.0,47.3,TP(+10%),2025-04-18,10000000.0,1430,10999999.999999998,1430,997139.9999999981
2025-04-17,17110,建設業,79.0,232.0,220.4,SL(-5%),2025-04-21,10000000.0,1430,9500000.0,1430,-502860.0
2025-04-17,40140,情報･通信業,65.2,421.0,463.1,TP(+10%),2025-04-23,10000000.0,1430,11000000.0,1430,997140.0
2025-04-17,95600,サービス業,63.7,950.0,1045.0,TP(+10%),2025-04-18,10000000.0,1430,11000000.0,1430,997140.0
2025-04-17,92350,サービス業,83.8,603.0,663.3,TP(+10%),2025-04-18,10000000.0,1430,10999999.999999998,1430,997139.9999999981
2025-04-17,68360,電気機器,74.7,1690.0,1605.5,SL(-5%),2025-04-18,10000000.0,1430,9500000.0,1430,-502860.0
2025-04-17,82090,その他,77.4,348.0,382.8,TP(+10%),2025-04-22,10000000.0,1430,11000000.0,1430,997140.0
2025-04-17,60850,サービス業,81.3,14.600000000000001,16.1,TP(+10%),2025-04-18,10000000.0,1430,11027397.260273973,1430,1024537.2602739725
2025-04-17,61470,機械,69.1,303.0,287.8,SL(-5%),2025-04-18,10000000.0,1430,9498349.834983498,1430,-504510.16501650214
2025-04-17,16940,その他,62.6,2024.0,1922.8,SL(-5%),2025-04-22,10000000.0,1430,9500000.0,1430,-502860.0
2025-04-17,32660,不動産業,64.0,77.0,84.7,TP(+10%),2025-04-21,10000000.0,1430,11000000.0,1430,997140.0
2025-04-17,29620,金属製品,68.1,292.0,321.2,TP(+10%),2025-04-22,10000000.0,1430,10999999.999999998,1430,997139.9999999981
2025-04-17,70900,サービス業,81.6,850.0,935.0,TP(+10%),2025-04-18,10000000.0,1430,11000000.0,1430,997140.0
2025-04-17,70120,輸送用機器,70.1,1620.8000000000002,1539.8,SL(-5%),2025-04-22,10000000.0,1430,9500246.791707797,1430,-502613.208292203
2025-04-17,89440,不動産業,69.7,176.0,193.6,TP(+10%),2025-04-21,10000000.0,1430,10999999.999999998,1430,997139.9999999981
2025-01-30,78220,その他製品,71.3,201.0,221.1,TP(+10%),2025-04-25,10000000.0,1430,11000000.0,1430,997140.0
2025-04-16,23070,情報･通信業,71.5,935.0,1028.5,TP(+10%),2025-04-25,10000000.0,1430,11000000.0,1430,997140.0
2025-04-16,60940,サービス業,66.9,488.0,536.8,TP(+10%),2025-04-25,10000000.0,1430,10999999.999999998,1430,997139.9999999981
2025-04-16,73520,サービス業,67.3,965.0,1061.5,TP(+10%),2025-04-25,10000000.0,1430,11000000.0,1430,997140.0
2025-04-18,21560,サービス業,96.0,340.0,374.0,TP(+10%),2025-04-21,10000000.0,1430,11000000.0,1430,997140.0
2025-04-18,41990,情報･通信業,91.7,906.0,860.7,SL(-5%),2025-04-22,10000000.0,1430,9500000.0,1430,-502860.0
2025-04-18,91640,その他,78.1,518.0,492.1,SL(-5%),2025-04-21,10000000.0,1430,9500000.0,1430,-502860.0
2025-04-18,70780,サービス業,86.0,514.0,488.3,SL(-5%),2025-04-21,10000000.0,1430,9500000.0,1430,-502860.0
2025-04-18,39870,情報･通信業,76.5,430.0,408.5,SL(-5%),2025-04-21,10000000.0,1430,9500000.0,1430,-502860.0
2025-04-18,43810,情報･通信業,78.4,460.0,506.0,TP(+10%),2025-04-21,10000000.0,1430,11000000.0,1430,997140.0
2025-04-18,47600,サービス業,78.0,1400.0,1540.0,TP(+10%),2025-04-21,10000000.0,1430,11000000.0,1430,997140.0
2025-04-18,15140,鉱業,74.3,794.0,754.3,SL(-5%),2025-04-21,10000000.0,1430,9500000.0,1430,-502860.0
2025-04-18,302A0,サービス業,87.1,641.0,705.1,TP(+10%),2025-04-22,10000000.0,1430,11000000.0,1430,997140.0
2025-04-18,48810,医薬品,75.5,104.0,98.8,SL(-5%),2025-04-23,10000000.0,1430,9500000.0,1430,-502860.0
2025-04-18,77740,精密機器,72.3,519.0,570.9,TP(+10%),2025-04-21,10000000.0,1430,10999999.999999998,1430,997139.9999999981
2025-04-18,135A0,情報･通信業,81.2,2760.0,2622.0,SL(-5%),2025-04-21,10000000.0,1430,9500000.0,1430,-502860.0
2025-04-18,29620,金属製品,72.8,288.0,316.8,TP(+10%),2025-04-22,10000000.0,1430,11000000.0,1430,997140.0
2025-04-18,45960,医薬品,79.7,45.0,49.5,TP(+10%),2025-04-21,10000000.0,1430,11000000.0,1430,997140.0
2025-04-18,75780,小売業,72.1,120.0,132.0,TP(+10%),2025-04-22,10000000.0,1430,11000000.0,1430,997140.0
2025-04-18,71380,小売業,71.0,130.0,143.0,TP(+10%),2025-04-21,10000000.0,1430,11000000.0,1430,997140.0
2025-04-18,60850,サービス業,73.5,15.600000000000001,17.2,TP(+10%),2025-04-21,10000000.0,1430,11025641.025641024,1430,1022781.0256410241
2025-04-18,77710,精密機器,65.1,67.0,73.7,TP(+10%),2025-04-22,10000000.0,1430,11000000.0,1430,997140.0
2025-04-18,52400,情報･通信業,69.7,274.0,301.4,TP(+10%),2025-04-21,10000000.0,1430,10999999.999999998,1430,997139.9999999981
2025-04-18,68360,電気機器,71.4,1620.0,1539.0,SL(-5%),2025-04-21,10000000.0,1430,9500000.0,1430,-502860.0
2025-04-18,17110,建設業,73.8,223.0,211.8,SL(-5%),2025-04-23,10000000.0,1430,9497757.847533634,1430,-505102.15246636607
2025-04-18,61470,機械,65.6,292.0,321.2,TP(+10%),2025-04-22,10000000.0,1430,10999999.999999998,1430,997139.9999999981
2025-04-18,43160,情報･通信業,66.9,330.0,363.0,TP(+10%),2025-04-22,10000000.0,1430,11000000.0,1430,997140.0
2025-04-18,92350,サービス業,71.8,703.0,773.3,TP(+10%),2025-04-21,10000000.0,1430,10999999.999999998,1430,997139.9999999981
2025-04-18,44380,情報･通信業,80.1,330.0,363.0,TP(+10%),2025-04-22,10000000.0,1430,11000000.0,1430,997140.0
2025-04-18,76010,小売業,63.3,172.0,189.2,TP(+10%),2025-04-22,10000000.0,1430,10999999.999999998,1430,997139.9999999981
2025-04-18,31850,小売業,65.6,147.0,139.7,SL(-5%),2025-04-22,10000000.0,1430,9503401.360544218,1430,-499458.63945578225
2025-04-18,77760,精密機器,76.8,658.0,625.1,SL(-5%),2025-04-21,10000000.0,1430,9500000.0,1430,-502860.0
2025-03-27,14360,建設業,74.3,768.3333333333333,729.9,SL(-5%),2025-04-28,10000000.0,1430,9499783.080260305,1430,-503076.91973969527
2025-04-11,31430,卸売業,78.5,581.6666666666666,639.8,TP(+10%),2025-04-28,10000000.0,1430,10999426.93409742,1430,996566.9340974204
2025-04-14,48930,医薬品,76.6,138.0,151.8,TP(+10%),2025-04-28,10000000.0,1430,11000000.0,1430,997140.0
2025-04-14,50260,情報･通信業,83.5,954.0,1049.4,TP(+10%),2025-04-28,10000000.0,1430,11000000.0,1430,997140.0
2025-04-15,260A0,その他,84.2,425.0,403.8,SL(-5%),2025-04-28,10000000.0,1430,9501176.470588235,1430,-501683.5294117648
2025-04-16,66150,電気機器,68.1,267.0,293.7,TP(+10%),2025-04-28,10000000.0,1430,10999999.999999998,1430,997139.9999999981
2025-04-17,95630,サービス業,83.2,268.0,294.8,TP(+10%),2025-04-28,10000000.0,1430,11000000.0,1430,997140.0
2025-04-17,70740,サービス業,75.7,256.0,281.6,TP(+10%),2025-04-28,10000000.0,1430,11000000.0,1430,997140.0
2025-04-17,42400,化学,79.6,220.0,242.0,TP(+10%),2025-04-28,10000000.0,1430,11000000.0,1430,997140.0
2025-04-17,73720,サービス業,65.8,297.0,326.7,TP(+10%),2025-04-28,10000000.0,1430,10999999.999999998,1430,997139.9999999981
2025-04-17,33230,卸売業,66.3,66.0,72.6,TP(+10%),2025-04-28,10000000.0,1430,10999999.999999998,1430,997139.9999999981
2025-04-18,59050,金属製品,68.1,1347.0,1481.7,TP(+10%),2025-05-01,10000000.0,1430,11000000.0,1430,997140.0
2025-04-21,30410,卸売業,93.7,381.0,361.9,SL(-5%),2025-04-23,10000000.0,1430,9498687.664041994,1430,-504172.33595800586
2025-04-21,70900,サービス業,86.1,1170.0,1287.0,TP(+10%),2025-04-22,10000000.0,1430,11000000.0,1430,997140.0
2025-04-21,65790,サービス業,91.0,350.0,385.0,TP(+10%),2025-04-22,10000000.0,1430,11000000.0,1430,997140.0
2025-04-21,61730,その他,92.7,325.0,357.5,TP(+10%),2025-04-22,10000000.0,1430,11000000.0,1430,997140.0
2025-04-21,142A0,サービス業,97.8,490.0,539.0,TP(+10%),2025-04-23,10000000.0,1430,11000000.0,1430,997140.0
2025-04-21,76020,卸売業,77.0,136.0,129.2,SL(-5%),2025-04-22,10000000.0,1430,9500000.0,1430,-502860.0
2025-04-21,92130,サービス業,90.1,802.0,882.2,TP(+10%),2025-04-22,10000000.0,1430,11000000.0,1430,997140.0
2025-04-21,74620,小売業,95.8,167.0,183.7,TP(+10%),2025-04-23,10000000.0,1430,10999999.999999998,1430,997139.9999999981
2025-04-21,47200,サービス業,92.5,212.0,233.2,TP(+10%),2025-04-22,10000000.0,1430,10999999.999999998,1430,997139.9999999981
2025-04-21,38140,その他,90.4,335.0,368.5,TP(+10%),2025-04-22,10000000.0,1430,11000000.0,1430,997140.0
2025-04-21,52400,情報･通信業,89.8,290.0,275.5,SL(-5%),2025-04-22,10000000.0,1430,9500000.0,1430,-502860.0
2025-04-21,44240,情報･通信業,93.7,286.0,314.6,TP(+10%),2025-04-22,10000000.0,1430,11000000.0,1430,997140.0
2025-04-21,21560,サービス業,95.4,370.0,351.5,SL(-5%),2025-04-23,10000000.0,1430,9500000.0,1430,-502860.0
2025-04-21,175A0,情報･通信業,90.9,808.0,888.8,TP(+10%),2025-04-22,10000000.0,1430,10999999.999999998,1430,997139.9999999981
2025-04-21,71380,小売業,88.9,135.6,149.2,TP(+10%),2025-04-22,10000000.0,1430,11002949.852507373,1430,1000089.8525073733
2025-04-21,52500,情報･通信業,82.9,1077.0,1023.1,SL(-5%),2025-04-25,10000000.0,1430,9499535.747446612,1430,-503324.2525533885
2025-04-21,95650,サービス業,87.1,1200.0,1140.0,SL(-5%),2025-04-22,10000000.0,1430,9500000.0,1430,-502860.0
2025-04-21,92350,サービス業,91.9,755.0,717.2,SL(-5%),2025-04-22,10000000.0,1430,9499337.748344371,1430,-503522.2516556289
2025-04-21,150A0,サービス業,83.6,501.0,551.1,TP(+10%),2025-04-22,10000000.0,1430,11000000.0,1430,997140.0
2025-04-21,23880,その他金融業,75.7,64.0,70.4,TP(+10%),2025-04-23,10000000.0,1430,11000000.0,1430,997140.0
2025-04-21,79010,その他製品,75.6,824.0,906.4,TP(+10%),2025-04-22,10000000.0,1430,11000000.0,1430,997140.0
2025-04-21,47600,サービス業,85.4,1464.0,1390.8,SL(-5%),2025-04-22,10000000.0,1430,9500000.0,1430,-502860.0
2025-04-21,27000,卸売業,83.1,1626.0,1788.6,TP(+10%),2025-04-22,10000000.0,1430,10999999.999999998,1430,997139.9999999981
2025-04-21,70660,サービス業,76.3,555.0,610.5,TP(+10%),2025-04-28,10000000.0,1430,11000000.0,1430,997140.0
2025-04-21,44440,情報･通信業,74.9,819.0,900.9,TP(+10%),2025-04-23,10000000.0,1430,11000000.0,1430,997140.0
2025-04-21,99780,小売業,83.7,49.0,53.9,TP(+10%),2025-04-22,10000000.0,1430,11000000.0,1430,997140.0
2025-04-21,205A0,建設業,86.5,970.0,1067.0,TP(+10%),2025-04-22,10000000.0,1430,11000000.0,1430,997140.0
2025-04-21,168A0,その他製品,71.3,1003.0,952.8,SL(-5%),2025-04-23,10000000.0,1430,9499501.49551346,1430,-503358.50448654033
2025-04-21,45960,医薬品,81.3,44.0,48.4,TP(+10%),2025-04-22,10000000.0,1430,10999999.999999998,1430,997139.9999999981
2025-04-21,70820,サービス業,71.5,876.5,832.7,SL(-5%),2025-04-23,10000000.0,1430,9500285.22532801,1430,-502574.7746719904
2025-04-21,70780,サービス業,69.0,491.0,466.4,SL(-5%),2025-04-22,10000000.0,1430,9498981.6700611,1430,-503878.3299388997
2025-04-21,65730,サービス業,83.3,71.0,67.5,SL(-5%),2025-04-28,10000000.0,1430,9507042.253521126,1430,-495817.74647887424
2025-04-21,68360,電気機器,79.3,1580.0,1501.0,SL(-5%),2025-04-22,10000000.0,1430,9500000.0,1430,-502860.0
2025-04-21,269A0,情報･通信業,71.2,2528.0,2401.6,SL(-5%),2025-04-24,10000000.0,1430,9500000.0,1430,-502860.0
2025-04-21,48830,医薬品,76.1,81.0,77.0,SL(-5%),2025-04-25,10000000.0,1430,9506172.839506174,1430,-496687.1604938265
2025-04-21,45860,医薬品,78.7,69.0,65.5,SL(-5%),2025-04-22,10000000.0,1430,9492753.623188406,1430,-510106.3768115938
2025-04-21,24840,情報･通信業,62.4,227.0,215.6,SL(-5%),2025-04-23,10000000.0,1430,9497797.356828194,1430,-505062.6431718059
2025-04-21,81660,小売業,76.5,103.0,113.3,TP(+10%),2025-04-22,10000000.0,1430,11000000.0,1430,997140.0
2025-04-21,59980,金属製品,68.5,822.0,904.2,TP(+10%),2025-04-25,10000000.0,1430,11000000.0,1430,997140.0
2025-04-21,43810,情報･通信業,65.6,500.0,475.0,SL(-5%),2025-04-23,10000000.0,1430,9500000.0,1430,-502860.0
2025-04-21,195A0,サービス業,64.0,898.0,987.8,TP(+10%),2025-04-23,10000000.0,1430,10999999.999999998,1430,997139.9999999981
2025-04-21,76010,小売業,63.4,179.0,196.9,TP(+10%),2025-04-22,10000000.0,1430,11000000.0,1430,997140.0
2025-04-21,70630,サービス業,84.7,194.0,213.4,TP(+10%),2025-04-22,10000000.0,1430,11000000.0,1430,997140.0
2025-04-21,27620,小売業,63.5,94.0,103.4,TP(+10%),2025-04-23,10000000.0,1430,11000000.0,1430,997140.0
2025-04-21,93310,サービス業,66.5,839.0,922.9,TP(+10%),2025-04-25,10000000.0,1430,11000000.0,1430,997140.0
2025-04-21,75780,小売業,71.2,121.0,133.1,TP(+10%),2025-04-22,10000000.0,1430,10999999.999999998,1430,997139.9999999981
2025-04-14,53370,ガラス･土石製品,73.8,429.0,471.9,TP(+10%),2025-04-30,10000000.0,1430,10999999.999999998,1430,997139.9999999981
2025-04-15,37600,情報･通信業,65.6,902.0,992.2,TP(+10%),2025-04-30,10000000.0,1430,11000000.0,1430,997140.0
2025-04-16,76940,小売業,88.3,378.0,415.8,TP(+10%),2025-05-01,10000000.0,1430,11000000.0,1430,997140.0
2025-04-16,72470,輸送用機器,72.1,259.0,284.9,TP(+10%),2025-04-30,10000000.0,1430,10999999.999999998,1430,997139.9999999981
2025-04-18,92360,サービス業,83.5,1199.0,1318.9,TP(+10%),2025-04-30,10000000.0,1430,11000000.0,1430,997140.0
2025-04-21,74260,卸売業,91.7,1138.0,1251.8,TP(+10%),2025-04-30,10000000.0,1430,10999999.999999998,1430,997139.9999999981
2025-04-21,61820,サービス業,75.0,558.0,530.1,SL(-5%),2025-04-30,10000000.0,1430,9500000.0,1430,-502860.0
2025-04-21,72560,輸送用機器,73.4,91.0,86.5,SL(-5%),2025-04-30,10000000.0,1430,9505494.505494505,1430,-497365.49450549483
2025-04-22,79010,その他製品,95.2,828.0,786.6,SL(-5%),2025-04-28,10000000.0,1430,9500000.0,1430,-502860.0
2025-04-22,65790,サービス業,90.2,374.0,355.3,SL(-5%),2025-04-24,10000000.0,1430,9500000.0,1430,-502860.0
2025-04-22,38140,その他,90.1,345.0,327.8,SL(-5%),2025-04-24,10000000.0,1430,9501449.275362318,1430,-501410.7246376816
2025-04-22,175A0,情報･通信業,91.7,838.0,796.1,SL(-5%),2025-04-24,10000000.0,1430,9500000.0,1430,-502860.0
2025-04-22,44240,情報･通信業,93.0,309.0,293.6,SL(-5%),2025-04-30,10000000.0,1430,9501618.122977346,1430,-501241.8770226538
2025-04-22,48900,医薬品,78.9,415.0,456.5,TP(+10%),2025-04-24,10000000.0,1430,11000000.0,1430,997140.0
2025-04-22,71380,小売業,99.0,131.6,125.0,SL(-5%),2025-04-28,10000000.0,1430,9498480.243161095,1430,-504379.7568389047
2025-04-22,70900,サービス業,93.9,1163.0,1279.3,TP(+10%),2025-04-23,10000000.0,1430,10999999.999999998,1430,997139.9999999981
2025-04-22,44160,情報･通信業,90.0,716.0,680.2,SL(-5%),2025-04-24,10000000.0,1430,9500000.0,1430,-502860.0
2025-04-22,29620,金属製品,92.1,311.0,342.1,TP(+10%),2025-04-23,10000000.0,1430,11000000.0,1430,997140.0
2025-04-22,70420,サービス業,88.8,592.0,562.4,SL(-5%),2025-04-23,10000000.0,1430,9500000.0,1430,-502860.0
2025-04-22,44380,情報･通信業,90.8,338.0,371.8,TP(+10%),2025-04-24,10000000.0,1430,11000000.0,1430,997140.0
2025-04-22,65370,サービス業,80.2,352.0,387.2,TP(+10%),2025-04-24,10000000.0,1430,10999999.999999998,1430,997139.9999999981
2025-04-22,27000,卸売業,89.4,1788.0,1698.6,SL(-5%),2025-04-23,10000000.0,1430,9500000.0,1430,-502860.0
2025-04-22,56180,情報･通信業,90.2,333.0,316.3,SL(-5%),2025-04-23,10000000.0,1430,9498498.4984985,1430,-504361.5015015006
2025-04-22,45940,医薬品,80.2,41.0,38.9,SL(-5%),2025-04-28,10000000.0,1430,9487804.87804878,1430,-515055.12195122056
2025-04-22,59980,金属製品,73.5,821.0,903.1,TP(+10%),2025-04-25,10000000.0,1430,11000000.0,1430,997140.0
2025-04-22,36720,情報･通信業,86.8,54.0,59.4,TP(+10%),2025-04-28,10000000.0,1430,11000000.0,1430,997140.0
2025-04-22,78650,その他製品,69.1,538.0,511.1,SL(-5%),2025-04-30,10000000.0,1430,9500000.0,1430,-502860.0
2025-04-22,77710,精密機器,71.1,67.0,73.7,TP(+10%),2025-04-28,10000000.0,1430,11000000.0,1430,997140.0
2025-04-22,23700,サービス業,81.1,33.0,31.3,SL(-5%),2025-04-23,10000000.0,1430,9484848.484848484,1430,-518011.5151515156
2025-04-22,66590,電気機器,87.8,48.0,45.6,SL(-5%),2025-04-24,10000000.0,1430,9500000.0,1430,-502860.0
2025-04-22,70630,サービス業,87.1,207.0,196.6,SL(-5%),2025-04-23,10000000.0,1430,9497584.541062802,1430,-505275.4589371979
2025-04-22,33580,小売業,67.0,84.0,92.4,TP(+10%),2025-04-28,10000000.0,1430,11000000.0,1430,997140.0
2025-04-22,81660,小売業,76.3,107.0,117.7,TP(+10%),2025-04-28,10000000.0,1430,11000000.0,1430,997140.0
2025-04-22,60960,その他,67.3,418.0,397.1,SL(-5%),2025-04-28,10000000.0,1430,9500000.0,1430,-502860.0
2025-04-22,41990,情報･通信業,73.0,904.0,858.8,SL(-5%),2025-04-23,10000000.0,1430,9500000.0,1430,-502860.0
2025-04-22,27430,その他,78.7,64.0,60.8,SL(-5%),2025-04-28,10000000.0,1430,9500000.0,1430,-502860.0
2025-04-22,65730,サービス業,73.7,73.0,69.3,SL(-5%),2025-04-25,10000000.0,1430,9493150.684931505,1430,-509709.3150684945
2025-04-22,47600,サービス業,66.2,1396.0,1535.6,TP(+10%),2025-04-23,10000000.0,1430,10999999.999999998,1430,997139.9999999981
2025-04-22,26560,小売業,75.2,79.0,86.9,TP(+10%),2025-04-23,10000000.0,1430,11000000.0,1430,997140.0
2025-04-22,68360,電気機器,82.7,1351.0,1486.1,TP(+10%),2025-04-23,10000000.0,1430,10999999.999999998,1430,997139.9999999981
2025-04-22,70720,サービス業,66.2,880.0,968.0,TP(+10%),2025-04-24,10000000.0,1430,11000000.0,1430,997140.0
2025-04-22,56160,情報･通信業,77.9,1011.0,1112.1,TP(+10%),2025-04-25,10000000.0,1430,10999999.999999998,1430,997139.9999999981
2025-04-15,44840,情報･通信業,66.7,178.0,195.8,TP(+10%),2025-05-01,10000000.0,1430,11000000.0,1430,997140.0
2025-04-16,44130,情報･通信業,75.1,2675.0,2942.5,TP(+10%),2025-05-01,10000000.0,1430,11000000.0,1430,997140.0
2025-04-16,37440,情報･通信業,67.0,322.0,354.2,TP(+10%),2025-05-01,10000000.0,1430,10999999.999999998,1430,997139.9999999981
2025-04-17,304A0,情報･通信業,78.7,2011.0,2212.1,TP(+10%),2025-05-01,10000000.0,1430,10999999.999999998,1430,997139.9999999981
2025-04-17,62390,機械,68.7,1157.0,1272.7,TP(+10%),2025-05-01,10000000.0,1430,11000000.0,1430,997140.0
2025-04-18,52520,情報･通信業,84.8,430.0,473.0,TP(+10%),2025-05-01,10000000.0,1430,11000000.0,1430,997140.0
2025-04-21,41660,情報･通信業,88.5,559.0,614.9,TP(+10%),2025-05-01,10000000.0,1430,10999999.999999998,1430,997139.9999999981
2025-04-21,49370,化学,92.5,1065.0,1011.8,SL(-5%),2025-05-01,10000000.0,1430,9500469.483568074,1430,-502390.5164319258
2025-04-21,60540,サービス業,68.7,133.0,146.3,TP(+10%),2025-05-01,10000000.0,1430,11000000.0,1430,997140.0
2025-04-22,39130,情報･通信業,90.1,607.0,576.6,SL(-5%),2025-05-01,10000000.0,1430,9499176.276771005,1430,-503683.72322899476
2025-04-22,303A0,情報･通信業,88.0,1018.0,1119.8,TP(+10%),2025-05-01,10000000.0,1430,10999999.999999998,1430,997139.9999999981
2025-04-22,60460,サービス業,69.0,112.0,123.2,TP(+10%),2025-05-01,10000000.0,1430,11000000.0,1430,997140.0
2025-04-23,42880,情報･通信業,92.8,536.0,589.6,TP(+10%),2025-04-24,10000000.0,1430,11000000.0,1430,997140.0
2025-04-23,70930,サービス業,91.8,555.0,527.2,SL(-5%),2025-04-24,10000000.0,1430,9499099.0990991,1430,-503760.90090090036
2025-04-23,195A0,サービス業,90.1,988.0,938.6,SL(-5%),2025-04-24,10000000.0,1430,9500000.0,1430,-502860.0
2025-04-23,59670,金属製品,94.9,579.0,550.0,SL(-5%),2025-04-24,10000000.0,1430,9499136.442141624,1430,-503723.55785837583
2025-04-23,73760,サービス業,87.4,613.3333333333333,582.7,SL(-5%),2025-05-01,10000000.0,1430,9500543.478260871,1430,-502316.521739129
2025-04-23,47600,サービス業,92.6,1630.0,1548.5,SL(-5%),2025-04-24,10000000.0,1430,9500000.0,1430,-502860.0
2025-04-23,157A0,サービス業,89.2,601.0,570.9,SL(-5%),2025-04-28,10000000.0,1430,9499168.053244593,1430,-503691.9467554074
2025-04-23,78780,その他製品,80.8,1038.0,986.1,SL(-5%),2025-04-24,10000000.0,1430,9500000.0,1430,-502860.0
2025-04-23,40520,情報･通信業,87.9,365.0,346.8,SL(-5%),2025-04-25,10000000.0,1430,9501369.8630137,1430,-501490.13698630035
2025-04-23,44270,情報･通信業,74.3,250.0,275.0,TP(+10%),2025-05-01,10000000.0,1430,11000000.0,1430,997140.0
2025-04-23,26560,小売業,80.4,85.0,80.8,SL(-5%),2025-04-28,10000000.0,1430,9505882.352941176,1430,-496977.6470588241
2025-04-23,82090,その他,78.9,360.0,342.0,SL(-5%),2025-04-28,10000000.0,1430,9500000.0,1430,-502860.0
2025-04-23,29620,金属製品,70.4,344.0,326.8,SL(-5%),2025-04-24,10000000.0,1430,9500000.0,1430,-502860.0
2025-04-23,27000,卸売業,72.6,1644.0,1808.4,TP(+10%),2025-05-01,10000000.0,1430,11000000.0,1430,997140.0
2025-04-23,61730,その他,79.4,332.0,365.2,TP(+10%),2025-04-24,10000000.0,1430,10999999.999999998,1430,997139.9999999981
2025-04-23,27620,小売業,75.7,95.0,90.2,SL(-5%),2025-04-30,10000000.0,1430,9494736.842105264,1430,-508123.15789473616
2025-04-23,72560,輸送用機器,68.8,93.0,88.3,SL(-5%),2025-04-24,10000000.0,1430,9494623.655913979,1430,-508236.3440860212
2025-04-23,27210,卸売業,77.0,205.0,194.8,SL(-5%),2025-04-24,10000000.0,1430,9502439.024390245,1430,-500420.97560975514
2025-04-23,92350,サービス業,84.5,776.0,737.2,SL(-5%),2025-04-24,10000000.0,1430,9500000.0,1430,-502860.0
2025-04-23,60480,その他,61.3,116.0,110.2,SL(-5%),2025-04-28,10000000.0,1430,9500000.0,1430,-502860.0
2025-04-23,36670,情報･通信業,74.5,91.0,86.5,SL(-5%),2025-04-28,10000000.0,1430,9505494.505494505,1430,-497365.49450549483
2025-04-23,81360,卸売業,71.7,1175.0,1116.2,SL(-5%),2025-04-30,10000000.0,1430,9499574.468085106,1430,-503285.53191489354
2025-04-23,55950,その他,69.4,1320.0,1452.0,TP(+10%),2025-04-25,10000000.0,1430,11000000.0,1430,997140.0
2025-04-23,33500,卸売業,69.7,372.0,353.4,SL(-5%),2025-04-24,10000000.0,1430,9500000.0,1430,-502860.0
2025-04-23,65240,電気機器,64.3,1738.0,1911.8,TP(+10%),2025-04-28,10000000.0,1430,11000000.0,1430,997140.0
2025-04-23,61770,サービス業,66.5,88.0,96.8,TP(+10%),2025-05-01,10000000.0,1430,10999999.999999998,1430,997139.9999999981
2025-04-11,64240,機械,68.9,942.0,1036.2,TP(+10%),2025-05-02,10000000.0,1430,11000000.0,1430,997140.0
2025-04-15,65550,サービス業,72.8,386.0,366.7,SL(-5%),2025-05-02,10000000.0,1430,9500000.0,1430,-502860.0
2025-04-15,39940,情報･通信業,65.5,4000.0,4400.0,TP(+10%),2025-05-02,10000000.0,1430,11000000.0,1430,997140.0
2025-04-17,42410,化学,84.5,395.0,375.2,SL(-5%),2025-05-02,10000000.0,1430,9498734.17721519,1430,-504125.8227848094
2025-04-18,70410,サービス業,76.7,290.0,275.5,SL(-5%),2025-05-02,10000000.0,1430,9500000.0,1430,-502860.0
2025-04-21,34390,金属製品,73.3,624.0,686.4,TP(+10%),2025-05-07,10000000.0,1430,10999999.999999998,1430,997139.9999999981
2025-04-22,75780,小売業,85.4,121.0,133.1,TP(+10%),2025-05-02,10000000.0,1430,10999999.999999998,1430,997139.9999999981
2025-04-22,73670,サービス業,73.3,339.0,372.9,TP(+10%),2025-05-02,10000000.0,1430,10999999.999999998,1430,997139.9999999981
2025-04-23,29010,食料品,63.4,669.0,635.5,SL(-5%),2025-05-02,10000000.0,1430,9499252.615844544,1430,-503607.384155456
2025-04-23,74620,小売業,79.5,174.0,165.3,SL(-5%),2025-05-02,10000000.0,1430,9500000.0,1430,-502860.0
2025-04-24,21950,サービス業,93.7,323.0,355.3,TP(+10%),2025-04-25,10000000.0,1430,11000000.0,1430,997140.0
2025-04-24,36710,情報･通信業,89.6,232.25,220.6,SL(-5%),2025-04-28,10000000.0,1430,9498385.3606028,1430,-504474.6393972002
2025-04-24,66340,電気機器,90.7,149.0,141.5,SL(-5%),2025-04-25,10000000.0,1430,9496644.295302013,1430,-506215.70469798706
2025-04-24,33190,その他,92.5,314.0,345.4,TP(+10%),2025-04-25,10000000.0,1430,10999999.999999998,1430,997139.9999999981
2025-04-24,65370,サービス業,90.6,380.0,361.0,SL(-5%),2025-04-25,10000000.0,1430,9500000.0,1430,-502860.0
2025-04-24,30410,卸売業,88.8,443.0,487.3,TP(+10%),2025-04-25,10000000.0,1430,11000000.0,1430,997140.0
2025-04-24,143A0,サービス業,85.5,960.0,912.0,SL(-5%),2025-04-28,10000000.0,1430,9500000.0,1430,-502860.0
2025-04-24,50250,情報･通信業,83.1,747.0,821.7,TP(+10%),2025-04-25,10000000.0,1430,11000000.0,1430,997140.0
2025-04-24,58700,サービス業,82.0,541.0,595.1,TP(+10%),2025-04-25,10000000.0,1430,11000000.0,1430,997140.0
2025-04-24,99760,小売業,73.4,972.0,1069.2,TP(+10%),2025-04-28,10000000.0,1430,11000000.0,1430,997140.0
2025-04-24,64700,機械,72.7,594.0,653.4,TP(+10%),2025-05-02,10000000.0,1430,10999999.999999998,1430,997139.9999999981
2025-04-24,70930,サービス業,82.8,525.0,577.5,TP(+10%),2025-04-25,10000000.0,1430,11000000.0,1430,997140.0
2025-04-24,38410,情報･通信業,84.6,1277.0,1404.7,TP(+10%),2025-05-01,10000000.0,1430,11000000.0,1430,997140.0
2025-04-24,45790,医薬品,72.4,427.0,469.7,TP(+10%),2025-04-25,10000000.0,1430,11000000.0,1430,997140.0
2025-04-24,62540,機械,68.8,2419.0,2298.0,SL(-5%),2025-04-30,10000000.0,1430,9499793.303017776,1430,-503066.69698222354
2025-04-24,48900,医薬品,65.8,426.0,404.7,SL(-5%),2025-04-28,10000000.0,1430,9500000.0,1430,-502860.0
2025-04-24,44380,情報･通信業,81.0,335.0,368.5,TP(+10%),2025-04-25,10000000.0,1430,11000000.0,1430,997140.0
2025-04-24,92350,サービス業,75.4,736.0,809.6,TP(+10%),2025-04-25,10000000.0,1430,11000000.0,1430,997140.0
2025-04-24,24890,サービス業,64.2,280.0,266.0,SL(-5%),2025-04-28,10000000.0,1430,9500000.0,1430,-502860.0
2025-04-24,66150,電気機器,62.9,264.0,290.4,TP(+10%),2025-04-28,10000000.0,1430,10999999.999999998,1430,997139.9999999981
2025-04-24,47600,サービス業,69.7,1556.0,1711.6,TP(+10%),2025-04-25,10000000.0,1430,10999999.999999998,1430,997139.9999999981
2025-04-14,76080,卸売業,78.6,383.0,421.3,TP(+10%),2025-05-07,10000000.0,1430,11000000.0,1430,997140.0
2025-04-14,23420,サービス業,80.4,184.0,174.8,SL(-5%),2025-05-07,10000000.0,1430,9500000.0,1430,-502860.0
2025-04-15,47090,情報･通信業,65.3,954.5,1050.0,TP(+10%),2025-05-07,10000000.0,1430,11000523.834468307,1430,997663.834468307
2025-04-16,53410,ガラス･土石製品,84.3,365.0,401.5,TP(+10%),2025-05-07,10000000.0,1430,11000000.0,1430,997140.0
2025-04-17,79830,その他製品,90.2,1043.0,1147.3,TP(+10%),2025-05-07,10000000.0,1430,10999999.999999998,1430,997139.9999999981
2025-04-17,43760,情報･通信業,71.1,195.0,185.2,SL(-5%),2025-05-07,10000000.0,1430,9497435.897435896,1430,-505424.1025641039
2025-04-18,95010,電気･ガス業,69.7,431.1,409.5,SL(-5%),2025-05-07,10000000.0,1430,9498956.158663882,1430,-503903.84133611806
2025-04-21,89440,不動産業,81.4,182.0,200.2,TP(+10%),2025-05-07,10000000.0,1430,10999999.999999998,1430,997139.9999999981
2025-04-21,52160,ガラス･土石製品,70.7,241.0,265.1,TP(+10%),2025-05-07,10000000.0,1430,11000000.0,1430,997140.0
2025-04-22,76010,小売業,78.2,176.0,193.6,TP(+10%),2025-05-07,10000000.0,1430,10999999.999999998,1430,997139.9999999981
2025-04-22,205A0,建設業,84.8,948.0,1042.8,TP(+10%),2025-05-07,10000000.0,1430,10999999.999999998,1430,997139.9999999981
2025-04-23,138A0,小売業,81.1,1648.0,1812.8,TP(+10%),2025-05-07,10000000.0,1430,11000000.0,1430,997140.0
2025-04-23,38070,情報･通信業,75.8,127.0,139.7,TP(+10%),2025-05-07,10000000.0,1430,10999999.999999998,1430,997139.9999999981
2025-04-25,23030,情報･通信業,93.8,1180.0,1121.0,SL(-5%),2025-04-28,10000000.0,1430,9500000.0,1430,-502860.0
2025-04-25,30410,卸売業,81.6,490.0,539.0,TP(+10%),2025-04-30,10000000.0,1430,11000000.0,1430,997140.0
2025-04-25,21950,サービス業,90.0,352.0,334.4,SL(-5%),2025-05-01,10000000.0,1430,9500000.0,1430,-502860.0
2025-04-25,22160,食料品,93.6,1418.3333333333333,1347.4,SL(-5%),2025-04-28,10000000.0,1430,9499882.49118684,1430,-502977.50881315954
2025-04-25,52400,情報･通信業,93.6,337.0,370.7,TP(+10%),2025-04-28,10000000.0,1430,10999999.999999998,1430,997139.9999999981
2025-04-25,50250,情報･通信業,89.3,677.0,643.1,SL(-5%),2025-05-01,10000000.0,1430,9499261.447562777,1430,-503598.5524372235
2025-04-25,49780,化学,85.9,151.0,143.4,SL(-5%),2025-04-30,10000000.0,1430,9496688.741721855,1430,-506171.2582781445
2025-04-25,190A0,医薬品,88.6,239.0,227.0,SL(-5%),2025-04-30,10000000.0,1430,9497907.949790794,1430,-504952.0502092056
2025-04-25,33190,その他,84.7,357.0,339.1,SL(-5%),2025-04-28,10000000.0,1430,9498599.43977591,1430,-504260.5602240898
2025-04-25,56180,情報･通信業,89.0,328.0,311.6,SL(-5%),2025-05-07,10000000.0,1430,9500000.0,1430,-502860.0
2025-04-25,77940,その他製品,73.5,640.0,608.0,SL(-5%),2025-04-28,10000000.0,1430,9500000.0,1430,-502860.0
2025-04-25,40990,化学,80.8,957.0,909.1,SL(-5%),2025-05-01,10000000.0,1430,9499477.533960294,1430,-503382.466039706
2025-04-25,59980,金属製品,71.2,914.0,868.3,SL(-5%),2025-04-28,10000000.0,1430,9500000.0,1430,-502860.0
2025-04-25,54820,鉄鋼,80.1,1910.0,2101.0,TP(+10%),2025-04-28,10000000.0,1430,11000000.0,1430,997140.0
2025-04-25,38410,情報･通信業,74.9,1252.0,1377.2,TP(+10%),2025-04-28,10000000.0,1430,11000000.0,1430,997140.0
2025-04-25,44380,情報･通信業,79.8,355.0,337.2,SL(-5%),2025-04-30,10000000.0,1430,9498591.549295774,1430,-504268.45070422627
2025-04-25,21340,サービス業,77.8,21.0,19.9,SL(-5%),2025-04-30,10000000.0,1430,9476190.476190476,1430,-526669.5238095243
2025-04-25,47600,サービス業,79.2,1555.0,1477.2,SL(-5%),2025-04-28,10000000.0,1430,9499678.45659164,1430,-503181.54340836033
2025-04-25,78780,その他製品,63.8,1004.0,953.8,SL(-5%),2025-05-02,10000000.0,1430,9500000.0,1430,-502860.0
2025-04-25,206A0,医薬品,68.6,258.0,245.1,SL(-5%),2025-05-02,10000000.0,1430,9500000.0,1430,-502860.0
2025-04-25,55950,その他,75.9,1465.0,1391.8,SL(-5%),2025-04-28,10000000.0,1430,9500341.296928328,1430,-502518.70307167247
2025-04-17,194A0,サービス業,77.4,669.0,735.9,TP(+10%),2025-05-08,10000000.0,1430,10999999.999999998,1430,997139.9999999981
2025-04-18,61460,機械,68.8,26760.0,29436.0,TP(+10%),2025-05-08,10000000.0,1430,11000000.0,1430,997140.0
2025-04-21,75240,小売業,70.5,180.0,198.0,TP(+10%),2025-05-08,10000000.0,1430,11000000.0,1430,997140.0
2025-04-21,130A0,医薬品,84.0,703.0,667.9,SL(-5%),2025-05-08,10000000.0,1430,9500711.237553341,1430,-502148.7624466587
2025-04-23,94230,情報･通信業,75.8,101.0,111.1,TP(+10%),2025-05-08,10000000.0,1430,10999999.999999998,1430,997139.9999999981
2025-04-25,53440,ガラス･土石製品,63.4,29375.0,32312.5,TP(+10%),2025-05-08,10000000.0,1430,11000000.0,1430,997140.0
2025-04-28,52400,情報･通信業,89.3,370.0,351.5,SL(-5%),2025-04-30,10000000.0,1430,9500000.0,1430,-502860.0
2025-04-28,66140,電気機器,94.4,1073.0,1180.3,TP(+10%),2025-04-30,10000000.0,1430,10999999.999999998,1430,997139.9999999981
2025-04-28,66150,電気機器,80.0,292.0,321.2,TP(+10%),2025-05-07,10000000.0,1430,10999999.999999998,1430,997139.9999999981
2025-04-28,23030,情報･通信業,86.0,1173.0,1114.3,SL(-5%),2025-04-30,10000000.0,1430,9499573.742540494,1430,-503286.2574595064
2025-04-28,56120,鉄鋼,82.4,1274.0,1401.4,TP(+10%),2025-05-01,10000000.0,1430,11000000.0,1430,997140.0
2025-04-28,33580,小売業,75.7,85.0,93.5,TP(+10%),2025-05-07,10000000.0,1430,11000000.0,1430,997140.0
2025-04-28,68360,電気機器,85.2,965.0,916.8,SL(-5%),2025-04-30,10000000.0,1430,9500518.134715026,1430,-502341.86528497376
2025-04-28,39970,情報･通信業,78.3,133.6,126.9,SL(-5%),2025-04-30,10000000.0,1430,9498502.994011978,1430,-504357.0059880223
2025-04-28,54820,鉄鋼,75.3,2217.5,2106.6,SL(-5%),2025-04-30,10000000.0,1430,9499887.26042841,1430,-502972.73957159
2025-04-28,66590,電気機器,83.0,44.0,48.4,TP(+10%),2025-04-30,10000000.0,1430,10999999.999999998,1430,997139.9999999981
2025-04-28,42560,情報･通信業,76.4,880.0,968.0,TP(+10%),2025-04-30,10000000.0,1430,11000000.0,1430,997140.0
2025-04-28,60460,サービス業,69.0,112.0,123.2,TP(+10%),2025-05-01,10000000.0,1430,11000000.0,1430,997140.0
2025-04-28,27430,その他,87.9,60.0,66.0,TP(+10%),2025-04-30,10000000.0,1430,11000000.0,1430,997140.0
2025-04-28,70500,サービス業,70.1,964.0,915.8,SL(-5%),2025-05-01,10000000.0,1430,9500000.0,1430,-502860.0
2025-04-28,76150,小売業,76.9,78.0,85.8,TP(+10%),2025-04-30,10000000.0,1430,10999999.999999998,1430,997139.9999999981
2025-04-28,52550,情報･通信業,83.1,77.0,84.7,TP(+10%),2025-04-30,10000000.0,1430,11000000.0,1430,997140.0
2025-04-28,71610,銀行業,64.8,341.0,323.9,SL(-5%),2025-05-01,10000000.0,1430,9498533.724340176,1430,-504326.2756598238
2025-04-28,45990,医薬品,66.2,331.0,314.4,SL(-5%),2025-05-02,10000000.0,1430,9498489.425981872,1430,-504370.5740181282
2025-04-28,60220,機械,63.8,1880.0,2068.0,TP(+10%),2025-05-02,10000000.0,1430,11000000.0,1430,997140.0
2025-04-28,41250,化学,67.5,1284.0,1219.8,SL(-5%),2025-05-01,10000000.0,1430,9500000.0,1430,-502860.0
2025-04-28,38400,情報･通信業,76.4,96.0,105.6,TP(+10%),2025-05-07,10000000.0,1430,10999999.999999998,1430,997139.9999999981
2025-04-28,81660,小売業,71.5,107.0,117.7,TP(+10%),2025-05-02,10000000.0,1430,11000000.0,1430,997140.0
2025-04-28,38410,情報･通信業,78.6,1256.0,1381.6,TP(+10%),2025-05-01,10000000.0,1430,10999999.999999998,1430,997139.9999999981
2025-04-28,65920,電気機器,68.0,1092.75,1038.1,SL(-5%),2025-04-30,10000000.0,1430,9499885.609700298,1430,-502974.39029970206
2025-04-28,36720,情報･通信業,82.1,58.0,55.1,SL(-5%),2025-05-01,10000000.0,1430,9500000.0,1430,-502860.0
2025-04-28,50260,情報･通信業,67.2,1005.0,1105.5,TP(+10%),2025-04-30,10000000.0,1430,11000000.0,1430,997140.0
2025-04-28,198A0,情報･通信業,68.4,567.0,538.6,SL(-5%),2025-04-30,10000000.0,1430,9499118.165784834,1430,-503741.83421516605
2025-04-28,45860,医薬品,74.3,69.0,65.5,SL(-5%),2025-05-01,10000000.0,1430,9492753.623188406,1430,-510106.3768115938
2025-04-28,14360,建設業,71.9,744.6666666666666,707.4,SL(-5%),2025-05-08,10000000.0,1430,9499552.372426143,1430,-503307.6275738571
2025-04-28,30410,卸売業,64.3,490.0,539.0,TP(+10%),2025-04-30,10000000.0,1430,11000000.0,1430,997140.0
2025-04-14,47720,情報･通信業,79.1,107.0,117.7,TP(+10%),2025-05-09,10000000.0,1430,11000000.0,1430,997140.0
2025-04-15,36810,その他,78.9,166.0,182.6,TP(+10%),2025-05-09,10000000.0,1430,10999999.999999998,1430,997139.9999999981
2025-04-15,94170,情報･通信業,63.7,383.0,421.3,TP(+10%),2025-05-09,10000000.0,1430,11000000.0,1430,997140.0
2025-04-15,244A0,情報･通信業,73.4,1558.0,1713.8,TP(+10%),2025-05-09,10000000.0,1430,10999999.999999998,1430,997139.9999999981
2025-04-16,151A0,サービス業,65.6,808.0,888.8,TP(+10%),2025-05-09,10000000.0,1430,10999999.999999998,1430,997139.9999999981
2025-04-17,70350,サービス業,68.7,203.0,223.3,TP(+10%),2025-05-09,10000000.0,1430,11000000.0,1430,997140.0
2025-04-18,86170,証券･商品先物取引業,69.0,378.0,415.8,TP(+10%),2025-05-09,10000000.0,1430,11000000.0,1430,997140.0
2025-04-22,59500,金属製品,70.4,211.0,232.1,TP(+10%),2025-05-09,10000000.0,1430,11000000.0,1430,997140.0
2025-04-23,23380,情報･通信業,64.4,453.0,498.3,TP(+10%),2025-05-09,10000000.0,1430,11000000.0,1430,997140.0
2025-04-24,27370,卸売業,65.5,4985.0,5483.5,TP(+10%),2025-05-09,10000000.0,1430,11000000.0,1430,997140.0
2025-04-24,55910,情報･通信業,80.4,1050.0,1155.0,TP(+10%),2025-05-09,10000000.0,1430,11000000.0,1430,997140.0
2025-04-25,72540,輸送用機器,69.1,340.0,374.0,TP(+10%),2025-05-09,10000000.0,1430,11000000.0,1430,997140.0
2025-04-28,40800,その他,68.8,449.0,493.9,TP(+10%),2025-05-09,10000000.0,1430,10999999.999999998,1430,997139.9999999981
2025-04-30,64160,その他,86.5,788.0,748.6,SL(-5%),2025-05-01,10000000.0,1430,9500000.0,1430,-502860.0
2025-04-30,52420,情報･通信業,92.0,1554.0,1709.4,TP(+10%),2025-05-01,10000000.0,1430,11000000.0,1430,997140.0
2025-04-30,66140,電気機器,86.6,1067.0,1013.6,SL(-5%),2025-05-01,10000000.0,1430,9499531.396438614,1430,-503328.60356138647
2025-04-30,91580,サービス業,77.6,1122.0,1065.9,SL(-5%),2025-05-02,10000000.0,1430,9500000.0,1430,-502860.0
2025-04-30,72560,輸送用機器,80.7,90.0,85.5,SL(-5%),2025-05-02,10000000.0,1430,9500000.0,1430,-502860.0
2025-04-30,74450,その他,73.6,256.0,243.2,SL(-5%),2025-05-02,10000000.0,1430,9500000.0,1430,-502860.0
2025-04-30,41990,情報･通信業,79.4,945.0,1039.5,TP(+10%),2025-05-07,10000000.0,1430,11000000.0,1430,997140.0
2025-04-30,66590,電気機器,88.9,44.0,41.8,SL(-5%),2025-05-08,10000000.0,1430,9500000.0,1430,-502860.0
2025-04-30,92350,サービス業,81.4,1336.0,1469.6,TP(+10%),2025-05-01,10000000.0,1430,10999999.999999998,1430,997139.9999999981
2025-04-30,46260,化学,72.3,2645.0,2512.8,SL(-5%),2025-05-02,10000000.0,1430,9500189.035916826,1430,-502670.96408317424
2025-04-30,54490,鉄鋼,65.4,2385.0,2265.8,SL(-5%),2025-05-01,10000000.0,1430,9500209.643605871,1430,-502650.3563941289
2025-04-30,46850,情報･通信業,69.0,3170.0,3011.5,SL(-5%),2025-05-02,10000000.0,1430,9500000.0,1430,-502860.0
2025-04-30,95610,サービス業,71.4,811.0,770.4,SL(-5%),2025-05-02,10000000.0,1430,9499383.477188656,1430,-503476.5228113439
2025-04-30,23450,情報･通信業,83.8,221.0,209.9,SL(-5%),2025-05-01,10000000.0,1430,9497737.556561086,1430,-505122.4434389137
2025-04-30,26560,小売業,77.7,93.0,102.3,TP(+10%),2025-05-01,10000000.0,1430,10999999.999999998,1430,997139.9999999981
2025-04-30,30410,卸売業,75.1,503.0,477.8,SL(-5%),2025-05-01,10000000.0,1430,9499005.964214712,1430,-503854.0357852876
2025-04-30,39970,情報･通信業,72.4,131.5,124.9,SL(-5%),2025-05-02,10000000.0,1430,9498098.859315591,1430,-504761.14068440907
2025-04-30,53370,ガラス･土石製品,68.5,489.0,537.9,TP(+10%),2025-05-02,10000000.0,1430,10999999.999999998,1430,997139.9999999981
2025-04-30,65260,電気機器,68.6,1532.5,1685.8,TP(+10%),2025-05-02,10000000.0,1430,11000326.26427406,1430,997466.2642740607
2025-04-30,45760,医薬品,68.0,107.0,101.6,SL(-5%),2025-05-02,10000000.0,1430,9495327.102803737,1430,-507532.8971962631
2025-04-30,219A0,医薬品,76.5,2560.0,2432.0,SL(-5%),2025-05-07,10000000.0,1430,9500000.0,1430,-502860.0
2025-04-30,68360,電気機器,84.1,816.0,897.6,TP(+10%),2025-05-01,10000000.0,1430,11000000.0,1430,997140.0
2025-04-30,38400,情報･通信業,65.8,95.0,104.5,TP(+10%),2025-05-07,10000000.0,1430,11000000.0,1430,997140.0
2025-04-30,198A0,情報･通信業,66.6,548.0,520.6,SL(-5%),2025-05-02,10000000.0,1430,9500000.0,1430,-502860.0
2025-04-30,24890,サービス業,64.1,264.0,250.8,SL(-5%),2025-05-02,10000000.0,1430,9500000.0,1430,-502860.0
2025-04-14,47660,サービス業,86.9,251.0,276.1,TP(+10%),2025-05-12,10000000.0,1430,11000000.0,1430,997140.0
2025-04-16,92590,サービス業,76.9,562.0,618.2,TP(+10%),2025-05-12,10000000.0,1430,11000000.0,1430,997140.0
2025-04-16,65210,電気機器,70.5,1171.0,1288.1,TP(+10%),2025-05-12,10000000.0,1430,10999999.999999998,1430,997139.9999999981
2025-04-24,93270,倉庫･運輸関連業,86.8,234.0,257.4,TP(+10%),2025-05-12,10000000.0,1430,10999999.999999998,1430,997139.9999999981
2025-04-25,23510,情報･通信業,71.4,352.0,334.4,SL(-5%),2025-05-12,10000000.0,1430,9500000.0,1430,-502860.0
2025-04-28,99760,小売業,88.0,958.0,1053.8,TP(+10%),2025-05-12,10000000.0,1430,10999999.999999998,1430,997139.9999999981
2025-04-28,31430,卸売業,81.2,620.3333333333333,589.3,SL(-5%),2025-05-12,10000000.0,1430,9499731.327243418,1430,-503128.6727565825
2025-04-30,60460,サービス業,73.6,118.0,112.1,SL(-5%),2025-05-12,10000000.0,1430,9500000.0,1430,-502860.0
2025-04-30,67300,電気機器,64.5,1054.0,1001.3,SL(-5%),2025-05-12,10000000.0,1430,9500000.0,1430,-502860.0
2025-04-30,190A0,医薬品,69.0,233.0,221.3,SL(-5%),2025-05-12,10000000.0,1430,9497854.077253219,1430,-505005.92274678126
2025-04-30,27430,その他,84.0,59.0,56.0,SL(-5%),2025-05-12,10000000.0,1430,9491525.423728814,1430,-511334.57627118565
2025-05-01,260A0,その他,99.0,113.0,124.3,TP(+10%),2025-05-02,10000000.0,1430,11000000.0,1430,997140.0
2025-05-01,153A0,情報･通信業,96.7,999.0,1098.9,TP(+10%),2025-05-02,10000000.0,1430,11000000.0,1430,997140.0
2025-05-01,93450,サービス業,76.5,1055.5,1002.7,SL(-5%),2025-05-07,10000000.0,1430,9499763.145428706,1430,-503096.85457129404
2025-05-01,64160,その他,86.0,730.0,693.5,SL(-5%),2025-05-07,10000000.0,1430,9500000.0,1430,-502860.0
2025-05-01,42880,情報･通信業,89.5,736.0,699.2,SL(-5%),2025-05-02,10000000.0,1430,9500000.0,1430,-502860.0
2025-05-01,39970,情報･通信業,77.4,130.0,123.5,SL(-5%),2025-05-02,10000000.0,1430,9500000.0,1430,-502860.0
2025-05-01,76150,小売業,83.0,88.0,83.6,SL(-5%),2025-05-02,10000000.0,1430,9500000.0,1430,-502860.0
2025-05-01,92350,サービス業,86.3,1238.0,1361.8,TP(+10%),2025-05-02,10000000.0,1430,10999999.999999998,1430,997139.9999999981
2025-05-01,67210,電気機器,79.2,106.0,100.7,SL(-5%),2025-05-12,10000000.0,1430,9500000.0,1430,-502860.0
2025-05-01,55770,その他,73.7,596.0,566.2,SL(-5%),2025-05-02,10000000.0,1430,9500000.0,1430,-502860.0
2025-05-01,95520,サービス業,86.0,1347.0,1279.6,SL(-5%),2025-05-07,10000000.0,1430,9499628.8047513,1430,-503231.1952487007
2025-05-01,92290,サービス業,79.7,511.0,562.1,TP(+10%),2025-05-02,10000000.0,1430,11000000.0,1430,997140.0
2025-05-01,304A0,情報･通信業,80.1,2129.0,2022.5,SL(-5%),2025-05-07,10000000.0,1430,9499765.147956787,1430,-503094.8520432133
2025-05-01,41070,化学,77.8,2215.0,2436.5,TP(+10%),2025-05-07,10000000.0,1430,11000000.0,1430,997140.0
2025-05-01,56120,鉄鋼,65.6,1357.0,1289.1,SL(-5%),2025-05-02,10000000.0,1430,9499631.540162122,1430,-503228.4598378781
2025-05-01,68360,電気機器,86.6,900.0,855.0,SL(-5%),2025-05-02,10000000.0,1430,9500000.0,1430,-502860.0
2025-05-01,30920,小売業,70.8,1423.5,1565.9,TP(+10%),2025-05-09,10000000.0,1430,11000351.246926589,1430,997491.2469265889
2025-05-01,95090,電気･ガス業,67.5,777.0,738.1,SL(-5%),2025-05-07,10000000.0,1430,9499356.499356499,1430,-503503.50064350106
2025-05-01,27880,卸売業,62.7,392.0,372.4,SL(-5%),2025-05-12,10000000.0,1430,9500000.0,1430,-502860.0
2025-05-01,48830,医薬品,69.3,76.0,72.2,SL(-5%),2025-05-08,10000000.0,1430,9500000.0,1430,-502860.0
2025-05-01,37470,情報･通信業,66.0,409.0,388.5,SL(-5%),2025-05-02,10000000.0,1430,9498777.50611247,1430,-504082.49388753064
2025-05-01,96100,サービス業,75.8,109.0,119.9,TP(+10%),2025-05-02,10000000.0,1430,11000000.0,1430,997140.0
2025-05-01,70340,サービス業,67.2,409.0,388.5,SL(-5%),2025-05-07,10000000.0,1430,9498777.50611247,1430,-504082.49388753064
2025-05-01,38410,情報･通信業,71.6,1359.0,1291.0,SL(-5%),2025-05-12,10000000.0,1430,9499632.08241354,1430,-503227.9175864607
2025-04-15,288A0,サービス業,68.8,175.0,192.5,TP(+10%),2025-05-13,10000000.0,1430,11000000.0,1430,997140.0
2025-04-16,38030,情報･通信業,80.0,450.0,495.0,TP(+10%),2025-05-13,10000000.0,1430,11000000.0,1430,997140.0
2025-04-16,73180,輸送用機器,78.2,383.5,421.9,TP(+10%),2025-05-13,10000000.0,1430,11001303.780964797,1430,998443.7809647974
2025-04-16,184A0,情報･通信業,79.5,392.0,431.2,TP(+10%),2025-05-13,10000000.0,1430,11000000.0,1430,997140.0
2025-04-18,30770,小売業,91.3,308.0,338.8,TP(+10%),2025-05-13,10000000.0,1430,11000000.0,1430,997140.0
2025-04-21,61900,サービス業,85.7,330.0,363.0,TP(+10%),2025-05-13,10000000.0,1430,11000000.0,1430,997140.0
2025-04-21,67760,化学,81.3,255.0,280.5,TP(+10%),2025-05-13,10000000.0,1430,11000000.0,1430,997140.0
2025-04-22,99780,小売業,86.1,49.0,46.5,SL(-5%),2025-05-13,10000000.0,1430,9489795.918367347,1430,-513064.08163265325
2025-04-23,46640,サービス業,88.1,573.0,544.4,SL(-5%),2025-05-13,10000000.0,1430,9500872.600349039,1430,-501987.39965096116
2025-04-24,49020,電気機器,64.9,432.1,475.3,TP(+10%),2025-05-13,10000000.0,1430,10999768.572089795,1430,996908.572089795
2025-04-25,66250,不動産業,65.0,291.0,320.1,TP(+10%),2025-05-13,10000000.0,1430,11000000.0,1430,997140.0
2025-04-28,19820,建設業,66.9,1700.0,1870.0,TP(+10%),2025-05-13,10000000.0,1430,11000000.0,1430,997140.0
2025-04-28,45960,医薬品,69.0,46.0,43.7,SL(-5%),2025-05-13,10000000.0,1430,9500000.0,1430,-502860.0
2025-04-30,71220,輸送用機器,78.8,1467.0,1613.7,TP(+10%),2025-05-13,10000000.0,1430,11000000.0,1430,997140.0
2025-04-30,72130,輸送用機器,65.2,476.0,452.2,SL(-5%),2025-05-13,10000000.0,1430,9500000.0,1430,-502860.0
2025-05-01,42560,情報･通信業,81.3,862.0,948.2,TP(+10%),2025-05-13,10000000.0,1430,11000000.0,1430,997140.0
2025-05-01,74450,その他,68.2,253.0,278.3,TP(+10%),2025-05-13,10000000.0,1430,11000000.0,1430,997140.0
2025-05-01,47600,サービス業,71.9,1430.0,1573.0,TP(+10%),2025-05-13,10000000.0,1430,11000000.0,1430,997140.0
2025-05-01,21950,サービス業,66.8,331.0,364.1,TP(+10%),2025-05-13,10000000.0,1430,11000000.0,1430,997140.0
2025-05-02,52420,情報･通信業,90.0,1554.0,1476.3,SL(-5%),2025-05-07,10000000.0,1430,9500000.0,1430,-502860.0
2025-05-02,260A0,その他,96.2,138.0,131.1,SL(-5%),2025-05-07,10000000.0,1430,9500000.0,1430,-502860.0
2025-05-02,153A0,情報･通信業,83.2,1149.0,1263.9,TP(+10%),2025-05-07,10000000.0,1430,11000000.0,1430,997140.0
2025-05-02,96100,サービス業,86.0,97.0,106.7,TP(+10%),2025-05-07,10000000.0,1430,11000000.0,1430,997140.0
2025-05-02,75780,小売業,78.9,124.0,136.4,TP(+10%),2025-05-07,10000000.0,1430,11000000.0,1430,997140.0
2025-05-02,73620,サービス業,73.0,864.0,820.8,SL(-5%),2025-05-08,10000000.0,1430,9500000.0,1430,-502860.0
2025-05-02,206A0,医薬品,76.6,244.0,231.8,SL(-5%),2025-05-07,10000000.0,1430,9500000.0,1430,-502860.0
2025-05-02,66320,電気機器,66.9,1184.5,1125.3,SL(-5%),2025-05-07,10000000.0,1430,9500211.059518784,1430,-502648.9404812157
2025-05-02,76150,小売業,79.1,83.0,91.3,TP(+10%),2025-05-07,10000000.0,1430,10999999.999999998,1430,997139.9999999981
2025-05-02,60220,機械,70.4,1875.0,1781.2,SL(-5%),2025-05-07,10000000.0,1430,9499733.333333334,1430,-503126.66666666605
2025-05-02,92350,サービス業,78.9,1335.0,1468.5,TP(+10%),2025-05-07,10000000.0,1430,11000000.0,1430,997140.0
2025-05-02,39970,情報･通信業,71.3,121.80000000000001,115.7,SL(-5%),2025-05-13,10000000.0,1430,9499178.981937602,1430,-503681.01806239784
2025-05-02,42880,情報･通信業,68.6,630.0,598.5,SL(-5%),2025-05-08,10000000.0,1430,9500000.0,1430,-502860.0
2025-05-02,36860,情報･通信業,63.3,119.0,113.0,SL(-5%),2025-05-07,10000000.0,1430,9495798.31932773,1430,-507061.6806722693
2025-04-11,43870,情報･通信業,75.9,689.0,757.9,TP(+10%),2025-05-16,10000000.0,1430,10999999.999999998,1430,997139.9999999981
2025-04-17,91650,サービス業,72.7,1190.0,1309.0,TP(+10%),2025-05-14,10000000.0,1430,11000000.0,1430,997140.0
2025-04-21,65580,サービス業,76.4,682.0,647.9,SL(-5%),2025-05-14,10000000.0,1430,9500000.0,1430,-502860.0
2025-04-22,76020,卸売業,76.4,135.0,128.2,SL(-5%),2025-05-14,10000000.0,1430,9496296.296296297,1430,-506563.70370370336
2025-04-22,68030,電気機器,65.0,70.0,77.0,TP(+10%),2025-05-14,10000000.0,1430,11000000.0,1430,997140.0
2025-04-23,78150,その他製品,77.3,590.0,649.0,TP(+10%),2025-05-14,10000000.0,1430,11000000.0,1430,997140.0
2025-04-24,23850,サービス業,73.9,130.0,143.0,TP(+10%),2025-05-14,10000000.0,1430,11000000.0,1430,997140.0
2025-04-24,66680,電気機器,67.1,1119.0,1230.9,TP(+10%),2025-05-14,10000000.0,1430,11000000.0,1430,997140.0
2025-04-28,45940,医薬品,73.5,39.0,42.9,TP(+10%),2025-05-14,10000000.0,1430,10999999.999999998,1430,997139.9999999981
2025-04-28,77940,その他製品,66.0,608.0,668.8,TP(+10%),2025-05-14,10000000.0,1430,10999999.999999998,1430,997139.9999999981
2025-05-01,43890,情報･通信業,67.4,758.0,833.8,TP(+10%),2025-05-14,10000000.0,1430,10999999.999999998,1430,997139.9999999981
2025-05-02,70460,サービス業,66.7,1212.0,1333.2,TP(+10%),2025-05-14,10000000.0,1430,11000000.0,1430,997140.0
2025-05-02,55950,その他,81.0,1536.0,1689.6,TP(+10%),2025-05-14,10000000.0,1430,10999999.999999998,1430,997139.9999999981
2025-05-02,54490,鉄鋼,65.2,2331.0,2564.1,TP(+10%),2025-05-14,10000000.0,1430,10999999.999999998,1430,997139.9999999981
2025-05-07,36470,情報･通信業,85.1,121.0,114.9,SL(-5%),2025-05-08,10000000.0,1430,9495867.768595042,1430,-506992.2314049583
2025-05-07,76150,小売業,89.8,87.0,95.7,TP(+10%),2025-05-14,10000000.0,1430,11000000.0,1430,997140.0
2025-05-07,76010,小売業,88.2,184.0,202.4,TP(+10%),2025-05-09,10000000.0,1430,11000000.0,1430,997140.0
2025-05-07,153A0,情報･通信業,91.5,1449.0,1593.9,TP(+10%),2025-05-08,10000000.0,1430,11000000.0,1430,997140.0
2025-05-07,74190,小売業,88.4,956.6666666666666,1052.3,TP(+10%),2025-05-08,10000000.0,1430,10999651.567944251,1430,996791.567944251
2025-05-07,36560,情報･通信業,80.8,111.0,105.4,SL(-5%),2025-05-08,10000000.0,1430,9495495.495495496,1430,-507364.5045045037
2025-05-07,54450,鉄鋼,75.1,1960.0,1862.0,SL(-5%),2025-05-12,10000000.0,1430,9500000.0,1430,-502860.0
2025-05-07,61410,機械,71.4,2477.0,2724.7,TP(+10%),2025-05-09,10000000.0,1430,10999999.999999998,1430,997139.9999999981
2025-05-07,42220,化学,64.9,379.0,416.9,TP(+10%),2025-05-14,10000000.0,1430,10999999.999999998,1430,997139.9999999981
2025-05-07,27760,卸売業,70.2,118.0,129.8,TP(+10%),2025-05-09,10000000.0,1430,11000000.0,1430,997140.0
2025-05-07,76030,小売業,72.0,165.0,156.8,SL(-5%),2025-05-14,10000000.0,1430,9503030.303030305,1430,-499829.6969696954
2025-05-07,260A0,その他,86.2,125.0,118.8,SL(-5%),2025-05-08,10000000.0,1430,9504000.0,1430,-498860.0
2025-05-07,40800,その他,67.4,457.0,434.1,SL(-5%),2025-05-09,10000000.0,1430,9498905.90809628,1430,-503954.09190372005
2025-05-07,39640,情報･通信業,74.2,622.0,684.2,TP(+10%),2025-05-14,10000000.0,1430,11000000.0,1430,997140.0
2025-05-07,52160,ガラス･土石製品,69.6,265.0,251.8,SL(-5%),2025-05-08,10000000.0,1430,9501886.79245283,1430,-500973.2075471692
2025-05-07,47600,サービス業,71.3,1385.0,1523.5,TP(+10%),2025-05-13,10000000.0,1430,11000000.0,1430,997140.0
2025-05-07,41250,化学,66.2,1283.0,1411.3,TP(+10%),2025-05-14,10000000.0,1430,10999999.999999998,1430,997139.9999999981
2025-05-07,92350,サービス業,80.3,1366.0,1297.7,SL(-5%),2025-05-08,10000000.0,1430,9500000.0,1430,-502860.0
2025-05-07,33500,卸売業,69.3,477.0,453.1,SL(-5%),2025-05-08,10000000.0,1430,9498951.78197065,1430,-503908.21802935004
2025-05-07,87980,保険業,76.8,295.0,324.5,TP(+10%),2025-05-14,10000000.0,1430,11000000.0,1430,997140.0
2025-05-07,38250,小売業,65.6,350.0,385.0,TP(+10%),2025-05-08,10000000.0,1430,11000000.0,1430,997140.0
2025-04-14,39280,情報･通信業,85.6,214.0,235.4,TP(+10%),2025-05-15,10000000.0,1430,11000000.0,1430,997140.0
2025-04-15,93260,倉庫･運輸関連業,74.6,313.0,344.3,TP(+10%),2025-05-15,10000000.0,1430,11000000.0,1430,997140.0
2025-04-16,49180,化学,87.2,277.0,304.7,TP(+10%),2025-05-15,10000000.0,1430,10999999.999999998,1430,997139.9999999981
2025-04-16,34220,金属製品,78.3,300.0,330.0,TP(+10%),2025-05-15,10000000.0,1430,11000000.0,1430,997140.0
2025-04-16,14340,建設業,60.8,813.0,894.3,TP(+10%),2025-05-15,10000000.0,1430,10999999.999999998,1430,997139.9999999981
2025-04-21,61660,機械,68.9,306.0,290.7,SL(-5%),2025-05-15,10000000.0,1430,9500000.0,1430,-502860.0
2025-04-22,150A0,サービス業,78.6,508.0,482.6,SL(-5%),2025-05-15,10000000.0,1430,9500000.0,1430,-502860.0
2025-04-23,40140,情報･通信業,92.0,429.0,471.9,TP(+10%),2025-05-15,10000000.0,1430,10999999.999999998,1430,997139.9999999981
2025-04-23,23230,情報･通信業,99.0,135.33333333333331,148.9,TP(+10%),2025-05-15,10000000.0,1430,11002463.054187195,1430,999603.0541871954
2025-04-23,92410,サービス業,78.0,1209.0,1329.9,TP(+10%),2025-05-16,10000000.0,1430,11000000.0,1430,997140.0
2025-04-23,70480,サービス業,63.6,333.0,316.3,SL(-5%),2025-05-15,10000000.0,1430,9498498.4984985,1430,-504361.5015015006
2025-04-23,44160,情報･通信業,69.9,690.0,759.0,TP(+10%),2025-05-15,10000000.0,1430,11000000.0,1430,997140.0
2025-04-23,48910,医薬品,65.3,135.0,148.5,TP(+10%),2025-05-15,10000000.0,1430,11000000.0,1430,997140.0
2025-04-24,63910,機械,92.4,3370.0,3201.5,SL(-5%),2025-05-15,10000000.0,1430,9500000.0,1430,-502860.0
2025-04-24,44280,情報･通信業,63.3,841.0,925.1,TP(+10%),2025-05-15,10000000.0,1430,11000000.0,1430,997140.0
2025-04-25,35590,卸売業,64.9,445.0,422.8,SL(-5%),2025-05-15,10000000.0,1430,9501123.595505618,1430,-501736.40449438244
2025-04-30,52550,情報･通信業,90.9,75.0,82.5,TP(+10%),2025-05-15,10000000.0,1430,11000000.0,1430,997140.0
2025-04-30,45740,医薬品,65.5,280.0,266.0,SL(-5%),2025-05-15,10000000.0,1430,9500000.0,1430,-502860.0
2025-04-30,79140,その他製品,74.6,1060.0,1166.0,TP(+10%),2025-05-15,10000000.0,1430,11000000.0,1430,997140.0
2025-05-07,65330,サービス業,69.8,766.0,842.6,TP(+10%),2025-05-15,10000000.0,1430,11000000.0,1430,997140.0
2025-05-07,43810,情報･通信業,78.3,467.0,443.6,SL(-5%),2025-05-15,10000000.0,1430,9498929.336188437,1430,-503930.6638115626
2025-05-07,206A0,医薬品,74.4,229.0,251.9,TP(+10%),2025-05-15,10000000.0,1430,11000000.0,1430,997140.0
2025-05-08,40740,情報･通信業,85.6,1010.0,1111.0,TP(+10%),2025-05-15,10000000.0,1430,11000000.0,1430,997140.0
2025-05-08,153A0,情報･通信業,90.0,1309.0,1439.9,TP(+10%),2025-05-09,10000000.0,1430,11000000.0,1430,997140.0
2025-05-08,74190,小売業,76.2,1038.3333333333333,986.4,SL(-5%),2025-05-09,10000000.0,1430,9499839.48635634,1430,-503020.51364365965
2025-05-08,76010,小売業,66.7,183.0,201.3,TP(+10%),2025-05-09,10000000.0,1430,11000000.0,1430,997140.0
2025-05-08,25860,食料品,68.0,164.0,155.8,SL(-5%),2025-05-13,10000000.0,1430,9500000.0,1430,-502860.0
2025-05-08,57270,その他,71.1,985.0,1083.5,TP(+10%),2025-05-15,10000000.0,1430,11000000.0,1430,997140.0
2025-05-08,303A0,情報･通信業,73.3,1311.0,1245.5,SL(-5%),2025-05-09,10000000.0,1430,9500381.388253242,1430,-502478.6117467582
2025-05-08,24890,サービス業,64.9,260.0,286.0,TP(+10%),2025-05-09,10000000.0,1430,11000000.0,1430,997140.0
2025-05-08,38250,小売業,73.1,376.0,413.6,TP(+10%),2025-05-09,10000000.0,1430,11000000.0,1430,997140.0
2025-05-08,82090,その他,75.8,377.0,414.7,TP(+10%),2025-05-09,10000000.0,1430,10999999.999999998,1430,997139.9999999981
2025-05-08,48890,医薬品,68.6,1149.0,1091.5,SL(-5%),2025-05-09,10000000.0,1430,9499564.838990426,1430,-503295.1610095743
2025-03-07,36610,情報･通信業,68.6,872.5,828.9,SL(-5%),2025-05-16,10000000.0,1430,9500286.532951288,1430,-502573.4670487121
2025-04-14,45710,医薬品,82.4,133.0,126.3,SL(-5%),2025-05-16,10000000.0,1430,9496240.60150376,1430,-506619.3984962404
2025-04-14,64440,機械,68.9,125.0,118.8,SL(-5%),2025-05-16,10000000.0,1430,9504000.0,1430,-498860.0
2025-04-16,53800,ガラス･土石製品,93.7,1489.0,1637.9,TP(+10%),2025-05-16,10000000.0,1430,11000000.0,1430,997140.0
2025-04-16,65380,サービス業,66.0,144.0,158.4,TP(+10%),2025-05-16,10000000.0,1430,11000000.0,1430,997140.0
2025-04-21,34940,不動産業,91.9,340.0,374.0,TP(+10%),2025-05-16,10000000.0,1430,11000000.0,1430,997140.0
2025-04-21,70670,サービス業,92.7,901.0,991.1,TP(+10%),2025-05-16,10000000.0,1430,11000000.0,1430,997140.0
2025-04-21,21960,その他,67.0,189.0,179.5,SL(-5%),2025-05-16,10000000.0,1430,9497354.497354498,1430,-505505.50264550187
2025-04-22,39610,その他,92.1,653.0,620.4,SL(-5%),2025-05-16,10000000.0,1430,9500765.696784073,1430,-502094.3032159265
2025-04-22,302A0,サービス業,94.9,675.0,641.2,SL(-5%),2025-05-16,10000000.0,1430,9499259.25925926,1430,-503600.7407407407
2025-04-22,41000,化学,68.3,1031.0,979.4,SL(-5%),2025-05-16,10000000.0,1430,9499515.033947622,1430,-503344.9660523776
2025-04-23,79460,その他製品,95.4,279.40000000000003,307.3,TP(+10%),2025-05-16,10000000.0,1430,10998568.360773085,1430,995708.3607730847
2025-04-23,44440,情報･通信業,88.0,812.0,893.2,TP(+10%),2025-05-16,10000000.0,1430,11000000.0,1430,997140.0
2025-04-24,55780,情報･通信業,94.9,578.6666666666666,636.5,TP(+10%),2025-05-16,10000000.0,1430,10999423.96313364,1430,996563.9631336406
2025-04-24,68350,電気機器,78.3,147.0,161.7,TP(+10%),2025-05-16,10000000.0,1430,10999999.999999998,1430,997139.9999999981
2025-04-24,60480,その他,73.8,114.0,125.4,TP(+10%),2025-05-16,10000000.0,1430,11000000.0,1430,997140.0
2025-04-25,45790,医薬品,86.5,418.0,459.8,TP(+10%),2025-05-16,10000000.0,1430,11000000.0,1430,997140.0
2025-04-25,60940,サービス業,63.4,520.0,494.0,SL(-5%),2025-05-16,10000000.0,1430,9500000.0,1430,-502860.0
2025-04-28,77710,精密機器,79.0,70.0,77.0,TP(+10%),2025-05-16,10000000.0,1430,11000000.0,1430,997140.0
2025-04-28,33190,その他,66.4,337.0,370.7,TP(+10%),2025-05-16,10000000.0,1430,10999999.999999998,1430,997139.9999999981
2025-05-01,61770,サービス業,80.0,85.0,93.5,TP(+10%),2025-05-16,10000000.0,1430,11000000.0,1430,997140.0
2025-05-01,58580,非鉄金属,67.7,1284.0,1412.4,TP(+10%),2025-05-16,10000000.0,1430,11000000.0,1430,997140.0
2025-05-02,37470,情報･通信業,74.5,363.0,399.3,TP(+10%),2025-05-16,10000000.0,1430,11000000.0,1430,997140.0
2025-05-07,96580,情報･通信業,70.9,960.0,912.0,SL(-5%),2025-05-16,10000000.0,1430,9500000.0,1430,-502860.0
2025-05-08,46510,サービス業,82.9,234.0,257.4,TP(+10%),2025-05-16,10000000.0,1430,10999999.999999998,1430,997139.9999999981
2025-05-08,52160,ガラス･土石製品,68.4,252.0,239.4,SL(-5%),2025-05-16,10000000.0,1430,9500000.0,1430,-502860.0
2025-05-09,70350,サービス業,80.4,230.0,218.5,SL(-5%),2025-05-12,10000000.0,1430,9500000.0,1430,-502860.0
2025-05-09,55320,不動産業,78.5,1739.0,1912.9,TP(+10%),2025-05-12,10000000.0,1430,11000000.0,1430,997140.0
2025-05-09,59500,金属製品,88.2,232.0,220.4,SL(-5%),2025-05-12,10000000.0,1430,9500000.0,1430,-502860.0
2025-05-09,39360,情報･通信業,88.4,109.0,119.9,TP(+10%),2025-05-16,10000000.0,1430,11000000.0,1430,997140.0
2025-05-09,48890,医薬品,86.9,1088.0,1033.6,SL(-5%),2025-05-12,10000000.0,1430,9500000.0,1430,-502860.0
2025-05-09,60850,サービス業,90.2,19.6,18.6,SL(-5%),2025-05-12,10000000.0,1430,9489795.918367347,1430,-513064.08163265325
2025-05-09,76010,小売業,74.1,194.0,184.3,SL(-5%),2025-05-15,10000000.0,1430,9500000.0,1430,-502860.0
2025-05-09,67750,電気機器,80.6,131.0,144.1,TP(+10%),2025-05-15,10000000.0,1430,10999999.999999998,1430,997139.9999999981
2025-05-09,52620,ガラス･土石製品,78.5,878.0,834.1,SL(-5%),2025-05-13,10000000.0,1430,9500000.0,1430,-502860.0
2025-05-09,40800,その他,82.0,479.0,455.0,SL(-5%),2025-05-14,10000000.0,1430,9498956.158663882,1430,-503903.84133611806
2025-05-09,70630,サービス業,87.9,210.0,231.0,TP(+10%),2025-05-12,10000000.0,1430,11000000.0,1430,997140.0
2025-05-09,20030,食料品,74.5,1892.5,1797.9,SL(-5%),2025-05-13,10000000.0,1430,9500132.100396302,1430,-502727.8996036984
2025-05-09,54640,鉄鋼,74.6,1019.0,968.0,SL(-5%),2025-05-13,10000000.0,1430,9499509.322865555,1430,-503350.67713444494
2025-05-09,43710,情報･通信業,70.9,1139.0,1252.9,TP(+10%),2025-05-15,10000000.0,1430,11000000.0,1430,997140.0
2025-05-09,38250,小売業,66.5,436.0,414.2,SL(-5%),2025-05-13,10000000.0,1430,9500000.0,1430,-502860.0
2025-05-09,153A0,情報･通信業,80.3,1276.0,1403.6,TP(+10%),2025-05-12,10000000.0,1430,10999999.999999998,1430,997139.9999999981
2025-05-09,303A0,情報･通信業,68.7,1108.0,1052.6,SL(-5%),2025-05-12,10000000.0,1430,9500000.0,1430,-502860.0
2025-05-09,82090,その他,77.7,345.0,379.5,TP(+10%),2025-05-12,10000000.0,1430,11000000.0,1430,997140.0
2025-05-09,93990,情報･通信業,77.5,95.9,105.5,TP(+10%),2025-05-12,10000000.0,1430,11001042.752867568,1430,998182.7528675683
2025-05-09,62580,機械,71.0,1551.0,1706.1,TP(+10%),2025-05-12,10000000.0,1430,10999999.999999998,1430,997139.9999999981
2025-02-10,51890,ゴム製品,68.5,1830.0,2013.0,TP(+10%),2025-05-19,10000000.0,1430,11000000.0,1430,997140.0
2025-04-14,27640,小売業,73.5,144.0,136.8,SL(-5%),2025-05-19,10000000.0,1430,9500000.0,1430,-502860.0
2025-04-14,36270,情報･通信業,62.1,283.0,311.3,TP(+10%),2025-05-19,10000000.0,1430,11000000.0,1430,997140.0
2025-04-17,36520,情報･通信業,77.1,1830.0,2013.0,TP(+10%),2025-05-19,10000000.0,1430,11000000.0,1430,997140.0
2025-04-17,39080,情報･通信業,68.3,287.0,315.7,TP(+10%),2025-05-19,10000000.0,1430,10999999.999999998,1430,997139.9999999981
2025-04-22,36340,情報･通信業,79.8,569.0,540.5,SL(-5%),2025-05-19,10000000.0,1430,9499121.265377855,1430,-503738.7346221451
2025-04-22,47200,サービス業,67.3,216.0,237.6,TP(+10%),2025-05-19,10000000.0,1430,11000000.0,1430,997140.0
2025-04-23,79970,その他製品,92.5,779.0,740.0,SL(-5%),2025-05-19,10000000.0,1430,9499358.151476251,1430,-503501.84852374904
2025-04-23,142A0,サービス業,85.3,494.0,543.4,TP(+10%),2025-05-19,10000000.0,1430,10999999.999999998,1430,997139.9999999981
2025-04-23,92500,サービス業,78.2,1265.0,1391.5,TP(+10%),2025-05-19,10000000.0,1430,11000000.0,1430,997140.0
2025-04-28,65730,サービス業,78.8,68.0,74.8,TP(+10%),2025-05-19,10000000.0,1430,10999999.999999998,1430,997139.9999999981
2025-04-30,94230,情報･通信業,68.3,103.0,113.3,TP(+10%),2025-05-19,10000000.0,1430,11000000.0,1430,997140.0
2025-05-01,92420,サービス業,78.5,1310.0,1441.0,TP(+10%),2025-05-19,10000000.0,1430,11000000.0,1430,997140.0
2025-05-02,81660,小売業,82.2,106.0,116.6,TP(+10%),2025-05-19,10000000.0,1430,10999999.999999998,1430,997139.9999999981
2025-05-07,60220,機械,63.1,1799.0,1709.0,SL(-5%),2025-05-19,10000000.0,1430,9499722.067815453,1430,-503137.9321845472
2025-05-07,40520,情報･通信業,71.0,351.0,386.1,TP(+10%),2025-05-19,10000000.0,1430,11000000.0,1430,997140.0
2025-05-08,49360,化学,89.2,442.0,419.9,SL(-5%),2025-05-19,10000000.0,1430,9500000.0,1430,-502860.0
2025-05-08,60400,サービス業,73.4,430.0,473.0,TP(+10%),2025-05-19,10000000.0,1430,11000000.0,1430,997140.0
2025-05-08,41690,情報･通信業,79.2,323.0,306.8,SL(-5%),2025-05-19,10000000.0,1430,9498452.0123839,1430,-504407.9876160994
2025-05-09,27760,卸売業,89.2,121.0,133.1,TP(+10%),2025-05-19,10000000.0,1430,10999999.999999998,1430,997139.9999999981
2025-05-09,68740,電気機器,70.9,2172.5,2389.8,TP(+10%),2025-05-19,10000000.0,1430,11000230.149597239,1430,997370.1495972387
2025-05-12,70890,サービス業,81.9,699.0,664.0,SL(-5%),2025-05-13,10000000.0,1430,9499284.692417739,1430,-503575.30758226104
2025-05-12,59500,金属製品,91.4,213.0,202.3,SL(-5%),2025-05-13,10000000.0,1430,9497652.582159625,1430,-505207.41784037463
2025-05-12,48110,情報･通信業,89.0,802.3333333333333,882.6,TP(+10%),2025-05-15,10000000.0,1430,11000415.454923142,1430,997555.4549231417
2025-05-12,37980,情報･通信業,81.8,586.0,556.7,SL(-5%),2025-05-14,10000000.0,1430,9500000.0,1430,-502860.0
2025-05-12,47610,情報･通信業,72.7,1348.0,1482.8,TP(+10%),2025-05-13,10000000.0,1430,10999999.999999998,1430,997139.9999999981
2025-05-12,27000,卸売業,87.9,2640.0,2508.0,SL(-5%),2025-05-13,10000000.0,1430,9500000.0,1430,-502860.0
2025-05-12,75950,情報･通信業,82.8,1392.5,1322.9,SL(-5%),2025-05-14,10000000.0,1430,9500179.533213645,1430,-502680.4667863548
2025-05-12,83920,銀行業,77.8,713.0,677.4,SL(-5%),2025-05-16,10000000.0,1430,9500701.26227209,1430,-502158.7377279103
2025-05-12,96580,情報･通信業,69.6,1023.3333333333333,972.2,SL(-5%),2025-05-14,10000000.0,1430,9500325.732899025,1430,-502534.2671009749
2025-05-12,62280,機械,80.1,788.0,866.8,TP(+10%),2025-05-19,10000000.0,1430,10999999.999999998,1430,997139.9999999981
2025-05-12,47660,サービス業,70.5,254.0,279.4,TP(+10%),2025-05-13,10000000.0,1430,10999999.999999998,1430,997139.9999999981
2025-05-12,93270,倉庫･運輸関連業,79.1,275.0,302.5,TP(+10%),2025-05-13,10000000.0,1430,11000000.0,1430,997140.0
2025-05-12,95620,サービス業,74.3,608.0,577.6,SL(-5%),2025-05-13,10000000.0,1430,9500000.0,1430,-502860.0
2025-05-12,82090,その他,78.9,354.0,336.3,SL(-5%),2025-05-13,10000000.0,1430,9500000.0,1430,-502860.0
2025-05-12,206A0,医薬品,71.3,233.0,256.3,TP(+10%),2025-05-15,10000000.0,1430,11000000.0,1430,997140.0
2025-05-12,44380,情報･通信業,81.1,342.0,376.2,TP(+10%),2025-05-16,10000000.0,1430,10999999.999999998,1430,997139.9999999981
2025-05-12,67770,電気機器,69.7,4785.0,4545.8,SL(-5%),2025-05-15,10000000.0,1430,9500104.49320794,1430,-502755.50679205917
2025-05-12,49700,化学,69.8,5020.0,4769.0,SL(-5%),2025-05-19,10000000.0,1430,9500000.0,1430,-502860.0
2025-05-12,93050,卸売業,66.1,2470.0,2346.5,SL(-5%),2025-05-13,10000000.0,1430,9500000.0,1430,-502860.0
2025-05-12,153A0,情報･通信業,79.3,1576.0,1733.6,TP(+10%),2025-05-13,10000000.0,1430,10999999.999999998,1430,997139.9999999981
2025-05-12,68340,電気機器,72.4,726.0,798.6,TP(+10%),2025-05-15,10000000.0,1430,11000000.0,1430,997140.0
2025-05-12,77150,精密機器,67.3,1876.0,1782.2,SL(-5%),2025-05-14,10000000.0,1430,9500000.0,1430,-502860.0
2025-05-12,63150,機械,68.5,1500.0,1650.0,TP(+10%),2025-05-14,10000000.0,1430,11000000.0,1430,997140.0
2025-05-12,97220,サービス業,69.9,1836.0,1744.2,SL(-5%),2025-05-15,10000000.0,1430,9500000.0,1430,-502860.0
2025-05-12,36470,情報･通信業,61.5,121.0,114.9,SL(-5%),2025-05-13,10000000.0,1430,9495867.768595042,1430,-506992.2314049583
2025-05-12,71380,小売業,77.6,131.4,144.5,TP(+10%),2025-05-16,10000000.0,1430,10996955.859969556,1430,994095.8599695563
2025-04-14,45820,医薬品,76.5,156.0,171.6,TP(+10%),2025-05-20,10000000.0,1430,10999999.999999998,1430,997139.9999999981
2025-04-17,62760,電気機器,84.1,275.0,302.5,TP(+10%),2025-05-20,10000000.0,1430,11000000.0,1430,997140.0
2025-04-21,65520,サービス業,73.8,178.0,195.8,TP(+10%),2025-05-20,10000000.0,1430,11000000.0,1430,997140.0
2025-04-23,70420,サービス業,70.8,530.0,503.5,SL(-5%),2025-05-20,10000000.0,1430,9500000.0,1430,-502860.0
2025-04-25,34460,金属製品,77.6,1103.0,1213.3,TP(+10%),2025-05-20,10000000.0,1430,10999999.999999998,1430,997139.9999999981
2025-04-28,59980,金属製品,76.6,862.0,818.9,SL(-5%),2025-05-20,10000000.0,1430,9500000.0,1430,-502860.0
2025-04-28,48810,医薬品,70.2,101.0,111.1,TP(+10%),2025-05-20,10000000.0,1430,10999999.999999998,1430,997139.9999999981
2025-04-30,34340,金属製品,65.8,1092.0,1037.4,SL(-5%),2025-05-20,10000000.0,1430,9500000.0,1430,-502860.0
2025-05-01,34960,不動産業,76.5,4070.0,4477.0,TP(+10%),2025-05-20,10000000.0,1430,11000000.0,1430,997140.0
2025-05-01,23210,情報･通信業,76.8,94.0,103.4,TP(+10%),2025-05-20,10000000.0,1430,11000000.0,1430,997140.0
2025-05-02,76890,卸売業,74.2,460.0,506.0,TP(+10%),2025-05-20,10000000.0,1430,11000000.0,1430,997140.0
2025-05-09,97630,卸売業,86.7,1095.0,1040.2,SL(-5%),2025-05-20,10000000.0,1430,9499543.378995433,1430,-503316.62100456655
2025-05-09,24890,サービス業,78.2,300.0,285.0,SL(-5%),2025-05-20,10000000.0,1430,9500000.0,1430,-502860.0
2025-05-12,98890,情報･通信業,72.7,1300.0,1430.0,TP(+10%),2025-05-20,10000000.0,1430,11000000.0,1430,997140.0
2025-05-13,44870,情報･通信業,90.6,322.0,305.9,SL(-5%),2025-05-14,10000000.0,1430,9500000.0,1430,-502860.0
2025-05-13,23510,情報･通信業,81.3,378.0,359.1,SL(-5%),2025-05-14,10000000.0,1430,9500000.0,1430,-502860.0
2025-05-13,73590,サービス業,91.3,256.0,281.6,TP(+10%),2025-05-14,10000000.0,1430,11000000.0,1430,997140.0
2025-05-13,73180,輸送用機器,95.2,449.25,426.8,SL(-5%),2025-05-14,10000000.0,1430,9500278.241513634,1430,-502581.7584863659
2025-05-13,47610,情報･通信業,94.0,1347.0,1279.6,SL(-5%),2025-05-14,10000000.0,1430,9499628.8047513,1430,-503231.1952487007
2025-05-13,65220,電気機器,92.0,512.0,563.2,TP(+10%),2025-05-14,10000000.0,1430,11000000.0,1430,997140.0
2025-05-13,184A0,情報･通信業,87.3,413.0,454.3,TP(+10%),2025-05-16,10000000.0,1430,11000000.0,1430,997140.0
2025-05-13,93990,情報･通信業,94.0,89.10000000000001,98.0,TP(+10%),2025-05-14,10000000.0,1430,10998877.665544331,1430,996017.6655443311
2025-05-13,61900,サービス業,84.3,400.0,380.0,SL(-5%),2025-05-14,10000000.0,1430,9500000.0,1430,-502860.0
2025-05-13,73200,その他金融業,76.8,1486.5,1635.2,TP(+10%),2025-05-20,10000000.0,1430,11000336.36057854,1430,997476.3605785407
2025-05-13,58580,非鉄金属,74.6,1309.0,1243.5,SL(-5%),2025-05-14,10000000.0,1430,9499618.029029794,1430,-503241.97097020596
2025-05-13,45720,医薬品,69.8,265.0,291.5,TP(+10%),2025-05-20,10000000.0,1430,11000000.0,1430,997140.0
2025-05-13,49780,化学,77.2,153.0,145.3,SL(-5%),2025-05-15,10000000.0,1430,9496732.026143791,1430,-506127.97385620885
2025-05-13,93270,倉庫･運輸関連業,80.3,313.0,344.3,TP(+10%),2025-05-14,10000000.0,1430,11000000.0,1430,997140.0
2025-05-13,48830,医薬品,73.8,75.0,82.5,TP(+10%),2025-05-16,10000000.0,1430,11000000.0,1430,997140.0
2025-05-13,47600,サービス業,84.6,1454.0,1599.4,TP(+10%),2025-05-14,10000000.0,1430,11000000.0,1430,997140.0
2025-05-13,57290,非鉄金属,76.4,1160.0,1102.0,SL(-5%),2025-05-14,10000000.0,1430,9500000.0,1430,-502860.0
2025-05-13,62260,機械,73.4,1605.0,1524.8,SL(-5%),2025-05-15,10000000.0,1430,9500311.52647975,1430,-502548.4735202491
2025-05-13,93050,卸売業,74.2,2295.0,2524.5,TP(+10%),2025-05-15,10000000.0,1430,11000000.0,1430,997140.0
2025-05-13,269A0,情報･通信業,85.0,2749.0,3023.9,TP(+10%),2025-05-16,10000000.0,1430,11000000.0,1430,997140.0
2025-05-13,70890,サービス業,68.9,662.5,629.4,SL(-5%),2025-05-15,10000000.0,1430,9500377.358490566,1430,-502482.6415094342
2025-05-13,58010,非鉄金属,86.4,560.1,532.1,SL(-5%),2025-05-19,10000000.0,1430,9500089.269773256,1430,-502770.73022674397
2025-05-13,62780,機械,73.5,4275.0,4061.2,SL(-5%),2025-05-14,10000000.0,1430,9499883.040935671,1430,-502976.95906432904
2025-05-13,40400,化学,66.8,2610.0,2871.0,TP(+10%),2025-05-14,10000000.0,1430,11000000.0,1430,997140.0
2025-05-13,67790,電気機器,72.6,747.0,709.6,SL(-5%),2025-05-14,10000000.0,1430,9499330.655957162,1430,-503529.3440428376
2025-05-13,153A0,情報･通信業,81.1,1508.0,1432.6,SL(-5%),2025-05-14,10000000.0,1430,9500000.0,1430,-502860.0
2025-05-13,95190,電気･ガス業,67.2,693.0,658.4,SL(-5%),2025-05-20,10000000.0,1430,9500721.500721501,1430,-502138.4992784988
2025-05-13,64400,機械,72.3,370.0,351.5,SL(-5%),2025-05-15,10000000.0,1430,9500000.0,1430,-502860.0
2025-05-13,63510,機械,81.2,1817.5,1726.6,SL(-5%),2025-05-20,10000000.0,1430,9499862.448418155,1430,-502997.5515818447
2025-05-13,27000,卸売業,79.2,2342.0,2224.9,SL(-5%),2025-05-14,10000000.0,1430,9500000.0,1430,-502860.0
2025-05-13,48890,医薬品,69.7,1160.0,1276.0,TP(+10%),2025-05-15,10000000.0,1430,11000000.0,1430,997140.0
2025-05-13,334A0,情報･通信業,75.1,752.5,714.9,SL(-5%),2025-05-15,10000000.0,1430,9500332.225913621,1430,-502527.7740863785
2025-05-13,39260,情報･通信業,63.8,507.0,481.6,SL(-5%),2025-05-14,10000000.0,1430,9499013.806706116,1430,-503846.1932938844
2025-05-13,168A0,その他製品,67.3,961.0,1057.1,TP(+10%),2025-05-19,10000000.0,1430,10999999.999999998,1430,997139.9999999981
2025-05-13,65240,電気機器,65.3,1902.0,1806.9,SL(-5%),2025-05-19,10000000.0,1430,9500000.0,1430,-502860.0
2025-05-13,41690,情報･通信業,63.7,338.0,321.1,SL(-5%),2025-05-16,10000000.0,1430,9500000.0,1430,-502860.0
2025-04-17,49600,化学,92.6,266.0,292.6,TP(+10%),2025-05-21,10000000.0,1430,11000000.0,1430,997140.0
2025-04-21,34160,小売業,90.4,935.0,1028.5,TP(+10%),2025-05-21,10000000.0,1430,11000000.0,1430,997140.0
2025-04-21,41960,情報･通信業,85.4,973.0,1070.3,TP(+10%),2025-05-21,10000000.0,1430,10999999.999999998,1430,997139.9999999981
2025-04-21,93390,サービス業,79.9,971.0,1068.1,TP(+10%),2025-05-21,10000000.0,1430,10999999.999999998,1430,997139.9999999981
2025-04-21,31950,小売業,86.8,377.0,414.7,TP(+10%),2025-05-21,10000000.0,1430,10999999.999999998,1430,997139.9999999981
2025-04-25,66340,電気機器,66.3,136.0,149.6,TP(+10%),2025-05-21,10000000.0,1430,10999999.999999998,1430,997139.9999999981
2025-05-07,70640,サービス業,79.6,861.0,947.1,TP(+10%),2025-05-21,10000000.0,1430,11000000.0,1430,997140.0
2025-05-07,76090,卸売業,70.0,1645.0,1809.5,TP(+10%),2025-05-21,10000000.0,1430,11000000.0,1430,997140.0
2025-05-07,138A0,小売業,81.0,1795.0,1974.5,TP(+10%),2025-05-21,10000000.0,1430,11000000.0,1430,997140.0
2025-05-07,38070,情報･通信業,72.3,132.0,145.2,TP(+10%),2025-05-21,10000000.0,1430,10999999.999999998,1430,997139.9999999981
2025-05-08,66760,電気機器,74.4,1040.5,1144.6,TP(+10%),2025-05-21,10000000.0,1430,11000480.538202787,1430,997620.5382027868
2025-05-08,77460,精密機器,71.9,158.0,173.8,TP(+10%),2025-05-21,10000000.0,1430,11000000.0,1430,997140.0
2025-05-09,71630,その他,74.5,3440.0,3268.0,SL(-5%),2025-05-21,10000000.0,1430,9500000.0,1430,-502860.0
2025-05-09,39000,情報･通信業,67.8,1069.0,1015.5,SL(-5%),2025-05-21,10000000.0,1430,9499532.273152478,1430,-503327.72684752196
2025-05-09,52460,情報･通信業,78.2,913.0,1004.3,TP(+10%),2025-05-21,10000000.0,1430,10999999.999999998,1430,997139.9999999981
2025-05-12,66630,電気機器,79.4,234.0,257.4,TP(+10%),2025-05-21,10000000.0,1430,10999999.999999998,1430,997139.9999999981
2025-05-13,67760,化学,79.3,270.0,256.5,SL(-5%),2025-05-21,10000000.0,1430,9500000.0,1430,-502860.0
2025-05-13,95620,サービス業,81.2,568.6666666666666,625.5,TP(+10%),2025-05-21,10000000.0,1430,10999413.833528724,1430,996553.8335287236
2025-05-13,74450,その他,73.8,257.0,282.7,TP(+10%),2025-05-21,10000000.0,1430,10999999.999999998,1430,997139.9999999981
2025-05-13,19820,建設業,70.1,1742.5,1655.4,SL(-5%),2025-05-21,10000000.0,1430,9500143.472022956,1430,-502716.52797704376
2025-05-13,67680,電気機器,62.4,462.0,438.9,SL(-5%),2025-05-21,10000000.0,1430,9500000.0,1430,-502860.0
2025-05-14,39070,情報･通信業,85.5,750.0,712.5,SL(-5%),2025-05-15,10000000.0,1430,9500000.0,1430,-502860.0
2025-05-14,65220,電気機器,92.8,477.0,453.1,SL(-5%),2025-05-15,10000000.0,1430,9498951.78197065,1430,-503908.21802935004
2025-05-14,40590,情報･通信業,83.9,535.0,508.2,SL(-5%),2025-05-16,10000000.0,1430,9499065.420560747,1430,-503794.5794392526
2025-05-14,51370,情報･通信業,99.0,338.3333333333333,372.2,TP(+10%),2025-05-16,10000000.0,1430,11000985.221674876,1430,998125.2216748763
2025-05-14,73590,サービス業,93.7,285.0,313.5,TP(+10%),2025-05-20,10000000.0,1430,11000000.0,1430,997140.0
2025-05-14,93270,倉庫･運輸関連業,89.1,383.0,421.3,TP(+10%),2025-05-15,10000000.0,1430,11000000.0,1430,997140.0
2025-05-14,73670,サービス業,74.4,341.0,323.9,SL(-5%),2025-05-16,10000000.0,1430,9498533.724340176,1430,-504326.2756598238
2025-05-14,36280,情報･通信業,80.7,486.0,461.7,SL(-5%),2025-05-15,10000000.0,1430,9500000.0,1430,-502860.0
2025-05-14,81110,繊維製品,86.7,3031.6666666666665,2880.1,SL(-5%),2025-05-15,10000000.0,1430,9500054.975261133,1430,-502805.02473886684
2025-05-14,95640,サービス業,79.7,531.0,584.1,TP(+10%),2025-05-19,10000000.0,1430,11000000.0,1430,997140.0
2025-05-14,75610,小売業,82.1,608.0,577.6,SL(-5%),2025-05-15,10000000.0,1430,9500000.0,1430,-502860.0
2025-05-14,76850,卸売業,83.4,1837.5,1745.6,SL(-5%),2025-05-15,10000000.0,1430,9499863.94557823,1430,-502996.05442176946
2025-05-14,73180,輸送用機器,78.3,450.5,495.6,TP(+10%),2025-05-19,10000000.0,1430,11001109.87791343,1430,998249.8779134303
2025-05-14,87980,保険業,85.6,288.0,316.8,TP(+10%),2025-05-16,10000000.0,1430,11000000.0,1430,997140.0
2025-05-14,184A0,情報･通信業,72.6,445.0,489.5,TP(+10%),2025-05-16,10000000.0,1430,11000000.0,1430,997140.0
2025-05-14,93990,情報･通信業,87.7,85.5,81.2,SL(-5%),2025-05-15,10000000.0,1430,9497076.023391813,1430,-505783.97660818696
2025-05-14,69970,電気機器,67.8,1069.0,1015.5,SL(-5%),2025-05-19,10000000.0,1430,9499532.273152478,1430,-503327.72684752196
2025-05-14,61250,機械,67.8,4050.0,3847.5,SL(-5%),2025-05-16,10000000.0,1430,9500000.0,1430,-502860.0
2025-05-14,77450,精密機器,68.9,1924.0,1827.8,SL(-5%),2025-05-15,10000000.0,1430,9500000.0,1430,-502860.0
2025-05-14,19090,機械,74.3,1077.5,1023.6,SL(-5%),2025-05-15,10000000.0,1430,9499767.981438516,1430,-503092.0185614843
2025-05-14,25850,食料品,70.8,1751.0,1926.1,TP(+10%),2025-05-19,10000000.0,1430,10999999.999999998,1430,997139.9999999981
2025-05-14,61900,サービス業,73.5,355.0,390.5,TP(+10%),2025-05-16,10000000.0,1430,11000000.0,1430,997140.0
2025-05-14,70890,サービス業,67.8,695.5,660.7,SL(-5%),2025-05-15,10000000.0,1430,9499640.54636952,1430,-503219.4536304809
2025-05-14,44870,情報･通信業,73.1,306.0,336.6,TP(+10%),2025-05-15,10000000.0,1430,11000000.0,1430,997140.0
2025-05-14,77940,その他製品,79.0,699.0,664.0,SL(-5%),2025-05-15,10000000.0,1430,9499284.692417739,1430,-503575.30758226104
2025-05-14,39230,情報･通信業,68.1,1140.5,1083.5,SL(-5%),2025-05-19,10000000.0,1430,9500219.202104341,1430,-502640.79789565876
2025-05-14,48110,情報･通信業,70.3,880.0,968.0,TP(+10%),2025-05-16,10000000.0,1430,11000000.0,1430,997140.0
2025-05-14,63380,機械,67.2,1628.0,1546.6,SL(-5%),2025-05-16,10000000.0,1430,9500000.0,1430,-502860.0
2025-05-14,67870,電気機器,61.9,6380.0,6061.0,SL(-5%),2025-05-20,10000000.0,1430,9500000.0,1430,-502860.0
2025-05-14,81360,卸売業,70.4,1162.8,1279.1,TP(+10%),2025-05-19,10000000.0,1430,11000171.998624012,1430,997311.9986240119
2025-05-14,48890,医薬品,65.4,1180.0,1298.0,TP(+10%),2025-05-15,10000000.0,1430,11000000.0,1430,997140.0
2025-05-14,31030,繊維製品,71.9,151.0,166.1,TP(+10%),2025-05-15,10000000.0,1430,10999999.999999998,1430,997139.9999999981
2025-05-14,56160,情報･通信業,65.2,1045.0,992.8,SL(-5%),2025-05-16,10000000.0,1430,9500478.468899522,1430,-502381.531100478
2025-04-17,46790,サービス業,77.6,259.0,246.0,SL(-5%),2025-05-22,10000000.0,1430,9498069.498069499,1430,-504790.5019305013
2025-04-23,96440,サービス業,91.2,737.0,700.1,SL(-5%),2025-05-22,10000000.0,1430,9499321.573948441,1430,-503538.4260515589
2025-04-25,68320,電気機器,71.3,1730.0,1643.5,SL(-5%),2025-05-22,10000000.0,1430,9500000.0,1430,-502860.0
2025-04-28,37780,情報･通信業,83.2,3355.0,3187.2,SL(-5%),2025-05-22,10000000.0,1430,9499850.968703426,1430,-503009.0312965736
2025-04-30,28920,食料品,77.6,2848.0,3132.8,TP(+10%),2025-05-22,10000000.0,1430,11000000.0,1430,997140.0
2025-04-30,50260,情報･通信業,74.4,1022.0,970.9,SL(-5%),2025-05-22,10000000.0,1430,9500000.0,1430,-502860.0
2025-05-08,54710,鉄鋼,65.3,999.6,949.6,SL(-5%),2025-05-22,10000000.0,1430,9499799.919967987,1430,-503060.08003201336
2025-05-08,70130,機械,75.8,1750.7142857142856,1925.8,TP(+10%),2025-05-22,10000000.0,1430,11000081.599347206,1430,997221.5993472058
2025-05-12,51330,情報･通信業,68.4,281.0,309.1,TP(+10%),2025-05-22,10000000.0,1430,11000000.0,1430,997140.0
2025-05-12,44880,情報･通信業,73.0,3110.0,2954.5,SL(-5%),2025-05-22,10000000.0,1430,9500000.0,1430,-502860.0
2025-05-12,63910,機械,69.2,3360.0,3192.0,SL(-5%),2025-05-22,10000000.0,1430,9500000.0,1430,-502860.0
2025-05-12,64130,機械,65.0,1154.0,1096.3,SL(-5%),2025-05-22,10000000.0,1430,9500000.0,1430,-502860.0
2025-05-12,31100,ガラス･土石製品,70.3,863.0,819.8,SL(-5%),2025-05-22,10000000.0,1430,9499420.625724217,1430,-503439.3742757831
2025-05-13,66750,電気機器,88.4,1341.6666666666665,1274.6,SL(-5%),2025-05-22,10000000.0,1430,9500124.223602485,1430,-502735.7763975151
2025-05-13,80220,その他製品,83.0,2797.0,2657.2,SL(-5%),2025-05-22,10000000.0,1430,9500178.762960315,1430,-502681.23703968525
2025-05-14,78150,その他製品,87.0,587.0,557.6,SL(-5%),2025-05-22,10000000.0,1430,9499148.211243613,1430,-503711.7887563873
2025-05-14,31330,小売業,62.9,829.0,787.5,SL(-5%),2025-05-22,10000000.0,1430,9499396.863691194,1430,-503463.136308806
2025-05-14,42640,情報･通信業,62.9,1769.0,1680.5,SL(-5%),2025-05-22,10000000.0,1430,9499717.354437536,1430,-503142.6455624644
2025-05-15,93270,倉庫･運輸関連業,92.2,363.0,399.3,TP(+10%),2025-05-16,10000000.0,1430,11000000.0,1430,997140.0
2025-05-15,44860,情報･通信業,84.6,650.0,617.5,SL(-5%),2025-05-16,10000000.0,1430,9500000.0,1430,-502860.0
2025-05-15,15180,その他製品,86.2,1036.0,984.2,SL(-5%),2025-05-19,10000000.0,1430,9500000.0,1430,-502860.0
2025-05-15,40220,化学,90.7,630.0,598.5,SL(-5%),2025-05-16,10000000.0,1430,9500000.0,1430,-502860.0
2025-05-15,63300,建設業,89.0,698.0,663.1,SL(-5%),2025-05-19,10000000.0,1430,9500000.0,1430,-502860.0
2025-05-15,40740,情報･通信業,84.9,1092.0,1037.4,SL(-5%),2025-05-22,10000000.0,1430,9500000.0,1430,-502860.0
2025-05-15,30770,小売業,73.1,330.0,313.5,SL(-5%),2025-05-19,10000000.0,1430,9500000.0,1430,-502860.0
2025-05-15,76150,小売業,82.6,101.0,111.1,TP(+10%),2025-05-16,10000000.0,1430,10999999.999999998,1430,997139.9999999981
2025-05-15,60310,サービス業,73.0,314.0,298.3,SL(-5%),2025-05-21,10000000.0,1430,9500000.0,1430,-502860.0
2025-05-15,76850,卸売業,72.1,1665.0,1581.8,SL(-5%),2025-05-20,10000000.0,1430,9500300.3003003,1430,-502559.6996996999
2025-05-15,39270,情報･通信業,75.2,701.0,771.1,TP(+10%),2025-05-19,10000000.0,1430,11000000.0,1430,997140.0
2025-05-15,52540,情報･通信業,67.9,4705.0,4469.8,SL(-5%),2025-05-16,10000000.0,1430,9500106.269925611,1430,-502753.7300743889
2025-05-15,97630,卸売業,78.1,1081.6666666666665,1027.6,SL(-5%),2025-05-22,10000000.0,1430,9500154.08320493,1430,-502705.91679506935
2025-05-15,28130,食料品,76.4,3990.0,3790.5,SL(-5%),2025-05-16,10000000.0,1430,9500000.0,1430,-502860.0
2025-05-15,65330,サービス業,75.5,869.0,825.5,SL(-5%),2025-05-16,10000000.0,1430,9499424.626006905,1430,-503435.373993095
2025-05-15,44980,情報･通信業,76.2,1287.0,1222.6,SL(-5%),2025-05-16,10000000.0,1430,9499611.499611499,1430,-503248.5003885012
2025-05-15,29700,不動産業,83.9,805.0,764.8,SL(-5%),2025-05-20,10000000.0,1430,9500621.118012423,1430,-502238.8819875773
2025-05-15,246A0,サービス業,71.7,657.0,722.7,TP(+10%),2025-05-20,10000000.0,1430,11000000.0,1430,997140.0
2025-05-15,78590,その他製品,73.7,229.0,251.9,TP(+10%),2025-05-21,10000000.0,1430,11000000.0,1430,997140.0
2025-05-15,43760,情報･通信業,78.6,206.0,195.7,SL(-5%),2025-05-16,10000000.0,1430,9500000.0,1430,-502860.0
2025-05-15,48890,医薬品,79.0,1270.0,1397.0,TP(+10%),2025-05-16,10000000.0,1430,11000000.0,1430,997140.0
2025-05-15,40510,情報･通信業,65.2,4955.0,4707.2,SL(-5%),2025-05-16,10000000.0,1430,9499899.091826439,1430,-502960.9081735611
2025-05-15,31030,繊維製品,77.1,161.0,152.9,SL(-5%),2025-05-16,10000000.0,1430,9496894.409937888,1430,-505965.5900621116
2025-05-15,64250,機械,73.5,1211.0,1150.5,SL(-5%),2025-05-16,10000000.0,1430,9500412.881915772,1430,-502447.11808422767
2025-05-15,52440,情報･通信業,63.2,240.0,264.0,TP(+10%),2025-05-19,10000000.0,1430,11000000.0,1430,997140.0
2025-05-15,82090,その他,75.8,329.0,361.9,TP(+10%),2025-05-22,10000000.0,1430,10999999.999999998,1430,997139.9999999981
2025-05-15,141A0,小売業,68.8,2440.0,2318.0,SL(-5%),2025-05-16,10000000.0,1430,9500000.0,1430,-502860.0
2025-05-15,77800,精密機器,66.3,1142.0,1084.9,SL(-5%),2025-05-22,10000000.0,1430,9500000.0,1430,-502860.0
2025-05-15,48910,医薬品,70.1,149.0,163.9,TP(+10%),2025-05-19,10000000.0,1430,11000000.0,1430,997140.0
2025-05-15,64900,機械,65.1,3890.0,3695.5,SL(-5%),2025-05-19,10000000.0,1430,9500000.0,1430,-502860.0
2025-05-15,62660,機械,68.5,1930.0,1833.5,SL(-5%),2025-05-22,10000000.0,1430,9500000.0,1430,-502860.0
2025-05-15,56180,情報･通信業,81.2,396.0,376.2,SL(-5%),2025-05-16,10000000.0,1430,9500000.0,1430,-502860.0
2025-05-15,69760,電気機器,65.8,2514.0,2388.3,SL(-5%),2025-05-22,10000000.0,1430,9500000.0,1430,-502860.0
2025-05-15,70630,サービス業,84.3,273.0,300.3,TP(+10%),2025-05-16,10000000.0,1430,11000000.0,1430,997140.0
2025-05-15,269A0,情報･通信業,73.8,2939.0,2792.0,SL(-5%),2025-05-21,10000000.0,1430,9499829.87410684,1430,-503030.1258931607
2025-05-15,44870,情報･通信業,69.6,317.0,348.7,TP(+10%),2025-05-16,10000000.0,1430,10999999.999999998,1430,997139.9999999981
2025-05-15,33190,その他,70.6,330.0,363.0,TP(+10%),2025-05-16,10000000.0,1430,11000000.0,1430,997140.0
2025-05-15,87830,その他金融業,68.5,400.0,440.0,TP(+10%),2025-05-16,10000000.0,1430,11000000.0,1430,997140.0
2025-05-15,25860,食料品,69.9,159.0,151.0,SL(-5%),2025-05-19,10000000.0,1430,9496855.34591195,1430,-506004.6540880501
2025-04-11,189A0,サービス業,66.2,788.0,866.8,TP(+10%),2025-05-23,10000000.0,1430,10999999.999999998,1430,997139.9999999981
2025-04-28,36640,情報･通信業,90.0,32.0,35.2,TP(+10%),2025-05-23,10000000.0,1430,11000000.0,1430,997140.0
2025-05-01,64540,機械,68.8,1050.0,1155.0,TP(+10%),2025-05-23,10000000.0,1430,11000000.0,1430,997140.0
2025-05-02,198A0,情報･通信業,70.3,524.0,576.4,TP(+10%),2025-05-23,10000000.0,1430,10999999.999999998,1430,997139.9999999981
2025-05-09,36960,情報･通信業,73.9,1975.0,1876.2,SL(-5%),2025-05-23,10000000.0,1430,9499746.835443038,1430,-503113.1645569615
2025-05-09,63640,機械,65.7,1729.0,1901.9,TP(+10%),2025-05-23,10000000.0,1430,11000000.0,1430,997140.0
2025-05-12,66480,電気機器,77.7,807.0,887.7,TP(+10%),2025-05-23,10000000.0,1430,11000000.0,1430,997140.0
2025-05-13,58020,非鉄金属,73.4,658.125,723.9,TP(+10%),2025-05-23,10000000.0,1430,10999430.199430197,1430,996570.1994301975
2025-05-15,93380,その他,79.6,3215.0,3054.2,SL(-5%),2025-05-23,10000000.0,1430,9499844.479004666,1430,-503015.5209953338
2025-05-15,42590,情報･通信業,65.3,351.0,386.1,TP(+10%),2025-05-23,10000000.0,1430,11000000.0,1430,997140.0
2025-05-15,70480,サービス業,75.1,321.0,304.9,SL(-5%),2025-05-23,10000000.0,1430,9498442.367601246,1430,-504417.63239875436
2025-05-16,92410,サービス業,91.2,1273.0,1400.3,TP(+10%),2025-05-19,10000000.0,1430,10999999.999999998,1430,997139.9999999981
2025-05-16,96120,サービス業,79.9,1370.0,1301.5,SL(-5%),2025-05-20,10000000.0,1430,9500000.0,1430,-502860.0
2025-05-16,38030,情報･通信業,90.6,495.0,544.5,TP(+10%),2025-05-20,10000000.0,1430,11000000.0,1430,997140.0
2025-05-16,70720,サービス業,77.9,848.0,932.8,TP(+10%),2025-05-20,10000000.0,1430,10999999.999999998,1430,997139.9999999981
2025-05-16,40540,情報･通信業,76.3,870.0,957.0,TP(+10%),2025-05-19,10000000.0,1430,11000000.0,1430,997140.0
2025-05-16,241A0,情報･通信業,76.1,1138.0,1081.1,SL(-5%),2025-05-19,10000000.0,1430,9500000.0,1430,-502860.0
2025-05-16,184A0,情報･通信業,90.3,484.0,459.8,SL(-5%),2025-05-19,10000000.0,1430,9500000.0,1430,-502860.0
2025-05-16,87980,保険業,92.2,310.0,294.5,SL(-5%),2025-05-21,10000000.0,1430,9500000.0,1430,-502860.0
2025-05-16,53800,ガラス･土石製品,88.6,1579.0,1736.9,TP(+10%),2025-05-21,10000000.0,1430,11000000.0,1430,997140.0
2025-05-16,70740,サービス業,80.3,275.0,302.5,TP(+10%),2025-05-20,10000000.0,1430,11000000.0,1430,997140.0
2025-05-16,78780,その他製品,79.2,1040.0,988.0,SL(-5%),2025-05-19,10000000.0,1430,9500000.0,1430,-502860.0
2025-05-16,72730,輸送用機器,81.0,452.5,429.9,SL(-5%),2025-05-19,10000000.0,1430,9500552.486187844,1430,-502307.5138121564
2025-05-16,36940,情報･通信業,73.7,583.0,553.9,SL(-5%),2025-05-22,10000000.0,1430,9500857.632933104,1430,-502002.3670668956
2025-05-16,41650,情報･通信業,79.6,1074.0,1020.3,SL(-5%),2025-05-19,10000000.0,1430,9500000.0,1430,-502860.0
2025-05-16,55900,情報･通信業,83.7,747.0,709.6,SL(-5%),2025-05-19,10000000.0,1430,9499330.655957162,1430,-503529.3440428376
2025-05-16,45980,医薬品,71.4,516.0,567.6,TP(+10%),2025-05-23,10000000.0,1430,11000000.0,1430,997140.0
2025-05-16,43440,情報･通信業,70.8,170.0,161.5,SL(-5%),2025-05-20,10000000.0,1430,9500000.0,1430,-502860.0
2025-05-16,66560,電気機器,79.6,698.0,767.8,TP(+10%),2025-05-19,10000000.0,1430,10999999.999999998,1430,997139.9999999981
2025-05-16,43770,情報･通信業,71.8,2218.0,2107.1,SL(-5%),2025-05-19,10000000.0,1430,9500000.0,1430,-502860.0
2025-05-16,38560,電気機器,73.5,561.0,617.1,TP(+10%),2025-05-20,10000000.0,1430,11000000.0,1430,997140.0
2025-05-16,69510,電気機器,67.3,4178.0,3969.1,SL(-5%),2025-05-22,10000000.0,1430,9500000.0,1430,-502860.0
2025-05-16,29980,不動産業,74.9,1230.0,1168.5,SL(-5%),2025-05-23,10000000.0,1430,9500000.0,1430,-502860.0
2025-05-16,44930,情報･通信業,71.9,1730.0,1903.0,TP(+10%),2025-05-20,10000000.0,1430,11000000.0,1430,997140.0
2025-05-16,44990,情報･通信業,81.1,2313.0,2197.3,SL(-5%),2025-05-19,10000000.0,1430,9499783.830523131,1430,-503076.1694768686
2025-05-16,87830,その他金融業,80.6,450.0,427.5,SL(-5%),2025-05-20,10000000.0,1430,9500000.0,1430,-502860.0
2025-05-16,36610,情報･通信業,68.5,857.5,943.3,TP(+10%),2025-05-20,10000000.0,1430,11000583.090379007,1430,997723.0903790072
2025-05-16,48110,情報･通信業,70.7,1058.3333333333333,1005.4,SL(-5%),2025-05-21,10000000.0,1430,9499842.51968504,1430,-503017.4803149607
2025-05-16,48890,医薬品,78.2,1405.0,1545.5,TP(+10%),2025-05-19,10000000.0,1430,11000000.0,1430,997140.0
2025-05-16,39270,情報･通信業,67.8,743.0,817.3,TP(+10%),2025-05-19,10000000.0,1430,10999999.999999998,1430,997139.9999999981
2025-05-16,265A0,情報･通信業,67.1,729.0,801.9,TP(+10%),2025-05-19,10000000.0,1430,10999999.999999998,1430,997139.9999999981
2025-05-16,53810,ガラス･土石製品,66.7,505.0,479.8,SL(-5%),2025-05-22,10000000.0,1430,9500990.099009901,1430,-501869.9009900987
2025-05-16,32240,小売業,71.6,760.0,722.0,SL(-5%),2025-05-19,10000000.0,1430,9500000.0,1430,-502860.0
2025-05-16,23510,情報･通信業,67.1,308.0,292.6,SL(-5%),2025-05-21,10000000.0,1430,9500000.0,1430,-502860.0
2025-05-16,23340,サービス業,86.1,93.7,89.0,SL(-5%),2025-05-19,10000000.0,1430,9498399.146211313,1430,-504460.8537886869
2025-05-16,72200,輸送用機器,65.6,2845.0,2702.8,SL(-5%),2025-05-20,10000000.0,1430,9500175.74692443,1430,-502684.25307556987
2025-05-16,247A0,化学,68.7,1076.0,1022.2,SL(-5%),2025-05-22,10000000.0,1430,9500000.0,1430,-502860.0
2025-05-16,57260,非鉄金属,66.3,1612.0,1531.4,SL(-5%),2025-05-19,10000000.0,1430,9500000.0,1430,-502860.0
2025-05-16,93270,倉庫･運輸関連業,77.5,388.0,426.8,TP(+10%),2025-05-19,10000000.0,1430,11000000.0,1430,997140.0
2025-05-16,96100,サービス業,76.9,151.0,166.1,TP(+10%),2025-05-19,10000000.0,1430,10999999.999999998,1430,997139.9999999981
2025-05-16,77940,その他製品,67.5,734.0,697.3,SL(-5%),2025-05-19,10000000.0,1430,9500000.0,1430,-502860.0
2025-05-16,45760,医薬品,74.0,118.0,112.1,SL(-5%),2025-05-23,10000000.0,1430,9500000.0,1430,-502860.0
2025-05-16,39360,情報･通信業,79.2,128.0,140.8,TP(+10%),2025-05-21,10000000.0,1430,11000000.0,1430,997140.0
2025-05-16,52540,情報･通信業,67.6,4830.0,4588.5,SL(-5%),2025-05-20,10000000.0,1430,9500000.0,1430,-502860.0
2025-05-16,14910,非鉄金属,65.6,1200.0,1140.0,SL(-5%),2025-05-19,10000000.0,1430,9500000.0,1430,-502860.0
2025-05-16,97040,サービス業,69.9,68.0,64.6,SL(-5%),2025-05-19,10000000.0,1430,9500000.0,1430,-502860.0
2025-05-16,21960,その他,64.6,165.0,181.5,TP(+10%),2025-05-20,10000000.0,1430,11000000.0,1430,997140.0
2025-05-16,37260,小売業,62.1,585.0,643.5,TP(+10%),2025-05-21,10000000.0,1430,11000000.0,1430,997140.0
2025-05-16,40740,情報･通信業,61.8,1069.0,1015.5,SL(-5%),2025-05-22,10000000.0,1430,9499532.273152478,1430,-503327.72684752196
2025-05-16,324A0,サービス業,63.0,1415.0,1556.5,TP(+10%),2025-05-21,10000000.0,1430,11000000.0,1430,997140.0
2025-05-16,93990,情報･通信業,79.3,79.5,75.5,SL(-5%),2025-05-19,10000000.0,1430,9496855.34591195,1430,-506004.6540880501
2025-05-16,57070,非鉄金属,62.7,654.0,621.3,SL(-5%),2025-05-20,10000000.0,1430,9500000.0,1430,-502860.0
2025-05-16,268A0,精密機器,67.4,789.0,749.5,SL(-5%),2025-05-20,10000000.0,1430,9499366.28643853,1430,-503493.7135614697
2025-04-11,33910,小売業,73.5,2180.0,2398.0,TP(+10%),2025-05-26,10000000.0,1430,11000000.0,1430,997140.0
2025-04-21,46670,情報･通信業,61.6,1433.0,1361.3,SL(-5%),2025-05-26,10000000.0,1430,9499651.081646893,1430,-503208.9183531068
2025-04-24,192A0,サービス業,85.2,2604.0,2473.8,SL(-5%),2025-05-26,10000000.0,1430,9500000.0,1430,-502860.0
2025-04-30,95040,電気･ガス業,72.9,757.8,719.9,SL(-5%),2025-05-26,10000000.0,1430,9499868.039060438,1430,-502991.96093956195
2025-05-07,38400,情報･通信業,90.1,99.0,94.0,SL(-5%),2025-05-26,10000000.0,1430,9494949.494949495,1430,-507910.5050505046
2025-05-12,70350,サービス業,86.6,222.0,244.2,TP(+10%),2025-05-26,10000000.0,1430,10999999.999999998,1430,997139.9999999981
2025-05-12,15150,鉱業,72.4,1330.0,1463.0,TP(+10%),2025-05-26,10000000.0,1430,11000000.0,1430,997140.0
2025-05-14,76030,小売業,95.7,145.0,137.8,SL(-5%),2025-05-26,10000000.0,1430,9503448.27586207,1430,-499411.7241379302
2025-05-15,94500,情報･通信業,66.6,813.0,772.3,SL(-5%),2025-05-26,10000000.0,1430,9499384.993849937,1430,-503475.0061500631
2025-05-15,74090,輸送用機器,73.8,343.3333333333333,377.7,TP(+10%),2025-05-26,10000000.0,1430,11000970.873786408,1430,998110.8737864085
2025-05-16,70620,サービス業,71.3,622.0,684.2,TP(+10%),2025-05-26,10000000.0,1430,11000000.0,1430,997140.0
2025-05-16,61900,サービス業,70.6,382.0,362.9,SL(-5%),2025-05-26,10000000.0,1430,9500000.0,1430,-502860.0
2025-05-16,68340,電気機器,72.7,862.0,948.2,TP(+10%),2025-05-26,10000000.0,1430,11000000.0,1430,997140.0
2025-05-16,54820,鉄鋼,74.2,1942.5,1845.4,SL(-5%),2025-05-26,10000000.0,1430,9500128.7001287,1430,-502731.2998712994
2025-05-19,93450,サービス業,92.2,1139.5,1082.5,SL(-5%),2025-05-20,10000000.0,1430,9499780.60552874,1430,-503079.3944712598
2025-05-19,92500,サービス業,91.2,1262.0,1388.2,TP(+10%),2025-05-21,10000000.0,1430,11000000.0,1430,997140.0
2025-05-19,50270,情報･通信業,88.9,520.0,572.0,TP(+10%),2025-05-21,10000000.0,1430,11000000.0,1430,997140.0
2025-05-19,44250,情報･通信業,95.7,1187.0,1127.6,SL(-5%),2025-05-20,10000000.0,1430,9499578.770008422,1430,-503281.22999157757
2025-05-19,44360,情報･通信業,89.7,560.0,532.0,SL(-5%),2025-05-20,10000000.0,1430,9500000.0,1430,-502860.0
2025-05-19,47200,サービス業,87.2,261.0,287.1,TP(+10%),2025-05-20,10000000.0,1430,11000000.0,1430,997140.0
2025-05-19,265A0,情報･通信業,89.3,768.0,729.6,SL(-5%),2025-05-20,10000000.0,1430,9500000.0,1430,-502860.0
2025-05-19,93270,倉庫･運輸関連業,88.7,308.0,338.8,TP(+10%),2025-05-20,10000000.0,1430,11000000.0,1430,997140.0
2025-05-19,66560,電気機器,79.4,771.0,732.4,SL(-5%),2025-05-20,10000000.0,1430,9499351.49156939,1430,-503508.5084306095
2025-05-19,52560,情報･通信業,70.4,2276.0,2162.2,SL(-5%),2025-05-20,10000000.0,1430,9500000.0,1430,-502860.0
2025-05-19,49360,化学,75.8,430.0,408.5,SL(-5%),2025-05-20,10000000.0,1430,9500000.0,1430,-502860.0
2025-05-19,36280,情報･通信業,73.4,484.0,459.8,SL(-5%),2025-05-20,10000000.0,1430,9500000.0,1430,-502860.0
2025-05-19,60350,サービス業,70.4,857.0,814.1,SL(-5%),2025-05-23,10000000.0,1430,9499416.569428239,1430,-503443.430571761
2025-05-19,39270,情報･通信業,65.9,775.0,852.5,TP(+10%),2025-05-26,10000000.0,1430,11000000.0,1430,997140.0
2025-05-19,48880,医薬品,66.3,351.0,333.4,SL(-5%),2025-05-22,10000000.0,1430,9498575.498575497,1430,-504284.5014245026
2025-05-19,39080,情報･通信業,70.7,296.0,325.6,TP(+10%),2025-05-20,10000000.0,1430,11000000.0,1430,997140.0
2025-05-19,44930,情報･通信業,67.5,1874.0,2061.4,TP(+10%),2025-05-20,10000000.0,1430,11000000.0,1430,997140.0
2025-05-19,41690,情報･通信業,72.9,315.0,299.2,SL(-5%),2025-05-21,10000000.0,1430,9498412.698412698,1430,-504447.30158730224
2025-05-19,29860,不動産業,76.6,2453.333333333333,2330.7,SL(-5%),2025-05-20,10000000.0,1430,9500135.869565219,1430,-502724.1304347813
2025-05-19,73180,輸送用機器,85.3,537.25,591.0,TP(+10%),2025-05-22,10000000.0,1430,11000465.33271289,1430,997605.3327128906
2025-05-19,45990,医薬品,69.4,320.0,304.0,SL(-5%),2025-05-21,10000000.0,1430,9500000.0,1430,-502860.0
2025-05-19,43870,情報･通信業,66.0,735.0,698.2,SL(-5%),2025-05-23,10000000.0,1430,9499319.727891156,1430,-503540.27210884355
2025-05-19,71380,小売業,86.4,134.0,127.3,SL(-5%),2025-05-21,10000000.0,1430,9500000.0,1430,-502860.0
2025-05-19,45740,医薬品,66.8,265.0,251.8,SL(-5%),2025-05-21,10000000.0,1430,9501886.79245283,1430,-500973.2075471692
2025-05-19,38560,電気機器,74.4,600.0,660.0,TP(+10%),2025-05-20,10000000.0,1430,11000000.0,1430,997140.0
2025-05-19,38250,小売業,70.1,421.0,463.1,TP(+10%),2025-05-20,10000000.0,1430,11000000.0,1430,997140.0
2025-05-19,23340,サービス業,73.8,88.80000000000001,97.7,TP(+10%),2025-05-21,10000000.0,1430,11002252.25225225,1430,999392.2522522509
2025-05-19,77940,その他製品,63.3,719.0,683.0,SL(-5%),2025-05-20,10000000.0,1430,9499304.589707928,1430,-503555.4102920722
2025-05-19,73690,サービス業,68.9,746.0,708.7,SL(-5%),2025-05-22,10000000.0,1430,9500000.0,1430,-502860.0
2025-05-19,14910,非鉄金属,69.8,1100.0,1045.0,SL(-5%),2025-05-21,10000000.0,1430,9500000.0,1430,-502860.0
2025-05-19,93990,情報･通信業,83.2,72.8,69.2,SL(-5%),2025-05-20,10000000.0,1430,9505494.505494507,1430,-497365.49450549297
2025-05-19,39050,情報･通信業,70.9,795.0,755.2,SL(-5%),2025-05-20,10000000.0,1430,9499371.06918239,1430,-503488.93081760965
2025-05-19,40510,情報･通信業,62.7,4825.0,4583.8,SL(-5%),2025-05-22,10000000.0,1430,9500103.626943005,1430,-502756.37305699475
2025-05-19,37260,小売業,61.8,615.0,676.5,TP(+10%),2025-05-21,10000000.0,1430,11000000.0,1430,997140.0
2025-05-19,48890,医薬品,76.1,1329.0,1461.9,TP(+10%),2025-05-20,10000000.0,1430,11000000.0,1430,997140.0
2025-05-19,44990,情報･通信業,71.4,2212.0,2101.4,SL(-5%),2025-05-21,10000000.0,1430,9500000.0,1430,-502860.0
2025-05-19,70890,サービス業,65.2,708.5,673.1,SL(-5%),2025-05-21,10000000.0,1430,9500352.858151022,1430,-502507.14184897766
2025-04-14,82020,小売業,74.5,162.0,178.2,TP(+10%),2025-05-27,10000000.0,1430,10999999.999999998,1430,997139.9999999981
2025-04-16,47070,サービス業,65.6,323.0,355.3,TP(+10%),2025-05-28,10000000.0,1430,11000000.0,1430,997140.0
2025-04-21,67710,電気機器,64.6,553.0,608.3,TP(+10%),2025-05-28,10000000.0,1430,10999999.999999998,1430,997139.9999999981
2025-04-22,58170,非鉄金属,90.4,413.0,392.3,SL(-5%),2025-05-28,10000000.0,1430,9498789.346246975,1430,-504070.65375302546
2025-04-22,43160,情報･通信業,91.4,361.0,397.1,TP(+10%),2025-05-28,10000000.0,1430,11000000.0,1430,997140.0
2025-04-30,74260,卸売業,84.5,1076.0,1183.6,TP(+10%),2025-05-27,10000000.0,1430,10999999.999999998,1430,997139.9999999981
2025-04-30,44220,情報･通信業,70.0,173.33333333333331,190.7,TP(+10%),2025-05-28,10000000.0,1430,11001923.076923076,1430,999063.0769230761
2025-05-08,77110,精密機器,90.1,1930.0,2123.0,TP(+10%),2025-05-28,10000000.0,1430,11000000.0,1430,997140.0
2025-05-08,67450,電気機器,69.3,864.0,950.4,TP(+10%),2025-05-28,10000000.0,1430,11000000.0,1430,997140.0
2025-05-12,31310,卸売業,79.2,2289.0,2517.9,TP(+10%),2025-05-28,10000000.0,1430,11000000.0,1430,997140.0
2025-05-13,48280,情報･通信業,93.4,860.0,946.0,TP(+10%),2025-05-27,10000000.0,1430,11000000.0,1430,997140.0
2025-05-14,29800,不動産業,72.9,3300.0,3630.0,TP(+10%),2025-05-28,10000000.0,1430,11000000.0,1430,997140.0
2025-05-15,31040,繊維製品,77.7,1575.0,1732.5,TP(+10%),2025-05-28,10000000.0,1430,11000000.0,1430,997140.0
2025-05-15,48490,サービス業,72.8,1539.0,1692.9,TP(+10%),2025-05-28,10000000.0,1430,11000000.0,1430,997140.0
2025-05-15,40110,情報･通信業,84.2,3170.0,3487.0,TP(+10%),2025-05-27,10000000.0,1430,11000000.0,1430,997140.0
2025-05-15,42580,情報･通信業,69.2,2390.0,2629.0,TP(+10%),2025-05-27,10000000.0,1430,11000000.0,1430,997140.0
2025-05-16,79460,その他製品,99.0,283.8,312.2,TP(+10%),2025-05-28,10000000.0,1430,11000704.721634952,1430,997844.7216349524
2025-05-16,44380,情報･通信業,73.4,345.0,379.5,TP(+10%),2025-05-27,10000000.0,1430,11000000.0,1430,997140.0
2025-05-16,42650,情報･通信業,72.7,300.0,330.0,TP(+10%),2025-05-27,10000000.0,1430,11000000.0,1430,997140.0
2025-05-16,81360,卸売業,70.7,1252.2,1377.4,TP(+10%),2025-05-28,10000000.0,1430,10999840.281105256,1430,996980.2811052557
2025-05-19,47360,情報･通信業,68.1,736.0,809.6,TP(+10%),2025-05-27,10000000.0,1430,11000000.0,1430,997140.0
2025-05-19,72730,輸送用機器,69.1,418.0,397.1,SL(-5%),2025-05-27,10000000.0,1430,9500000.0,1430,-502860.0
2025-05-20,65740,サービス業,90.9,37.50000000000001,41.3,TP(+10%),2025-05-22,10000000.0,1430,11013333.33333333,1430,1010473.3333333302
2025-05-20,62760,電気機器,91.8,293.0,322.3,TP(+10%),2025-05-22,10000000.0,1430,11000000.0,1430,997140.0
2025-05-20,73590,サービス業,87.7,363.0,344.8,SL(-5%),2025-05-22,10000000.0,1430,9498622.58953168,1430,-504237.41046831943
2025-05-20,93990,情報･通信業,94.8,57.800000000000004,54.9,SL(-5%),2025-05-22,10000000.0,1430,9498269.89619377,1430,-504590.1038062293
2025-05-20,38560,電気機器,83.8,690.0,655.5,SL(-5%),2025-05-22,10000000.0,1430,9500000.0,1430,-502860.0
2025-05-20,45820,医薬品,83.3,178.0,169.1,SL(-5%),2025-05-22,10000000.0,1430,9500000.0,1430,-502860.0
2025-05-20,48810,医薬品,81.2,111.0,105.4,SL(-5%),2025-05-23,10000000.0,1430,9495495.495495496,1430,-507364.5045045037
2025-05-20,23420,サービス業,78.6,168.0,159.6,SL(-5%),2025-05-22,10000000.0,1430,9500000.0,1430,-502860.0
2025-05-20,34460,金属製品,77.9,1220.0,1159.0,SL(-5%),2025-05-23,10000000.0,1430,9500000.0,1430,-502860.0
2025-05-20,87830,その他金融業,73.7,388.0,426.8,TP(+10%),2025-05-22,10000000.0,1430,11000000.0,1430,997140.0
2025-05-20,29860,不動産業,76.9,2193.333333333333,2083.7,SL(-5%),2025-05-26,10000000.0,1430,9500151.975683892,1430,-502708.02431610785
2025-05-20,38250,小売業,75.7,501.0,551.1,TP(+10%),2025-05-22,10000000.0,1430,11000000.0,1430,997140.0
2025-05-20,47200,サービス業,77.1,261.0,287.1,TP(+10%),2025-05-22,10000000.0,1430,11000000.0,1430,997140.0
2025-05-20,70740,サービス業,71.6,281.0,309.1,TP(+10%),2025-05-23,10000000.0,1430,11000000.0,1430,997140.0
2025-05-20,70630,サービス業,83.1,364.0,345.8,SL(-5%),2025-05-22,10000000.0,1430,9500000.0,1430,-502860.0
2025-05-20,55350,不動産業,68.2,1136.0,1249.6,TP(+10%),2025-05-22,10000000.0,1430,10999999.999999998,1430,997139.9999999981
2025-05-20,277A0,サービス業,77.3,2479.0,2355.0,SL(-5%),2025-05-22,10000000.0,1430,9499798.305768456,1430,-503061.6942315437
2025-05-20,68030,電気機器,69.9,83.0,91.3,TP(+10%),2025-05-22,10000000.0,1430,10999999.999999998,1430,997139.9999999981
2025-05-20,52550,情報･通信業,72.4,82.0,77.9,SL(-5%),2025-05-22,10000000.0,1430,9500000.0,1430,-502860.0
2025-04-15,35580,小売業,67.8,1166.0,1282.6,TP(+10%),2025-05-29,10000000.0,1430,10999999.999999998,1430,997139.9999999981
2025-04-17,68670,電気機器,85.7,389.0,427.9,TP(+10%),2025-05-29,10000000.0,1430,10999999.999999998,1430,997139.9999999981
2025-04-18,47350,サービス業,90.6,342.0,376.2,TP(+10%),2025-05-29,10000000.0,1430,10999999.999999998,1430,997139.9999999981
2025-04-18,70830,サービス業,99.0,991.0,1090.1,TP(+10%),2025-05-29,10000000.0,1430,10999999.999999998,1430,997139.9999999981
2025-04-21,71830,その他金融業,61.3,154.0,169.4,TP(+10%),2025-05-29,10000000.0,1430,11000000.0,1430,997140.0
2025-04-28,48320,情報･通信業,74.4,1623.0,1785.3,TP(+10%),2025-05-29,10000000.0,1430,11000000.0,1430,997140.0
2025-05-09,54080,鉄鋼,66.3,670.0,636.5,SL(-5%),2025-05-29,10000000.0,1430,9500000.0,1430,-502860.0
2025-05-14,65900,電気機器,79.7,1472.0,1619.2,TP(+10%),2025-05-29,10000000.0,1430,11000000.0,1430,997140.0
2025-05-16,58580,非鉄金属,75.6,1400.0,1540.0,TP(+10%),2025-05-29,10000000.0,1430,11000000.0,1430,997140.0
2025-05-16,62270,機械,70.9,966.0,1062.6,TP(+10%),2025-05-29,10000000.0,1430,10999999.999999998,1430,997139.9999999981
2025-05-19,50740,建設業,62.3,301.0,331.1,TP(+10%),2025-05-29,10000000.0,1430,11000000.0,1430,997140.0
2025-05-20,76890,卸売業,76.1,466.0,512.6,TP(+10%),2025-05-29,10000000.0,1430,11000000.0,1430,997140.0
2025-05-20,36610,情報･通信業,67.3,979.0,1076.9,TP(+10%),2025-05-29,10000000.0,1430,11000000.0,1430,997140.0
2025-05-20,44250,情報･通信業,68.0,1125.0,1237.5,TP(+10%),2025-05-29,10000000.0,1430,11000000.0,1430,997140.0
2025-05-20,39050,情報･通信業,72.2,758.0,833.8,TP(+10%),2025-05-29,10000000.0,1430,10999999.999999998,1430,997139.9999999981
2025-05-22,92400,サービス業,94.5,412.0,391.4,SL(-5%),2025-05-23,10000000.0,1430,9500000.0,1430,-502860.0
2025-05-22,23340,サービス業,99.0,114.10000000000001,108.4,SL(-5%),2025-05-23,10000000.0,1430,9500438.212094653,1430,-502421.7879053466
2025-05-22,254A0,証券･商品先物取引業,92.1,1384.0,1314.8,SL(-5%),2025-05-23,10000000.0,1430,9500000.0,1430,-502860.0
2025-05-22,49350,化学,96.8,327.40000000000003,311.0,SL(-5%),2025-05-23,10000000.0,1430,9499083.689676236,1430,-503776.31032376364
2025-05-22,36960,情報･通信業,75.8,2103.0,1997.8,SL(-5%),2025-05-23,10000000.0,1430,9499762.244412744,1430,-503097.7555872556
2025-05-22,55970,情報･通信業,69.6,904.0,858.8,SL(-5%),2025-05-23,10000000.0,1430,9500000.0,1430,-502860.0
2025-05-22,62760,電気機器,79.2,305.0,289.8,SL(-5%),2025-05-23,10000000.0,1430,9501639.344262296,1430,-501220.65573770367
2025-05-22,86980,証券･商品先物取引業,76.4,778.0,739.1,SL(-5%),2025-05-23,10000000.0,1430,9500000.0,1430,-502860.0
2025-05-22,87830,その他金融業,82.7,452.0,429.4,SL(-5%),2025-05-23,10000000.0,1430,9500000.0,1430,-502860.0
2025-05-22,55350,不動産業,77.8,1344.5,1277.3,SL(-5%),2025-05-23,10000000.0,1430,9500185.942729639,1430,-502674.0572703611
2025-05-22,65740,サービス業,88.0,48.85000000000001,46.4,SL(-5%),2025-05-23,10000000.0,1430,9498464.687819853,1430,-504395.3121801466
2025-05-22,58010,非鉄金属,79.1,623.8000000000001,686.2,TP(+10%),2025-05-29,10000000.0,1430,11000320.615581919,1430,997460.6155819185
2025-05-22,23450,情報･通信業,71.7,234.0,222.3,SL(-5%),2025-05-23,10000000.0,1430,9500000.0,1430,-502860.0
2025-05-22,142A0,サービス業,81.2,685.0,650.8,SL(-5%),2025-05-23,10000000.0,1430,9500729.927007299,1430,-502130.0729927011
2025-05-22,82090,その他,79.5,345.0,379.5,TP(+10%),2025-05-23,10000000.0,1430,11000000.0,1430,997140.0
2025-05-22,50260,情報･通信業,73.7,1071.0,1017.4,SL(-5%),2025-05-23,10000000.0,1430,9499533.146591969,1430,-503326.85340803117
2025-05-22,64920,機械,64.8,4800.0,5280.0,TP(+10%),2025-05-26,10000000.0,1430,11000000.0,1430,997140.0
2025-05-22,37470,情報･通信業,67.9,411.0,390.4,SL(-5%),2025-05-23,10000000.0,1430,9498783.454987833,1430,-504076.5450121667
2025-05-22,44360,情報･通信業,76.9,568.0,539.6,SL(-5%),2025-05-23,10000000.0,1430,9500000.0,1430,-502860.0
2025-05-22,99780,小売業,74.8,54.0,51.3,SL(-5%),2025-05-23,10000000.0,1430,9500000.0,1430,-502860.0
2025-05-22,36670,情報･通信業,74.5,106.0,116.6,TP(+10%),2025-05-23,10000000.0,1430,10999999.999999998,1430,997139.9999999981
2025-05-22,69630,電気機器,68.7,1505.0,1429.8,SL(-5%),2025-05-26,10000000.0,1430,9500332.225913621,1430,-502527.7740863785
2025-05-22,44990,情報･通信業,74.2,2275.0,2161.2,SL(-5%),2025-05-23,10000000.0,1430,9499780.21978022,1430,-503079.7802197803
2025-04-21,39860,情報･通信業,74.3,478.3333333333333,526.2,TP(+10%),2025-06-04,10000000.0,1430,11000696.864111498,1430,997836.864111498
2025-04-28,19590,建設業,69.7,4844.0,5328.4,TP(+10%),2025-05-30,10000000.0,1430,10999999.999999998,1430,997139.9999999981
2025-05-12,62390,機械,75.7,1287.0,1415.7,TP(+10%),2025-05-30,10000000.0,1430,11000000.0,1430,997140.0
2025-05-14,52530,情報･通信業,66.7,1931.0,2124.1,TP(+10%),2025-05-30,10000000.0,1430,10999999.999999998,1430,997139.9999999981
2025-05-15,39280,情報･通信業,67.5,231.0,254.1,TP(+10%),2025-05-30,10000000.0,1430,11000000.0,1430,997140.0
2025-05-16,81170,卸売業,71.5,1869.0,1775.5,SL(-5%),2025-05-30,10000000.0,1430,9499732.477260567,1430,-503127.52273943275
2025-05-16,70820,サービス業,63.7,893.5,982.9,TP(+10%),2025-05-30,10000000.0,1430,11000559.597090093,1430,997699.5970900934
2025-05-19,241A0,情報･通信業,67.1,1041.0,1145.1,TP(+10%),2025-05-30,10000000.0,1430,10999999.999999998,1430,997139.9999999981
2025-05-20,56190,情報･通信業,80.3,875.0,962.5,TP(+10%),2025-05-30,10000000.0,1430,11000000.0,1430,997140.0
2025-05-20,36340,情報･通信業,63.7,579.0,550.0,SL(-5%),2025-05-30,10000000.0,1430,9499136.442141624,1430,-503723.55785837583
2025-05-23,78650,その他製品,90.8,628.0,596.6,SL(-5%),2025-05-30,10000000.0,1430,9500000.0,1430,-502860.0
2025-05-23,92400,サービス業,89.9,416.0,457.6,TP(+10%),2025-05-26,10000000.0,1430,11000000.0,1430,997140.0
2025-05-23,68360,電気機器,91.5,942.0,1036.2,TP(+10%),2025-05-26,10000000.0,1430,11000000.0,1430,997140.0
2025-05-23,49350,化学,88.0,309.6,294.1,SL(-5%),2025-05-26,10000000.0,1430,9499354.00516796,1430,-503505.99483204074
2025-05-23,58710,サービス業,72.6,1930.0,1833.5,SL(-5%),2025-05-27,10000000.0,1430,9500000.0,1430,-502860.0
2025-05-23,41690,情報･通信業,70.7,312.0,343.2,TP(+10%),2025-05-28,10000000.0,1430,10999999.999999998,1430,997139.9999999981
2025-05-23,36960,情報･通信業,67.0,1806.0,1986.6,TP(+10%),2025-05-27,10000000.0,1430,10999999.999999998,1430,997139.9999999981
2025-05-23,27430,その他,84.6,79.0,75.0,SL(-5%),2025-05-27,10000000.0,1430,9493670.88607595,1430,-509189.1139240507
2025-05-23,38070,情報･通信業,77.9,157.0,172.7,TP(+10%),2025-05-26,10000000.0,1430,10999999.999999998,1430,997139.9999999981
2025-05-23,142A0,サービス業,83.1,625.0,687.5,TP(+10%),2025-05-26,10000000.0,1430,11000000.0,1430,997140.0
2025-05-23,93270,倉庫･運輸関連業,80.5,287.0,315.7,TP(+10%),2025-05-26,10000000.0,1430,10999999.999999998,1430,997139.9999999981
2025-05-23,33500,卸売業,85.8,816.0,897.6,TP(+10%),2025-05-26,10000000.0,1430,11000000.0,1430,997140.0
2025-05-23,93990,情報･通信業,85.5,55.2,52.4,SL(-5%),2025-05-26,10000000.0,1430,9492753.623188404,1430,-510106.37681159563
2025-05-23,52430,情報･通信業,75.1,1594.0,1753.4,TP(+10%),2025-05-26,10000000.0,1430,11000000.0,1430,997140.0
2025-05-23,55970,情報･通信業,66.4,825.0,907.5,TP(+10%),2025-05-28,10000000.0,1430,11000000.0,1430,997140.0
2025-05-23,39360,情報･通信業,78.6,138.0,151.8,TP(+10%),2025-05-26,10000000.0,1430,11000000.0,1430,997140.0
2025-05-23,23340,サービス業,84.6,91.30000000000001,100.4,TP(+10%),2025-05-26,10000000.0,1430,10996714.12924425,1430,993854.1292442493
2025-05-23,82090,その他,75.7,353.0,388.3,TP(+10%),2025-05-27,10000000.0,1430,11000000.0,1430,997140.0
2025-05-23,60160,輸送用機器,65.2,3490.0,3839.0,TP(+10%),2025-05-27,10000000.0,1430,11000000.0,1430,997140.0
2025-05-23,65210,電気機器,65.7,1435.0,1578.5,TP(+10%),2025-05-26,10000000.0,1430,11000000.0,1430,997140.0
2025-05-23,36640,情報･通信業,71.8,34.0,32.3,SL(-5%),2025-05-26,10000000.0,1430,9500000.0,1430,-502860.0
2025-05-23,44990,情報･通信業,66.1,2189.0,2079.5,SL(-5%),2025-05-28,10000000.0,1430,9499771.58519872,1430,-503088.4148012791
2025-05-23,65240,電気機器,65.4,1807.0,1987.7,TP(+10%),2025-05-29,10000000.0,1430,11000000.0,1430,997140.0
2025-04-11,88870,不動産業,72.1,338.0,321.1,SL(-5%),2025-06-02,10000000.0,1430,9500000.0,1430,-502860.0
2025-04-15,77070,精密機器,71.6,189.0,207.9,TP(+10%),2025-06-02,10000000.0,1430,11000000.0,1430,997140.0
2025-04-16,51310,情報･通信業,76.3,150.0,165.0,TP(+10%),2025-06-02,10000000.0,1430,11000000.0,1430,997140.0
2025-04-22,49760,化学,67.5,1086.6666666666665,1195.3,TP(+10%),2025-06-03,10000000.0,1430,10999693.251533745,1430,996833.2515337449
2025-04-28,99620,卸売業,62.7,1963.5,1865.3,SL(-5%),2025-06-02,10000000.0,1430,9499872.676343264,1430,-502987.32365673594
2025-05-07,40560,情報･通信業,67.4,688.0,756.8,TP(+10%),2025-06-02,10000000.0,1430,10999999.999999998,1430,997139.9999999981
2025-05-09,44170,情報･通信業,67.4,3055.0,3360.5,TP(+10%),2025-06-02,10000000.0,1430,11000000.0,1430,997140.0
2025-05-12,83860,銀行業,82.0,921.25,1013.4,TP(+10%),2025-06-02,10000000.0,1430,11000271.370420625,1430,997411.3704206254
2025-05-12,80610,卸売業,71.1,1451.6666666666665,1596.8,TP(+10%),2025-06-02,10000000.0,1430,10999770.378874859,1430,996910.3788748588
2025-05-13,50340,情報･通信業,62.7,2085.0,2293.5,TP(+10%),2025-06-02,10000000.0,1430,11000000.0,1430,997140.0
2025-05-14,57290,非鉄金属,76.7,1120.0,1232.0,TP(+10%),2025-06-02,10000000.0,1430,11000000.0,1430,997140.0
2025-05-14,30020,繊維製品,79.1,3125.0,3437.5,TP(+10%),2025-06-02,10000000.0,1430,11000000.0,1430,997140.0
2025-05-15,55820,情報･通信業,69.2,2401.0,2641.1,TP(+10%),2025-06-02,10000000.0,1430,10999999.999999998,1430,997139.9999999981
2025-05-16,70670,サービス業,87.0,925.0,878.8,SL(-5%),2025-06-02,10000000.0,1430,9500540.540540539,1430,-502319.4594594613
2025-05-20,29780,不動産業,61.0,740.0,814.0,TP(+10%),2025-06-02,10000000.0,1430,11000000.0,1430,997140.0
2025-05-23,48880,医薬品,80.4,361.0,397.1,TP(+10%),2025-06-02,10000000.0,1430,11000000.0,1430,997140.0
2025-05-26,92400,サービス業,95.1,383.0,421.3,TP(+10%),2025-05-27,10000000.0,1430,11000000.0,1430,997140.0
2025-05-26,65210,電気機器,78.6,1699.0,1868.9,TP(+10%),2025-05-28,10000000.0,1430,11000000.0,1430,997140.0
2025-05-26,60350,サービス業,84.7,654.0,621.3,SL(-5%),2025-06-02,10000000.0,1430,9500000.0,1430,-502860.0
2025-05-26,39270,情報･通信業,86.8,867.0,823.6,SL(-5%),2025-05-28,10000000.0,1430,9499423.298731258,1430,-503436.70126874186
2025-05-26,302A0,サービス業,88.9,687.0,652.6,SL(-5%),2025-05-27,10000000.0,1430,9499272.197962154,1430,-503587.8020378463
2025-05-26,78650,その他製品,70.0,637.0,605.1,SL(-5%),2025-05-27,10000000.0,1430,9499215.070643643,1430,-503644.9293563571
2025-05-26,142A0,サービス業,81.2,669.0,635.5,SL(-5%),2025-05-27,10000000.0,1430,9499252.615844544,1430,-503607.384155456
2025-05-26,68360,電気機器,80.9,1092.0,1201.2,TP(+10%),2025-05-27,10000000.0,1430,11000000.0,1430,997140.0
2025-05-26,39360,情報･通信業,79.4,163.0,154.8,SL(-5%),2025-05-27,10000000.0,1430,9496932.515337424,1430,-505927.48466257565
2025-05-26,93990,情報･通信業,86.5,54.900000000000006,52.2,SL(-5%),2025-05-27,10000000.0,1430,9508196.721311474,1430,-494663.2786885258
2025-05-26,43660,化学,69.8,216.33333333333331,238.0,TP(+10%),2025-05-27,10000000.0,1430,11001540.832049308,1430,998680.8320493083
2025-05-26,38560,電気機器,83.2,703.0,773.3,TP(+10%),2025-05-27,10000000.0,1430,10999999.999999998,1430,997139.9999999981
2025-05-26,52430,情報･通信業,74.6,1765.0,1676.8,SL(-5%),2025-05-29,10000000.0,1430,9500283.28611898,1430,-502576.7138810195
2025-05-26,70340,サービス業,66.9,449.0,426.5,SL(-5%),2025-05-27,10000000.0,1430,9498886.414253898,1430,-503973.58574610204
2025-05-26,26670,卸売業,62.9,229.0,251.9,TP(+10%),2025-05-30,10000000.0,1430,11000000.0,1430,997140.0
2025-05-26,135A0,情報･通信業,67.3,2382.0,2620.2,TP(+10%),2025-05-30,10000000.0,1430,10999999.999999998,1430,997139.9999999981
2025-04-14,37760,情報･通信業,71.7,134.0,147.4,TP(+10%),2025-06-03,10000000.0,1430,11000000.0,1430,997140.0
2025-04-24,38040,情報･通信業,72.7,578.6666666666666,636.5,TP(+10%),2025-06-04,10000000.0,1430,10999423.96313364,1430,996563.9631336406
2025-04-28,60540,サービス業,65.0,139.0,152.9,TP(+10%),2025-06-03,10000000.0,1430,11000000.0,1430,997140.0
2025-05-09,37730,情報･通信業,78.4,989.0,1087.9,TP(+10%),2025-06-03,10000000.0,1430,11000000.0,1430,997140.0
2025-05-12,70650,サービス業,69.7,675.0,742.5,TP(+10%),2025-06-03,10000000.0,1430,11000000.0,1430,997140.0
2025-05-15,38140,その他,63.1,335.0,318.2,SL(-5%),2025-06-03,10000000.0,1430,9498507.462686567,1430,-504352.53731343336
2025-05-16,51370,情報･通信業,85.2,350.5,385.6,TP(+10%),2025-06-03,10000000.0,1430,11001426.53352354,1430,998566.5335235391
2025-05-19,48910,医薬品,71.8,155.0,170.5,TP(+10%),2025-06-03,10000000.0,1430,11000000.0,1430,997140.0
2025-05-19,48110,情報･通信業,68.6,1038.3333333333333,1142.2,TP(+10%),2025-06-03,10000000.0,1430,11000321.027287321,1430,997461.0272873212
2025-05-22,65260,電気機器,71.4,2029.5,2232.5,TP(+10%),2025-06-03,10000000.0,1430,11000246.366100024,1430,997386.3661000244
2025-05-23,31330,小売業,73.9,810.0,769.5,SL(-5%),2025-06-03,10000000.0,1430,9500000.0,1430,-502860.0
2025-05-23,37470,情報･通信業,64.6,383.0,363.8,SL(-5%),2025-06-03,10000000.0,1430,9498694.51697128,1430,-504165.4830287192
2025-05-23,41990,情報･通信業,67.0,1000.0,1100.0,TP(+10%),2025-06-03,10000000.0,1430,11000000.0,1430,997140.0
2025-05-26,29860,不動産業,71.9,2026.6666666666665,2229.3,TP(+10%),2025-06-03,10000000.0,1430,10999835.526315792,1430,996975.5263157915
2025-05-27,44380,情報･通信業,87.1,380.0,361.0,SL(-5%),2025-05-28,10000000.0,1430,9500000.0,1430,-502860.0
2025-05-27,49350,化学,93.3,349.40000000000003,384.3,TP(+10%),2025-05-28,10000000.0,1430,10998855.180309102,1430,995995.1803091019
2025-05-27,38560,電気機器,90.6,788.0,748.6,SL(-5%),2025-05-29,10000000.0,1430,9500000.0,1430,-502860.0
2025-05-27,92400,サービス業,87.6,419.0,398.0,SL(-5%),2025-05-28,10000000.0,1430,9498806.682577565,1430,-504053.3174224347
2025-05-27,23340,サービス業,91.2,123.2,117.0,SL(-5%),2025-05-28,10000000.0,1430,9496753.246753247,1430,-506106.75324675255
2025-05-27,198A0,情報･通信業,83.5,690.0,759.0,TP(+10%),2025-05-28,10000000.0,1430,11000000.0,1430,997140.0
2025-05-27,68360,電気機器,89.8,1171.0,1112.5,SL(-5%),2025-05-28,10000000.0,1430,9500426.985482493,1430,-502433.0145175066
2025-05-27,65210,電気機器,69.4,1776.0,1953.6,TP(+10%),2025-05-29,10000000.0,1430,10999999.999999998,1430,997139.9999999981
2025-05-27,303A0,情報･通信業,86.3,1206.0,1145.7,SL(-5%),2025-05-28,10000000.0,1430,9500000.0,1430,-502860.0
2025-05-27,39270,情報･通信業,69.9,876.0,832.2,SL(-5%),2025-05-28,10000000.0,1430,9500000.0,1430,-502860.0
2025-05-27,72730,輸送用機器,71.6,389.0,427.9,TP(+10%),2025-05-30,10000000.0,1430,10999999.999999998,1430,997139.9999999981
2025-05-27,40550,情報･通信業,65.7,1329.0,1262.5,SL(-5%),2025-05-29,10000000.0,1430,9499623.777276147,1430,-503236.22272385284
2025-05-27,36960,情報･通信業,66.7,2030.0,2233.0,TP(+10%),2025-06-02,10000000.0,1430,11000000.0,1430,997140.0
2025-05-27,31370,小売業,74.0,226.5,215.2,SL(-5%),2025-05-28,10000000.0,1430,9501103.75275938,1430,-501756.24724061973
2025-05-27,65740,サービス業,84.2,48.60000000000001,53.5,TP(+10%),2025-05-28,10000000.0,1430,11008230.452674894,1430,1005370.4526748937
2025-05-27,36640,情報･通信業,66.6,35.0,33.2,SL(-5%),2025-05-30,10000000.0,1430,9485714.285714285,1430,-517145.71428571455
2025-05-27,38250,小売業,62.8,560.0,532.0,SL(-5%),2025-05-28,10000000.0,1430,9500000.0,1430,-502860.0
2025-04-14,39040,情報･通信業,75.0,406.0,446.6,TP(+10%),2025-06-04,10000000.0,1430,11000000.0,1430,997140.0
2025-05-07,55770,その他,80.9,570.0,627.0,TP(+10%),2025-06-04,10000000.0,1430,11000000.0,1430,997140.0
2025-05-07,21830,サービス業,63.7,298.0,327.8,TP(+10%),2025-06-04,10000000.0,1430,11000000.0,1430,997140.0
2025-05-12,95650,サービス業,80.7,1000.0,1100.0,TP(+10%),2025-06-04,10000000.0,1430,11000000.0,1430,997140.0
2025-05-16,91590,サービス業,83.4,1584.0,1742.4,TP(+10%),2025-06-04,10000000.0,1430,11000000.0,1430,997140.0
2025-05-16,92370,サービス業,83.2,895.0,984.5,TP(+10%),2025-06-04,10000000.0,1430,11000000.0,1430,997140.0
2025-05-16,44270,情報･通信業,63.2,273.0,300.3,TP(+10%),2025-06-04,10000000.0,1430,11000000.0,1430,997140.0
2025-05-19,70720,サービス業,62.2,906.0,860.7,SL(-5%),2025-06-04,10000000.0,1430,9500000.0,1430,-502860.0
2025-05-23,47360,情報･通信業,70.6,763.0,839.3,TP(+10%),2025-06-04,10000000.0,1430,10999999.999999998,1430,997139.9999999981
2025-05-28,37870,情報･通信業,85.2,526.0,578.6,TP(+10%),2025-05-30,10000000.0,1430,11000000.0,1430,997140.0
2025-05-28,49350,化学,93.9,429.40000000000003,472.3,TP(+10%),2025-05-29,10000000.0,1430,10999068.46762925,1430,996208.4676292501
2025-05-28,198A0,情報･通信業,88.3,658.0,625.1,SL(-5%),2025-05-29,10000000.0,1430,9500000.0,1430,-502860.0
2025-05-28,88940,不動産業,88.3,71.0,67.5,SL(-5%),2025-06-02,10000000.0,1430,9507042.253521126,1430,-495817.74647887424
2025-05-28,76030,小売業,88.5,126.0,119.7,SL(-5%),2025-06-02,10000000.0,1430,9500000.0,1430,-502860.0
2025-05-28,69630,電気機器,74.9,1613.5,1532.8,SL(-5%),2025-06-02,10000000.0,1430,9499845.057328789,1430,-503014.94267121144
2025-05-28,24370,サービス業,68.6,323.0,306.8,SL(-5%),2025-06-02,10000000.0,1430,9498452.0123839,1430,-504407.9876160994
2025-05-28,48490,サービス業,68.1,1712.0,1626.4,SL(-5%),2025-06-04,10000000.0,1430,9500000.0,1430,-502860.0
2025-05-28,65210,電気機器,64.2,1778.0,1955.8,TP(+10%),2025-05-29,10000000.0,1430,11000000.0,1430,997140.0
2025-05-28,55950,その他,74.6,2249.0,2136.5,SL(-5%),2025-05-29,10000000.0,1430,9499777.678968431,1430,-503082.3210315686
2025-05-28,278A0,精密機器,70.9,5110.0,4854.5,SL(-5%),2025-05-29,10000000.0,1430,9500000.0,1430,-502860.0
2025-05-28,303A0,情報･通信業,79.2,1117.0,1061.1,SL(-5%),2025-05-30,10000000.0,1430,9499552.372426141,1430,-503307.62757385895
2025-05-28,93990,情報･通信業,80.8,48.7,46.3,SL(-5%),2025-05-29,10000000.0,1430,9507186.85831622,1430,-495673.14168377966
2025-05-28,38560,電気機器,69.2,762.0,723.9,SL(-5%),2025-05-29,10000000.0,1430,9500000.0,1430,-502860.0
2025-05-28,33500,卸売業,78.3,1222.0,1160.9,SL(-5%),2025-05-29,10000000.0,1430,9500000.0,1430,-502860.0
2025-04-24,50280,情報･通信業,62.2,331.0,364.1,TP(+10%),2025-06-05,10000000.0,1430,11000000.0,1430,997140.0
2025-04-28,58340,証券･商品先物取引業,83.4,1750.0,1925.0,TP(+10%),2025-06-05,10000000.0,1430,11000000.0,1430,997140.0
2025-05-14,92120,サービス業,74.5,387.0,425.7,TP(+10%),2025-06-05,10000000.0,1430,10999999.999999998,1430,997139.9999999981
2025-05-22,66960,電気機器,65.2,540.0,594.0,TP(+10%),2025-06-05,10000000.0,1430,11000000.0,1430,997140.0
2025-05-23,34460,金属製品,65.8,1115.0,1226.5,TP(+10%),2025-06-05,10000000.0,1430,11000000.0,1430,997140.0
2025-05-26,48130,情報･通信業,84.6,823.0,905.3,TP(+10%),2025-06-05,10000000.0,1430,10999999.999999998,1430,997139.9999999981
2025-05-26,60310,サービス業,80.7,342.0,376.2,TP(+10%),2025-06-05,10000000.0,1430,10999999.999999998,1430,997139.9999999981
2025-05-26,36390,情報･通信業,67.1,251.0,238.4,SL(-5%),2025-06-05,10000000.0,1430,9498007.96812749,1430,-504852.0318725109
2025-05-29,39050,情報･通信業,94.6,888.0,976.8,TP(+10%),2025-05-30,10000000.0,1430,10999999.999999998,1430,997139.9999999981
2025-05-29,49350,化学,97.8,529.4,502.9,SL(-5%),2025-05-30,10000000.0,1430,9499433.320740461,1430,-503426.67925953865
2025-05-29,66590,電気機器,92.9,59.0,56.0,SL(-5%),2025-05-30,10000000.0,1430,9491525.423728814,1430,-511334.57627118565
2025-05-29,38230,情報･通信業,81.6,116.0,127.6,TP(+10%),2025-06-04,10000000.0,1430,10999999.999999998,1430,997139.9999999981
2025-05-29,45880,医薬品,68.5,601.0,661.1,TP(+10%),2025-06-02,10000000.0,1430,11000000.0,1430,997140.0
2025-05-29,65740,サービス業,89.0,56.10000000000001,53.3,SL(-5%),2025-05-30,10000000.0,1430,9500891.265597146,1430,-501968.734402854
2025-05-29,65210,電気機器,68.1,1968.0,2164.8,TP(+10%),2025-05-30,10000000.0,1430,11000000.0,1430,997140.0
2025-05-29,29620,金属製品,79.4,335.0,368.5,TP(+10%),2025-05-30,10000000.0,1430,11000000.0,1430,997140.0
2025-05-29,36640,情報･通信業,67.3,35.0,33.2,SL(-5%),2025-05-30,10000000.0,1430,9485714.285714285,1430,-517145.71428571455
2025-05-29,68360,電気機器,83.6,1304.0,1238.8,SL(-5%),2025-05-30,10000000.0,1430,9500000.0,1430,-502860.0
2025-04-14,63250,機械,65.5,358.0,393.8,TP(+10%),2025-06-06,10000000.0,1430,11000000.0,1430,997140.0
2025-04-15,67720,電気機器,70.5,1260.0,1386.0,TP(+10%),2025-06-11,10000000.0,1430,11000000.0,1430,997140.0
2025-05-07,75780,小売業,92.2,128.0,121.6,SL(-5%),2025-06-06,10000000.0,1430,9500000.0,1430,-502860.0
2025-05-14,45640,医薬品,68.6,23.0,21.8,SL(-5%),2025-06-06,10000000.0,1430,9478260.869565219,1430,-524599.1304347813
2025-05-15,65220,電気機器,65.6,437.0,415.1,SL(-5%),2025-06-06,10000000.0,1430,9498855.835240275,1430,-504004.16475972533
2025-05-20,68400,電気機器,70.1,257.0,244.1,SL(-5%),2025-06-06,10000000.0,1430,9498054.474708172,1430,-504805.52529182844
2025-05-20,77940,その他製品,72.5,658.0,625.1,SL(-5%),2025-06-06,10000000.0,1430,9500000.0,1430,-502860.0
2025-05-26,57070,非鉄金属,65.4,652.0,717.2,TP(+10%),2025-06-06,10000000.0,1430,11000000.0,1430,997140.0
2025-05-30,21960,その他,90.8,267.0,293.7,TP(+10%),2025-06-02,10000000.0,1430,10999999.999999998,1430,997139.9999999981
2025-05-30,29620,金属製品,93.1,322.0,305.9,SL(-5%),2025-06-02,10000000.0,1430,9500000.0,1430,-502860.0
2025-05-30,52460,情報･通信業,89.6,1133.0,1076.3,SL(-5%),2025-06-02,10000000.0,1430,9499558.69373345,1430,-503301.30626655
2025-05-30,44360,情報･通信業,81.1,604.0,573.8,SL(-5%),2025-06-02,10000000.0,1430,9500000.0,1430,-502860.0
2025-05-30,49350,化学,87.4,506.6,481.3,SL(-5%),2025-06-02,10000000.0,1430,9500592.183181997,1430,-502267.8168180026
2025-05-30,66590,電気機器,83.9,51.0,48.4,SL(-5%),2025-06-02,10000000.0,1430,9490196.078431372,1430,-512663.9215686284
2025-05-30,24890,サービス業,77.0,288.0,316.8,TP(+10%),2025-06-02,10000000.0,1430,11000000.0,1430,997140.0
2025-05-30,52470,情報･通信業,77.1,861.0,817.9,SL(-5%),2025-06-02,10000000.0,1430,9499419.279907085,1430,-503440.720092915
2025-05-30,37780,情報･通信業,67.2,3480.0,3828.0,TP(+10%),2025-06-05,10000000.0,1430,11000000.0,1430,997140.0
2025-05-30,42880,情報･通信業,78.7,656.0,623.2,SL(-5%),2025-06-02,10000000.0,1430,9500000.0,1430,-502860.0
2025-05-30,45760,医薬品,71.1,127.0,120.6,SL(-5%),2025-06-03,10000000.0,1430,9496062.992125984,1430,-506797.0078740157
2025-05-30,70820,サービス業,65.2,982.0,1080.2,TP(+10%),2025-06-05,10000000.0,1430,11000000.0,1430,997140.0
2025-05-30,52420,情報･通信業,73.1,1604.0,1764.4,TP(+10%),2025-06-02,10000000.0,1430,11000000.0,1430,997140.0
2025-05-30,74090,輸送用機器,71.5,417.8333333333333,459.6,TP(+10%),2025-06-02,10000000.0,1430,10999601.116872758,1430,996741.1168727577
2025-05-30,56190,情報･通信業,64.0,986.0,1084.6,TP(+10%),2025-06-06,10000000.0,1430,10999999.999999998,1430,997139.9999999981
2025-05-30,92270,サービス業,65.5,512.0,486.4,SL(-5%),2025-06-03,10000000.0,1430,9500000.0,1430,-502860.0
2025-05-30,62220,機械,65.1,879.0,835.0,SL(-5%),2025-06-05,10000000.0,1430,9499431.17178612,1430,-503428.82821387984
2025-05-30,29380,食料品,68.0,933.3333333333333,1026.7,TP(+10%),2025-06-02,10000000.0,1430,11000357.142857144,1430,997497.1428571437
2025-05-30,39360,情報･通信業,75.4,169.0,185.9,TP(+10%),2025-06-03,10000000.0,1430,11000000.0,1430,997140.0
2025-04-28,60960,その他,71.2,400.0,380.0,SL(-5%),2025-06-09,10000000.0,1430,9500000.0,1430,-502860.0
2025-05-14,65630,サービス業,92.5,690.0,655.5,SL(-5%),2025-06-09,10000000.0,1430,9500000.0,1430,-502860.0
2025-05-14,34430,金属製品,68.6,1145.0,1259.5,TP(+10%),2025-06-09,10000000.0,1430,11000000.0,1430,997140.0
2025-05-15,147A0,情報･通信業,75.4,865.0,821.8,SL(-5%),2025-06-09,10000000.0,1430,9500578.03468208,1430,-502281.96531791985
2025-05-16,58910,小売業,68.6,1793.0,1972.3,TP(+10%),2025-06-09,10000000.0,1430,11000000.0,1430,997140.0
2025-05-23,130A0,医薬品,89.3,670.0,636.5,SL(-5%),2025-06-09,10000000.0,1430,9500000.0,1430,-502860.0
2025-05-27,74620,小売業,94.9,176.0,193.6,TP(+10%),2025-06-09,10000000.0,1430,10999999.999999998,1430,997139.9999999981
2025-05-30,26670,卸売業,61.7,242.0,229.9,SL(-5%),2025-06-09,10000000.0,1430,9500000.0,1430,-502860.0
2025-06-02,70780,サービス業,90.7,539.0,512.0,SL(-5%),2025-06-03,10000000.0,1430,9499072.356215214,1430,-503787.64378478564
2025-06-02,92350,サービス業,75.8,1605.0,1524.8,SL(-5%),2025-06-03,10000000.0,1430,9500311.52647975,1430,-502548.4735202491
2025-06-02,74090,輸送用機器,75.9,447.8333333333333,492.6,TP(+10%),2025-06-05,10000000.0,1430,10999627.837737253,1430,996767.8377372529
2025-06-02,70790,サービス業,64.3,3130.0,2973.5,SL(-5%),2025-06-04,10000000.0,1430,9500000.0,1430,-502860.0
2025-06-02,42880,情報･通信業,73.3,582.0,552.9,SL(-5%),2025-06-05,10000000.0,1430,9500000.0,1430,-502860.0
2025-06-02,65210,電気機器,71.0,1987.0,1887.6,SL(-5%),2025-06-03,10000000.0,1430,9499748.364368394,1430,-503111.635631606
2025-06-02,52460,情報･通信業,75.1,1030.0,1133.0,TP(+10%),2025-06-04,10000000.0,1430,11000000.0,1430,997140.0
2025-06-02,65730,サービス業,70.1,74.0,70.3,SL(-5%),2025-06-06,10000000.0,1430,9500000.0,1430,-502860.0
2025-06-02,76030,小売業,76.7,117.0,111.1,SL(-5%),2025-06-03,10000000.0,1430,9495726.495726496,1430,-507133.504273504
2025-06-02,21960,その他,77.0,248.0,235.6,SL(-5%),2025-06-03,10000000.0,1430,9500000.0,1430,-502860.0
2025-04-14,34440,金属製品,69.5,270.0,297.0,TP(+10%),2025-06-10,10000000.0,1430,11000000.0,1430,997140.0
2025-05-08,17230,建設業,72.7,958.75,1054.6,TP(+10%),2025-06-10,10000000.0,1430,10999739.243807038,1430,996879.2438070383
2025-05-14,47610,情報･通信業,77.5,1286.0,1414.6,TP(+10%),2025-06-10,10000000.0,1430,10999999.999999998,1430,997139.9999999981
2025-06-02,72730,輸送用機器,72.8,456.0,501.6,TP(+10%),2025-06-10,10000000.0,1430,11000000.0,1430,997140.0
2025-06-03,60540,サービス業,90.6,158.0,150.1,SL(-5%),2025-06-10,10000000.0,1430,9500000.0,1430,-502860.0
2025-06-03,198A0,情報･通信業,81.3,749.0,823.9,TP(+10%),2025-06-05,10000000.0,1430,10999999.999999998,1430,997139.9999999981
2025-06-03,70620,サービス業,72.2,754.0,829.4,TP(+10%),2025-06-04,10000000.0,1430,10999999.999999998,1430,997139.9999999981
2025-06-03,45830,医薬品,72.5,150.0,142.5,SL(-5%),2025-06-06,10000000.0,1430,9500000.0,1430,-502860.0
2025-06-03,44220,情報･通信業,73.1,218.33333333333331,207.4,SL(-5%),2025-06-06,10000000.0,1430,9499236.641221374,1430,-503623.3587786257
2025-06-03,60480,その他,70.2,109.0,103.5,SL(-5%),2025-06-05,10000000.0,1430,9495412.844036696,1430,-507447.1559633035
2025-06-03,49350,化学,86.9,410.0,389.5,SL(-5%),2025-06-04,10000000.0,1430,9500000.0,1430,-502860.0
2025-06-03,66590,電気機器,76.5,48.0,45.6,SL(-5%),2025-06-09,10000000.0,1430,9500000.0,1430,-502860.0
2025-06-03,36280,情報･通信業,78.0,527.0,500.6,SL(-5%),2025-06-04,10000000.0,1430,9499051.233396584,1430,-503808.76660341583
2025-06-03,65520,サービス業,62.9,213.0,202.3,SL(-5%),2025-06-06,10000000.0,1430,9497652.582159625,1430,-505207.41784037463
2025-06-03,260A0,その他,85.2,111.0,105.4,SL(-5%),2025-06-04,10000000.0,1430,9495495.495495496,1430,-507364.5045045037
2025-06-03,26670,卸売業,63.9,255.0,242.2,SL(-5%),2025-06-06,10000000.0,1430,9498039.215686273,1430,-504820.78431372717
2025-06-03,33500,卸売業,82.5,1345.0,1277.8,SL(-5%),2025-06-05,10000000.0,1430,9500371.747211896,1430,-502488.2527881041
2025-06-03,62280,機械,77.6,955.0,907.2,SL(-5%),2025-06-04,10000000.0,1430,9499476.439790577,1430,-503383.5602094233
2025-06-03,143A0,サービス業,65.7,989.0,1087.9,TP(+10%),2025-06-04,10000000.0,1430,11000000.0,1430,997140.0
2025-06-03,93990,情報･通信業,84.0,44.1,41.9,SL(-5%),2025-06-04,10000000.0,1430,9501133.786848072,1430,-501726.21315192804
2025-04-16,55270,不動産業,97.4,346.66666666666663,381.3,TP(+10%),2025-06-11,10000000.0,1430,10999038.461538464,1430,996178.4615384638
2025-04-16,44390,情報･通信業,67.2,957.0,1052.7,TP(+10%),2025-06-11,10000000.0,1430,11000000.0,1430,997140.0
2025-05-16,146A0,不動産業,71.4,2235.0,2458.5,TP(+10%),2025-06-11,10000000.0,1430,11000000.0,1430,997140.0
2025-05-20,36240,情報･通信業,92.3,92.0,101.2,TP(+10%),2025-06-11,10000000.0,1430,11000000.0,1430,997140.0
2025-05-28,79460,その他製品,90.8,281.8,267.7,SL(-5%),2025-06-11,10000000.0,1430,9499645.138396025,1430,-503214.8616039753
2025-06-02,29780,不動産業,71.0,748.0,710.6,SL(-5%),2025-06-11,10000000.0,1430,9500000.0,1430,-502860.0
2025-06-03,65260,電気機器,71.5,2230.5,2453.6,TP(+10%),2025-06-11,10000000.0,1430,11000224.164985428,1430,997364.1649854276
2025-06-04,39860,情報･通信業,97.6,497.66666666666663,472.8,SL(-5%),2025-06-13,10000000.0,1430,9500334.896182185,1430,-502525.10381781496
2025-06-04,39040,情報･通信業,87.5,472.0,448.4,SL(-5%),2025-06-05,10000000.0,1430,9500000.0,1430,-502860.0
2025-06-04,184A0,情報･通信業,93.9,615.0,676.5,TP(+10%),2025-06-05,10000000.0,1430,11000000.0,1430,997140.0
2025-06-04,45820,医薬品,95.3,183.0,173.8,SL(-5%),2025-06-05,10000000.0,1430,9497267.759562843,1430,-505592.24043715745
2025-06-04,70620,サービス業,87.0,777.0,738.1,SL(-5%),2025-06-05,10000000.0,1430,9499356.499356499,1430,-503503.50064350106
2025-06-04,61820,サービス業,77.1,582.0,552.9,SL(-5%),2025-06-06,10000000.0,1430,9500000.0,1430,-502860.0
2025-06-04,55770,その他,78.5,670.0,636.5,SL(-5%),2025-06-05,10000000.0,1430,9500000.0,1430,-502860.0
2025-06-04,65520,サービス業,69.3,212.0,201.4,SL(-5%),2025-06-06,10000000.0,1430,9500000.0,1430,-502860.0
2025-06-04,41990,情報･通信業,74.1,1146.0,1088.7,SL(-5%),2025-06-05,10000000.0,1430,9500000.0,1430,-502860.0
2025-06-04,95650,サービス業,70.2,1139.0,1082.0,SL(-5%),2025-06-05,10000000.0,1430,9499561.018437225,1430,-503298.9815627746
2025-06-04,260A0,その他,77.7,101.0,111.1,TP(+10%),2025-06-05,10000000.0,1430,10999999.999999998,1430,997139.9999999981
2025-06-04,37410,情報･通信業,66.6,2775.0,2636.2,SL(-5%),2025-06-06,10000000.0,1430,9499819.81981982,1430,-503040.1801801808
2025-06-04,36280,情報･通信業,66.2,523.0,496.8,SL(-5%),2025-06-06,10000000.0,1430,9499043.977055449,1430,-503816.02294455096
2025-06-04,29620,金属製品,79.4,303.0,333.3,TP(+10%),2025-06-05,10000000.0,1430,11000000.0,1430,997140.0
2025-06-04,91590,サービス業,72.3,1653.0,1570.3,SL(-5%),2025-06-06,10000000.0,1430,9499697.519661222,1430,-503162.48033877835
2025-06-04,65210,電気機器,64.7,2032.0,2235.2,TP(+10%),2025-06-11,10000000.0,1430,10999999.999999998,1430,997139.9999999981
2025-04-16,21640,サービス業,99.0,64.54091816367266,71.0,TP(+10%),2025-06-12,10000000.0,1430,11000773.156022886,1430,997913.1560228858
2025-04-21,55750,情報･通信業,92.4,824.0,906.4,TP(+10%),2025-06-12,10000000.0,1430,11000000.0,1430,997140.0
2025-04-24,77810,精密機器,70.5,487.5,536.2,TP(+10%),2025-06-12,10000000.0,1430,10998974.35897436,1430,996114.3589743599
2025-05-12,69650,電気機器,66.2,1454.0,1599.4,TP(+10%),2025-06-12,10000000.0,1430,11000000.0,1430,997140.0
2025-05-14,56020,鉄鋼,97.8,1060.0,1166.0,TP(+10%),2025-06-12,10000000.0,1430,11000000.0,1430,997140.0
2025-05-14,38100,情報･通信業,66.1,285.0,313.5,TP(+10%),2025-06-12,10000000.0,1430,11000000.0,1430,997140.0
2025-05-23,36670,情報･通信業,93.1,98.0,107.8,TP(+10%),2025-06-12,10000000.0,1430,11000000.0,1430,997140.0
2025-05-23,70460,サービス業,63.1,1365.0,1501.5,TP(+10%),2025-06-12,10000000.0,1430,11000000.0,1430,997140.0
2025-06-05,36340,情報･通信業,91.4,639.0,607.0,SL(-5%),2025-06-06,10000000.0,1430,9499217.52738654,1430,-503642.47261345945
2025-06-05,32370,不動産業,89.4,75.0,71.2,SL(-5%),2025-06-06,10000000.0,1430,9493333.333333334,1430,-509526.66666666605
2025-06-05,17730,建設業,78.1,65.0,61.8,SL(-5%),2025-06-06,10000000.0,1430,9507692.307692306,1430,-495167.6923076939
2025-06-05,29620,金属製品,88.2,313.0,344.3,TP(+10%),2025-06-06,10000000.0,1430,11000000.0,1430,997140.0
2025-06-05,37760,情報･通信業,72.1,156.0,148.2,SL(-5%),2025-06-09,10000000.0,1430,9500000.0,1430,-502860.0
2025-06-05,77760,精密機器,75.4,539.0,512.0,SL(-5%),2025-06-10,10000000.0,1430,9499072.356215214,1430,-503787.64378478564
2025-06-05,66960,電気機器,75.2,541.0,513.9,SL(-5%),2025-06-06,10000000.0,1430,9499075.785582256,1430,-503784.2144177444
2025-06-05,55770,その他,75.2,636.0,604.2,SL(-5%),2025-06-09,10000000.0,1430,9500000.0,1430,-502860.0
2025-06-05,260A0,その他,87.3,99.0,94.0,SL(-5%),2025-06-06,10000000.0,1430,9494949.494949495,1430,-507910.5050505046
2025-06-05,74090,輸送用機器,75.7,480.16666666666663,528.2,TP(+10%),2025-06-12,10000000.0,1430,11000347.1017008,1430,997487.1017007995
2025-06-05,61820,サービス業,65.0,561.0,532.9,SL(-5%),2025-06-09,10000000.0,1430,9499108.734402852,1430,-503751.26559714787
2025-06-05,198A0,情報･通信業,73.4,811.0,770.4,SL(-5%),2025-06-06,10000000.0,1430,9499383.477188656,1430,-503476.5228113439
2025-06-05,70620,サービス業,69.1,721.0,793.1,TP(+10%),2025-06-09,10000000.0,1430,11000000.0,1430,997140.0
2025-06-05,184A0,情報･通信業,74.0,715.0,786.5,TP(+10%),2025-06-06,10000000.0,1430,11000000.0,1430,997140.0
2025-04-25,70930,サービス業,83.2,554.0,609.4,TP(+10%),2025-06-13,10000000.0,1430,10999999.999999998,1430,997139.9999999981
2025-05-15,21560,サービス業,88.4,342.0,376.2,TP(+10%),2025-06-13,10000000.0,1430,10999999.999999998,1430,997139.9999999981
2025-05-16,49720,化学,70.0,1543.0,1465.8,SL(-5%),2025-06-13,10000000.0,1430,9499675.955930006,1430,-503184.04406999424
2025-05-16,39160,情報･通信業,66.2,1255.0,1192.2,SL(-5%),2025-06-13,10000000.0,1430,9499601.593625499,1430,-503258.40637450106
2025-05-23,324A0,サービス業,65.3,1472.0,1398.4,SL(-5%),2025-06-13,10000000.0,1430,9500000.0,1430,-502860.0
2025-05-28,44450,情報･通信業,67.5,1540.0,1463.0,SL(-5%),2025-06-13,10000000.0,1430,9500000.0,1430,-502860.0
2025-05-29,31100,ガラス･土石製品,70.0,1018.0,967.1,SL(-5%),2025-06-13,10000000.0,1430,9500000.0,1430,-502860.0
2025-05-29,62270,機械,76.3,987.0,937.6,SL(-5%),2025-06-13,10000000.0,1430,9499493.41438703,1430,-503366.5856129695
2025-06-03,41790,情報･通信業,70.8,331.0,314.4,SL(-5%),2025-06-13,10000000.0,1430,9498489.425981872,1430,-504370.5740181282
2025-06-03,76030,小売業,84.3,113.0,124.3,TP(+10%),2025-06-13,10000000.0,1430,11000000.0,1430,997140.0
2025-06-04,17110,建設業,67.7,256.0,243.2,SL(-5%),2025-06-13,10000000.0,1430,9500000.0,1430,-502860.0
2025-06-05,48130,情報･通信業,67.7,857.0,814.1,SL(-5%),2025-06-13,10000000.0,1430,9499416.569428239,1430,-503443.430571761
2025-06-05,94380,情報･通信業,62.4,880.0,836.0,SL(-5%),2025-06-13,10000000.0,1430,9500000.0,1430,-502860.0
2025-06-06,184A0,情報･通信業,91.2,810.0,891.0,TP(+10%),2025-06-09,10000000.0,1430,11000000.0,1430,997140.0
2025-06-06,32370,不動産業,74.2,69.0,65.5,SL(-5%),2025-06-09,10000000.0,1430,9492753.623188406,1430,-510106.3768115938
2025-06-06,80060,卸売業,77.0,1100.0,1045.0,SL(-5%),2025-06-12,10000000.0,1430,9500000.0,1430,-502860.0
2025-06-06,92350,サービス業,76.1,1701.0,1871.1,TP(+10%),2025-06-09,10000000.0,1430,10999999.999999998,1430,997139.9999999981
2025-06-06,52460,情報･通信業,77.2,1114.0,1225.4,TP(+10%),2025-06-09,10000000.0,1430,11000000.0,1430,997140.0
2025-06-06,76850,卸売業,68.4,1397.5,1537.3,TP(+10%),2025-06-13,10000000.0,1430,11000357.78175313,1430,997497.7817531303
2025-06-06,50260,情報･通信業,65.9,960.0,1056.0,TP(+10%),2025-06-12,10000000.0,1430,11000000.0,1430,997140.0
2025-06-06,27000,卸売業,79.4,2854.0,2711.3,SL(-5%),2025-06-10,10000000.0,1430,9500000.0,1430,-502860.0
2025-06-06,29620,金属製品,77.8,317.0,301.1,SL(-5%),2025-06-09,10000000.0,1430,9498422.712933755,1430,-504437.28706624545
2025-06-06,285A0,電気機器,63.2,2165.0,2056.8,SL(-5%),2025-06-13,10000000.0,1430,9500230.946882218,1430,-502629.0531177819
2025-04-16,44460,情報･通信業,64.9,382.0,362.9,SL(-5%),2025-06-16,10000000.0,1430,9500000.0,1430,-502860.0
2025-04-17,87460,証券･商品先物取引業,70.7,273.0,300.3,TP(+10%),2025-06-16,10000000.0,1430,11000000.0,1430,997140.0
2025-04-21,76790,小売業,64.4,2008.0,2208.8,TP(+10%),2025-06-16,10000000.0,1430,11000000.0,1430,997140.0
2025-05-08,43960,情報･通信業,74.3,1159.0,1274.9,TP(+10%),2025-06-16,10000000.0,1430,11000000.0,1430,997140.0
2025-06-05,95650,サービス業,82.6,1014.0,963.3,SL(-5%),2025-06-16,10000000.0,1430,9500000.0,1430,-502860.0
2025-06-06,36560,情報･通信業,73.2,107.0,117.7,TP(+10%),2025-06-16,10000000.0,1430,11000000.0,1430,997140.0
2025-06-06,92790,小売業,64.6,1882.5,1788.4,SL(-5%),2025-06-16,10000000.0,1430,9500132.802124834,1430,-502727.1978751663
2025-06-09,48830,医薬品,91.6,106.0,116.6,TP(+10%),2025-06-10,10000000.0,1430,10999999.999999998,1430,997139.9999999981
2025-06-09,288A0,サービス業,92.7,179.0,196.9,TP(+10%),2025-06-10,10000000.0,1430,11000000.0,1430,997140.0
2025-06-09,74620,小売業,77.1,209.5,199.0,SL(-5%),2025-06-10,10000000.0,1430,9498806.682577565,1430,-504053.3174224347
2025-06-09,56190,情報･通信業,86.5,1046.0,993.7,SL(-5%),2025-06-11,10000000.0,1430,9500000.0,1430,-502860.0
2025-06-09,32370,不動産業,72.6,63.0,59.8,SL(-5%),2025-06-10,10000000.0,1430,9492063.492063493,1430,-510796.50793650746
2025-06-09,184A0,情報･通信業,75.6,863.0,819.8,SL(-5%),2025-06-10,10000000.0,1430,9499420.625724217,1430,-503439.3742757831
2025-06-09,52460,情報･通信業,75.7,1268.0,1394.8,TP(+10%),2025-06-11,10000000.0,1430,10999999.999999998,1430,997139.9999999981
2025-06-09,88940,不動産業,72.9,62.0,58.9,SL(-5%),2025-06-13,10000000.0,1430,9500000.0,1430,-502860.0
2025-06-09,62540,機械,65.1,2439.0,2317.0,SL(-5%),2025-06-16,10000000.0,1430,9499794.99794998,1430,-503065.0020500198
2025-04-28,27620,小売業,74.9,91.0,100.1,TP(+10%),2025-06-17,10000000.0,1430,10999999.999999998,1430,997139.9999999981
2025-05-07,41070,化学,83.7,2473.0,2720.3,TP(+10%),2025-06-17,10000000.0,1430,11000000.0,1430,997140.0
2025-05-23,254A0,証券･商品先物取引業,64.5,1212.0,1333.2,TP(+10%),2025-06-17,10000000.0,1430,11000000.0,1430,997140.0
2025-06-04,38040,情報･通信業,81.5,633.3333333333333,696.7,TP(+10%),2025-06-17,10000000.0,1430,11000526.315789476,1430,997666.315789476
2025-06-05,57070,非鉄金属,62.9,694.0,763.4,TP(+10%),2025-06-17,10000000.0,1430,10999999.999999998,1430,997139.9999999981
2025-06-05,34460,金属製品,62.6,1160.0,1276.0,TP(+10%),2025-06-17,10000000.0,1430,11000000.0,1430,997140.0
2025-06-06,66960,電気機器,65.0,513.0,564.3,TP(+10%),2025-06-17,10000000.0,1430,10999999.999999998,1430,997139.9999999981
2025-06-10,288A0,サービス業,92.0,222.0,244.2,TP(+10%),2025-06-11,10000000.0,1430,10999999.999999998,1430,997139.9999999981
2025-06-10,93480,サービス業,90.8,655.0,622.2,SL(-5%),2025-06-11,10000000.0,1430,9499236.641221374,1430,-503623.3587786257
2025-06-10,48830,医薬品,87.4,97.0,92.1,SL(-5%),2025-06-11,10000000.0,1430,9494845.360824741,1430,-508014.6391752586
2025-06-10,278A0,精密機器,78.6,6240.0,6864.0,TP(+10%),2025-06-11,10000000.0,1430,11000000.0,1430,997140.0
2025-06-10,184A0,情報･通信業,77.2,800.0,760.0,SL(-5%),2025-06-11,10000000.0,1430,9500000.0,1430,-502860.0
2025-06-10,45820,医薬品,74.0,183.0,173.8,SL(-5%),2025-06-13,10000000.0,1430,9497267.759562843,1430,-505592.24043715745
2025-06-10,67210,電気機器,68.0,113.0,107.3,SL(-5%),2025-06-16,10000000.0,1430,9495575.221238937,1430,-507284.7787610628
2025-04-21,32660,不動産業,85.4,78.0,85.8,TP(+10%),2025-06-18,10000000.0,1430,10999999.999999998,1430,997139.9999999981
2025-04-22,23750,サービス業,82.0,224.0,246.4,TP(+10%),2025-06-18,10000000.0,1430,11000000.0,1430,997140.0
2025-04-22,40200,情報･通信業,65.1,559.0,614.9,TP(+10%),2025-06-18,10000000.0,1430,10999999.999999998,1430,997139.9999999981
2025-05-09,47720,情報･通信業,85.3,103.0,113.3,TP(+10%),2025-06-18,10000000.0,1430,11000000.0,1430,997140.0
2025-05-12,93040,倉庫･運輸関連業,89.2,922.5,1014.8,TP(+10%),2025-06-18,10000000.0,1430,11000542.005420053,1430,997682.0054200534
2025-05-12,42700,情報･通信業,72.6,2468.0,2714.8,TP(+10%),2025-06-18,10000000.0,1430,11000000.0,1430,997140.0
2025-05-14,39640,情報･通信業,79.6,728.0,800.8,TP(+10%),2025-06-18,10000000.0,1430,10999999.999999998,1430,997139.9999999981
2025-05-15,96840,情報･通信業,67.2,2954.0,3249.4,TP(+10%),2025-06-18,10000000.0,1430,11000000.0,1430,997140.0
2025-05-16,157A0,サービス業,71.1,505.0,555.5,TP(+10%),2025-06-18,10000000.0,1430,11000000.0,1430,997140.0
2025-05-19,92360,サービス業,87.1,1368.0,1504.8,TP(+10%),2025-06-18,10000000.0,1430,10999999.999999998,1430,997139.9999999981
2025-06-03,44880,情報･通信業,65.0,2981.0,3279.1,TP(+10%),2025-06-18,10000000.0,1430,10999999.999999998,1430,997139.9999999981
2025-06-03,37910,情報･通信業,63.2,1777.0,1954.7,TP(+10%),2025-06-18,10000000.0,1430,11000000.0,1430,997140.0
2025-06-04,45770,医薬品,74.2,1066.0,1012.7,SL(-5%),2025-06-18,10000000.0,1430,9500000.0,1430,-502860.0
2025-06-06,17730,建設業,72.2,68.0,74.8,TP(+10%),2025-06-18,10000000.0,1430,10999999.999999998,1430,997139.9999999981
2025-06-10,92270,サービス業,69.1,559.0,614.9,TP(+10%),2025-06-18,10000000.0,1430,10999999.999999998,1430,997139.9999999981
2025-06-11,37440,情報･通信業,90.8,418.0,397.1,SL(-5%),2025-06-12,10000000.0,1430,9500000.0,1430,-502860.0
2025-06-11,52550,情報･通信業,96.7,110.0,121.0,TP(+10%),2025-06-12,10000000.0,1430,11000000.0,1430,997140.0
2025-06-11,288A0,サービス業,88.4,250.0,275.0,TP(+10%),2025-06-12,10000000.0,1430,11000000.0,1430,997140.0
2025-06-11,65770,サービス業,88.7,2469.0,2345.5,SL(-5%),2025-06-12,10000000.0,1430,9499797.488861887,1430,-503062.5111381132
2025-06-11,36240,情報･通信業,82.9,107.0,117.7,TP(+10%),2025-06-12,10000000.0,1430,11000000.0,1430,997140.0
2025-06-11,269A0,情報･通信業,78.7,3320.0,3154.0,SL(-5%),2025-06-13,10000000.0,1430,9500000.0,1430,-502860.0
2025-06-11,25010,食料品,73.3,1530.0,1453.5,SL(-5%),2025-06-16,10000000.0,1430,9500000.0,1430,-502860.0
2025-06-11,87980,保険業,81.1,324.0,356.4,TP(+10%),2025-06-18,10000000.0,1430,10999999.999999998,1430,997139.9999999981
2025-06-11,278A0,精密機器,74.7,6140.0,5833.0,SL(-5%),2025-06-16,10000000.0,1430,9500000.0,1430,-502860.0
2025-06-11,93990,情報･通信業,87.4,52.6,57.9,TP(+10%),2025-06-12,10000000.0,1430,11007604.562737644,1430,1004744.5627376437
2025-06-11,68710,電気機器,66.3,4595.0,4365.2,SL(-5%),2025-06-13,10000000.0,1430,9499891.186071817,1430,-502968.81392818317
2025-06-11,38400,情報･通信業,64.1,101.0,111.1,TP(+10%),2025-06-18,10000000.0,1430,10999999.999999998,1430,997139.9999999981
2025-06-11,34360,金属製品,67.8,1094.0,1039.3,SL(-5%),2025-06-13,10000000.0,1430,9500000.0,1430,-502860.0
2025-06-11,36720,情報･通信業,71.1,76.0,72.2,SL(-5%),2025-06-16,10000000.0,1430,9500000.0,1430,-502860.0
2025-06-11,45830,医薬品,65.1,165.0,156.8,SL(-5%),2025-06-13,10000000.0,1430,9503030.303030305,1430,-499829.6969696954
2025-04-17,71120,小売業,85.9,440.0,484.0,TP(+10%),2025-06-19,10000000.0,1430,11000000.0,1430,997140.0
2025-04-24,34400,金属製品,86.2,851.0,936.1,TP(+10%),2025-06-19,10000000.0,1430,11000000.0,1430,997140.0
2025-05-07,49370,化学,67.5,1040.0,988.0,SL(-5%),2025-06-19,10000000.0,1430,9500000.0,1430,-502860.0
2025-05-15,62730,機械,63.8,53360.0,50692.0,SL(-5%),2025-06-19,10000000.0,1430,9500000.0,1430,-502860.0
2025-05-16,25860,食料品,65.3,155.0,170.5,TP(+10%),2025-06-19,10000000.0,1430,11000000.0,1430,997140.0
2025-05-27,82090,その他,78.7,368.0,349.6,SL(-5%),2025-06-19,10000000.0,1430,9500000.0,1430,-502860.0
2025-06-04,92370,サービス業,91.2,945.0,1039.5,TP(+10%),2025-06-19,10000000.0,1430,11000000.0,1430,997140.0
2025-06-10,40110,情報･通信業,68.3,3515.0,3866.5,TP(+10%),2025-06-19,10000000.0,1430,11000000.0,1430,997140.0
2025-06-12,38410,情報･通信業,94.4,1526.0,1678.6,TP(+10%),2025-06-13,10000000.0,1430,10999999.999999998,1430,997139.9999999981
2025-06-12,52550,情報･通信業,96.1,122.0,134.2,TP(+10%),2025-06-13,10000000.0,1430,10999999.999999998,1430,997139.9999999981
2025-06-12,61820,サービス業,87.0,672.0,638.4,SL(-5%),2025-06-16,10000000.0,1430,9500000.0,1430,-502860.0
2025-06-12,70960,サービス業,76.0,1123.0,1066.8,SL(-5%),2025-06-13,10000000.0,1430,9499554.764024934,1430,-503305.2359750662
2025-06-12,36240,情報･通信業,84.1,102.0,112.2,TP(+10%),2025-06-13,10000000.0,1430,11000000.0,1430,997140.0
2025-06-12,288A0,サービス業,81.1,252.0,277.2,TP(+10%),2025-06-13,10000000.0,1430,10999999.999999998,1430,997139.9999999981
2025-06-12,23030,情報･通信業,69.0,1228.5,1167.1,SL(-5%),2025-06-17,10000000.0,1430,9500203.5002035,1430,-502656.49979650043
2025-06-12,37410,情報･通信業,73.1,2920.0,2774.0,SL(-5%),2025-06-19,10000000.0,1430,9500000.0,1430,-502860.0
2025-06-12,66140,電気機器,71.2,1020.0,969.0,SL(-5%),2025-06-18,10000000.0,1430,9500000.0,1430,-502860.0
2025-06-12,130A0,医薬品,70.8,703.0,667.9,SL(-5%),2025-06-17,10000000.0,1430,9500711.237553341,1430,-502148.7624466587
2025-06-12,91660,サービス業,75.3,817.0,776.1,SL(-5%),2025-06-16,10000000.0,1430,9499388.00489596,1430,-503471.9951040391
2025-06-12,56160,情報･通信業,65.5,1218.0,1339.8,TP(+10%),2025-06-13,10000000.0,1430,10999999.999999998,1430,997139.9999999981
2025-06-12,36720,情報･通信業,67.8,76.0,72.2,SL(-5%),2025-06-16,10000000.0,1430,9500000.0,1430,-502860.0
2025-05-07,46900,その他,66.7,1725.0,1897.5,TP(+10%),2025-06-20,10000000.0,1430,11000000.0,1430,997140.0
2025-05-12,61730,その他,77.8,326.0,309.7,SL(-5%),2025-06-20,10000000.0,1430,9500000.0,1430,-502860.0
2025-05-16,70590,サービス業,75.9,1010.0,1111.0,TP(+10%),2025-06-20,10000000.0,1430,11000000.0,1430,997140.0
2025-05-19,60220,機械,80.4,1784.0,1962.4,TP(+10%),2025-06-20,10000000.0,1430,11000000.0,1430,997140.0
2025-06-06,91590,サービス業,70.2,1561.0,1717.1,TP(+10%),2025-06-20,10000000.0,1430,10999999.999999998,1430,997139.9999999981
2025-06-10,74090,輸送用機器,71.1,505.8333333333333,480.5,SL(-5%),2025-06-20,10000000.0,1430,9499176.276771005,1430,-503683.72322899476
2025-06-13,38410,情報･通信業,94.2,1571.0,1492.4,SL(-5%),2025-06-16,10000000.0,1430,9499681.731381286,1430,-503178.26861871406
2025-06-13,324A0,サービス業,74.0,1247.0,1184.6,SL(-5%),2025-06-16,10000000.0,1430,9499599.037690455,1430,-503260.9623095449
2025-06-13,52550,情報･通信業,87.8,145.0,159.5,TP(+10%),2025-06-16,10000000.0,1430,11000000.0,1430,997140.0
2025-06-13,61820,サービス業,74.2,682.0,647.9,SL(-5%),2025-06-16,10000000.0,1430,9500000.0,1430,-502860.0
2025-06-13,36240,情報･通信業,82.8,116.0,127.6,TP(+10%),2025-06-16,10000000.0,1430,10999999.999999998,1430,997139.9999999981
2025-06-13,44450,情報･通信業,75.5,1410.0,1551.0,TP(+10%),2025-06-16,10000000.0,1430,11000000.0,1430,997140.0
2025-06-13,95560,サービス業,84.3,2705.0,2975.5,TP(+10%),2025-06-17,10000000.0,1430,11000000.0,1430,997140.0
2025-06-13,29780,不動産業,68.9,758.0,720.1,SL(-5%),2025-06-16,10000000.0,1430,9500000.0,1430,-502860.0
2025-06-13,66190,電気機器,67.0,252.0,239.4,SL(-5%),2025-06-18,10000000.0,1430,9500000.0,1430,-502860.0
2025-06-13,14910,非鉄金属,76.6,1040.0,988.0,SL(-5%),2025-06-19,10000000.0,1430,9500000.0,1430,-502860.0
2025-06-13,29980,不動産業,80.1,1082.0,1190.2,TP(+10%),2025-06-17,10000000.0,1430,11000000.0,1430,997140.0
2025-06-13,52460,情報･通信業,70.6,1379.0,1310.0,SL(-5%),2025-06-19,10000000.0,1430,9499637.418419145,1430,-503222.58158085495
2025-06-13,63870,機械,63.6,2621.0,2883.1,TP(+10%),2025-06-20,10000000.0,1430,10999999.999999998,1430,997139.9999999981
2025-06-13,17570,その他,66.1,20.0,19.0,SL(-5%),2025-06-16,10000000.0,1430,9500000.0,1430,-502860.0
2025-06-13,40540,情報･通信業,66.6,729.0,692.5,SL(-5%),2025-06-17,10000000.0,1430,9499314.128943758,1430,-503545.8710562419
2025-04-16,69550,電気機器,77.2,365.0,346.8,SL(-5%),2025-06-23,10000000.0,1430,9501369.8630137,1430,-501490.13698630035
2025-05-09,72910,輸送用機器,73.9,352.0,334.4,SL(-5%),2025-06-23,10000000.0,1430,9500000.0,1430,-502860.0
2025-05-15,36230,情報･通信業,69.8,1050.0,997.5,SL(-5%),2025-06-23,10000000.0,1430,9500000.0,1430,-502860.0
2025-05-27,38780,化学,66.8,697.0,662.1,SL(-5%),2025-06-23,10000000.0,1430,9499282.639885223,1430,-503577.36011477746
2025-05-30,23230,情報･通信業,79.7,147.66666666666666,140.3,SL(-5%),2025-06-23,10000000.0,1430,9501128.668171559,1430,-501731.33182844147
2025-05-30,92290,サービス業,77.6,595.0,565.2,SL(-5%),2025-06-23,10000000.0,1430,9499159.663865548,1430,-503700.3361344524
2025-06-06,155A0,情報･通信業,62.1,516.0,490.2,SL(-5%),2025-06-23,10000000.0,1430,9500000.0,1430,-502860.0
2025-06-10,34980,不動産業,67.3,7095.0,6740.2,SL(-5%),2025-06-23,10000000.0,1430,9499929.527836505,1430,-502930.4721634947
2025-06-12,78590,その他製品,67.1,226.0,214.7,SL(-5%),2025-06-23,10000000.0,1430,9500000.0,1430,-502860.0
2025-06-12,31950,小売業,66.4,399.0,379.0,SL(-5%),2025-06-23,10000000.0,1430,9498746.86716792,1430,-504113.1328320801
2025-06-13,50170,その他,80.7,297.0,326.7,TP(+10%),2025-06-23,10000000.0,1430,10999999.999999998,1430,997139.9999999981
2025-06-13,20380,その他,78.8,1580.0,1738.0,TP(+10%),2025-06-23,10000000.0,1430,11000000.0,1430,997140.0
2025-06-16,49360,化学,81.5,490.0,465.5,SL(-5%),2025-06-17,10000000.0,1430,9500000.0,1430,-502860.0
2025-06-16,29780,不動産業,78.3,641.0,608.9,SL(-5%),2025-06-19,10000000.0,1430,9499219.968798751,1430,-503640.031201249
2025-06-16,43800,情報･通信業,78.9,705.0,669.8,SL(-5%),2025-06-17,10000000.0,1430,9500709.219858155,1430,-502150.78014184535
2025-06-16,27360,小売業,83.0,654.0,621.3,SL(-5%),2025-06-17,10000000.0,1430,9500000.0,1430,-502860.0
2025-06-16,194A0,サービス業,76.5,786.0,746.7,SL(-5%),2025-06-17,10000000.0,1430,9500000.0,1430,-502860.0
2025-06-16,36240,情報･通信業,84.2,145.0,159.5,TP(+10%),2025-06-17,10000000.0,1430,11000000.0,1430,997140.0
2025-06-16,67680,電気機器,78.9,490.0,465.5,SL(-5%),2025-06-20,10000000.0,1430,9500000.0,1430,-502860.0
2025-06-16,36640,情報･通信業,81.8,39.0,37.0,SL(-5%),2025-06-17,10000000.0,1430,9487179.487179486,1430,-515680.5128205139
2025-06-16,87460,証券･商品先物取引業,74.5,305.0,335.5,TP(+10%),2025-06-18,10000000.0,1430,11000000.0,1430,997140.0
2025-06-16,26950,小売業,71.9,1607.5,1768.3,TP(+10%),2025-06-23,10000000.0,1430,11000311.04199067,1430,997451.0419906694
2025-06-16,55770,その他,78.3,782.0,860.2,TP(+10%),2025-06-17,10000000.0,1430,11000000.0,1430,997140.0
2025-06-16,29830,不動産業,69.6,929.0,882.5,SL(-5%),2025-06-23,10000000.0,1430,9499461.7868676,1430,-503398.21313240007
2025-06-16,37980,情報･通信業,73.9,665.0,631.8,SL(-5%),2025-06-20,10000000.0,1430,9500751.879699247,1430,-502108.12030075304
2025-06-16,95560,サービス業,72.7,2895.0,3184.5,TP(+10%),2025-06-18,10000000.0,1430,11000000.0,1430,997140.0
2025-06-16,186A0,サービス業,66.0,744.0,706.8,SL(-5%),2025-06-19,10000000.0,1430,9500000.0,1430,-502860.0
2025-06-16,62080,機械,62.0,1486.0,1411.7,SL(-5%),2025-06-19,10000000.0,1430,9500000.0,1430,-502860.0
2025-06-16,26730,小売業,65.8,130.0,123.5,SL(-5%),2025-06-19,10000000.0,1430,9500000.0,1430,-502860.0
2025-06-16,44990,情報･通信業,80.5,2536.0,2789.6,TP(+10%),2025-06-18,10000000.0,1430,10999999.999999998,1430,997139.9999999981
2025-06-16,36670,情報･通信業,68.5,121.0,114.9,SL(-5%),2025-06-17,10000000.0,1430,9495867.768595042,1430,-506992.2314049583
2025-06-16,41790,情報･通信業,68.6,343.0,377.3,TP(+10%),2025-06-17,10000000.0,1430,11000000.0,1430,997140.0
2025-04-14,69010,その他,68.8,835.0,918.5,TP(+10%),2025-06-24,10000000.0,1430,11000000.0,1430,997140.0
2025-04-16,76250,小売業,76.1,338.0,371.8,TP(+10%),2025-06-24,10000000.0,1430,11000000.0,1430,997140.0
2025-04-21,39760,情報･通信業,91.1,366.0,347.7,SL(-5%),2025-06-24,10000000.0,1430,9500000.0,1430,-502860.0
2025-05-23,62760,電気機器,69.4,283.0,311.3,TP(+10%),2025-06-24,10000000.0,1430,11000000.0,1430,997140.0
2025-06-11,60860,サービス業,67.8,866.0,952.6,TP(+10%),2025-06-24,10000000.0,1430,11000000.0,1430,997140.0
2025-06-13,67720,電気機器,83.2,1870.0,1776.5,SL(-5%),2025-06-24,10000000.0,1430,9500000.0,1430,-502860.0
2025-06-13,318A0,その他,73.0,1040.0,988.0,SL(-5%),2025-06-24,10000000.0,1430,9500000.0,1430,-502860.0
2025-06-16,92370,サービス業,69.6,1008.5,1109.4,TP(+10%),2025-06-24,10000000.0,1430,11000495.785820525,1430,997635.7858205251
2025-06-17,55770,その他,92.7,932.0,885.4,SL(-5%),2025-06-18,10000000.0,1430,9500000.0,1430,-502860.0
2025-06-17,36720,情報･通信業,87.5,86.0,81.7,SL(-5%),2025-06-18,10000000.0,1430,9500000.0,1430,-502860.0
2025-06-17,37470,情報･通信業,85.9,468.0,514.8,TP(+10%),2025-06-18,10000000.0,1430,10999999.999999998,1430,997139.9999999981
2025-06-17,27430,その他,89.8,92.0,87.4,SL(-5%),2025-06-18,10000000.0,1430,9500000.0,1430,-502860.0
2025-06-17,96100,サービス業,83.0,151.0,143.4,SL(-5%),2025-06-18,10000000.0,1430,9496688.741721855,1430,-506171.2582781445
2025-06-17,37930,情報･通信業,73.7,576.0,547.2,SL(-5%),2025-06-20,10000000.0,1430,9500000.0,1430,-502860.0
2025-06-17,43800,情報･通信業,72.6,656.5,623.7,SL(-5%),2025-06-23,10000000.0,1430,9500380.807311501,1430,-502479.19268849865
2025-06-17,130A0,医薬品,72.4,676.0,642.2,SL(-5%),2025-06-19,10000000.0,1430,9500000.0,1430,-502860.0
2025-06-17,44990,情報･通信業,70.6,2607.0,2867.7,TP(+10%),2025-06-18,10000000.0,1430,10999999.999999998,1430,997139.9999999981
2025-06-17,45940,医薬品,69.9,44.0,41.8,SL(-5%),2025-06-18,10000000.0,1430,9500000.0,1430,-502860.0
2025-06-17,69610,電気機器,71.1,4075.0,4482.5,TP(+10%),2025-06-20,10000000.0,1430,11000000.0,1430,997140.0
2025-06-17,69180,電気機器,68.7,2168.0,2059.6,SL(-5%),2025-06-23,10000000.0,1430,9500000.0,1430,-502860.0
2025-06-17,23750,サービス業,70.9,243.0,230.8,SL(-5%),2025-06-23,10000000.0,1430,9497942.386831276,1430,-504917.6131687239
2025-06-17,66590,電気機器,80.6,59.0,56.0,SL(-5%),2025-06-18,10000000.0,1430,9491525.423728814,1430,-511334.57627118565
2025-06-17,48940,医薬品,61.5,6410.0,6089.5,SL(-5%),2025-06-19,10000000.0,1430,9500000.0,1430,-502860.0
2025-06-17,36640,情報･通信業,69.6,39.0,42.9,TP(+10%),2025-06-18,10000000.0,1430,10999999.999999998,1430,997139.9999999981
2025-04-14,21390,サービス業,74.5,401.0,441.1,TP(+10%),2025-06-25,10000000.0,1430,11000000.0,1430,997140.0
2025-05-16,68350,電気機器,65.5,159.0,174.9,TP(+10%),2025-06-25,10000000.0,1430,11000000.0,1430,997140.0
2025-05-29,35580,小売業,80.0,1298.0,1427.8,TP(+10%),2025-06-25,10000000.0,1430,10999999.999999998,1430,997139.9999999981
2025-05-30,43690,化学,70.5,2841.0,3125.1,TP(+10%),2025-06-25,10000000.0,1430,10999999.999999998,1430,997139.9999999981
2025-06-06,51310,情報･通信業,65.9,164.0,180.4,TP(+10%),2025-06-25,10000000.0,1430,11000000.0,1430,997140.0
2025-06-06,45640,医薬品,69.7,22.0,24.2,TP(+10%),2025-06-25,10000000.0,1430,10999999.999999998,1430,997139.9999999981
2025-06-10,32370,不動産業,84.7,68.0,74.8,TP(+10%),2025-06-25,10000000.0,1430,10999999.999999998,1430,997139.9999999981
2025-06-13,70960,サービス業,63.4,1056.0,1003.2,SL(-5%),2025-06-25,10000000.0,1430,9500000.0,1430,-502860.0
2025-06-17,45860,医薬品,76.7,66.0,72.6,TP(+10%),2025-06-25,10000000.0,1430,10999999.999999998,1430,997139.9999999981
2025-06-17,43810,情報･通信業,67.9,469.0,445.5,SL(-5%),2025-06-25,10000000.0,1430,9498933.901918977,1430,-503926.0980810225
2025-06-18,157A0,サービス業,88.4,557.0,529.1,SL(-5%),2025-06-19,10000000.0,1430,9499102.333931778,1430,-503757.6660682224
2025-06-18,45710,医薬品,85.5,149.0,163.9,TP(+10%),2025-06-19,10000000.0,1430,11000000.0,1430,997140.0
2025-06-18,36670,情報･通信業,96.0,136.0,129.2,SL(-5%),2025-06-19,10000000.0,1430,9500000.0,1430,-502860.0
2025-06-18,44990,情報･通信業,93.8,2793.0,2653.3,SL(-5%),2025-06-20,10000000.0,1430,9499820.98102399,1430,-503039.0189760104
2025-06-18,44880,情報･通信業,89.4,3625.0,3987.5,TP(+10%),2025-06-19,10000000.0,1430,11000000.0,1430,997140.0
2025-06-18,23420,サービス業,79.3,180.0,171.0,SL(-5%),2025-06-23,10000000.0,1430,9500000.0,1430,-502860.0
2025-06-18,37470,情報･通信業,79.8,500.0,475.0,SL(-5%),2025-06-19,10000000.0,1430,9500000.0,1430,-502860.0
2025-06-18,40520,情報･通信業,88.2,439.0,417.0,SL(-5%),2025-06-19,10000000.0,1430,9498861.04783599,1430,-503998.9521640092
2025-06-18,269A0,情報･通信業,87.3,3550.0,3372.5,SL(-5%),2025-06-20,10000000.0,1430,9500000.0,1430,-502860.0
2025-06-18,281A0,情報･通信業,80.7,716.0,680.2,SL(-5%),2025-06-20,10000000.0,1430,9500000.0,1430,-502860.0
2025-06-18,87980,保険業,89.8,371.0,408.1,TP(+10%),2025-06-19,10000000.0,1430,11000000.0,1430,997140.0
2025-06-18,60460,サービス業,72.3,126.0,119.7,SL(-5%),2025-06-23,10000000.0,1430,9500000.0,1430,-502860.0
2025-06-18,55770,その他,82.2,934.0,887.3,SL(-5%),2025-06-19,10000000.0,1430,9500000.0,1430,-502860.0
2025-06-18,23700,サービス業,70.7,34.0,32.3,SL(-5%),2025-06-19,10000000.0,1430,9500000.0,1430,-502860.0
2025-06-18,45940,医薬品,73.4,42.0,46.2,TP(+10%),2025-06-20,10000000.0,1430,11000000.0,1430,997140.0
2025-06-18,93990,情報･通信業,87.5,118.80000000000001,130.7,TP(+10%),2025-06-19,10000000.0,1430,11001683.5016835,1430,998823.5016834997
2025-06-18,254A0,証券･商品先物取引業,79.5,1376.0,1513.6,TP(+10%),2025-06-19,10000000.0,1430,10999999.999999998,1430,997139.9999999981
2025-06-18,290A0,情報･通信業,70.3,1000.0,950.0,SL(-5%),2025-06-20,10000000.0,1430,9500000.0,1430,-502860.0
2025-06-18,40110,情報･通信業,70.5,3730.0,4103.0,TP(+10%),2025-06-19,10000000.0,1430,11000000.0,1430,997140.0
2025-06-18,36720,情報･通信業,78.4,80.0,76.0,SL(-5%),2025-06-19,10000000.0,1430,9500000.0,1430,-502860.0
2025-06-18,21950,サービス業,70.0,337.0,370.7,TP(+10%),2025-06-19,10000000.0,1430,10999999.999999998,1430,997139.9999999981
2025-06-18,69200,電気機器,66.1,16150.0,17765.0,TP(+10%),2025-06-24,10000000.0,1430,11000000.0,1430,997140.0
2025-06-18,277A0,サービス業,68.7,2379.0,2260.0,SL(-5%),2025-06-20,10000000.0,1430,9499789.82765868,1430,-503070.17234132066
2025-06-18,27430,その他,77.4,82.0,77.9,SL(-5%),2025-06-19,10000000.0,1430,9500000.0,1430,-502860.0
2025-06-18,61770,サービス業,74.9,115.0,109.2,SL(-5%),2025-06-19,10000000.0,1430,9495652.173913045,1430,-507207.82608695515
2025-04-23,73570,サービス業,91.8,617.0,678.7,TP(+10%),2025-06-26,10000000.0,1430,11000000.0,1430,997140.0
2025-05-13,72360,輸送用機器,75.4,458.5,435.6,SL(-5%),2025-06-26,10000000.0,1430,9500545.256270448,1430,-502314.74372955225
2025-05-14,75520,卸売業,66.3,2605.0,2865.5,TP(+10%),2025-06-26,10000000.0,1430,11000000.0,1430,997140.0
2025-05-28,43160,情報･通信業,87.8,373.0,410.3,TP(+10%),2025-06-26,10000000.0,1430,11000000.0,1430,997140.0
2025-06-10,63230,機械,66.4,1776.0,1953.6,TP(+10%),2025-06-26,10000000.0,1430,10999999.999999998,1430,997139.9999999981
2025-06-11,33990,小売業,69.4,2995.0,2845.2,SL(-5%),2025-06-26,10000000.0,1430,9499833.055091819,1430,-503026.9449081812
2025-06-12,55750,情報･通信業,65.3,906.0,996.6,TP(+10%),2025-06-26,10000000.0,1430,11000000.0,1430,997140.0
2025-06-17,246A0,サービス業,71.2,790.0,750.5,SL(-5%),2025-06-26,10000000.0,1430,9500000.0,1430,-502860.0
2025-06-19,45740,医薬品,91.9,287.0,315.7,TP(+10%),2025-06-20,10000000.0,1430,10999999.999999998,1430,997139.9999999981
2025-06-19,304A0,情報･通信業,74.7,2338.0,2221.1,SL(-5%),2025-06-20,10000000.0,1430,9500000.0,1430,-502860.0
2025-06-19,40110,情報･通信業,72.8,3940.0,4334.0,TP(+10%),2025-06-20,10000000.0,1430,11000000.0,1430,997140.0
2025-06-19,281A0,情報･通信業,69.9,707.0,671.6,SL(-5%),2025-06-20,10000000.0,1430,9499292.7864215,1430,-503567.21357849985
2025-06-19,87460,証券･商品先物取引業,74.8,329.0,312.6,SL(-5%),2025-06-20,10000000.0,1430,9501519.756838907,1430,-501340.24316109344
2025-06-19,66590,電気機器,89.4,59.0,56.0,SL(-5%),2025-06-20,10000000.0,1430,9491525.423728814,1430,-511334.57627118565
2025-06-19,67210,電気機器,81.0,108.0,102.6,SL(-5%),2025-06-23,10000000.0,1430,9500000.0,1430,-502860.0
2025-06-19,244A0,情報･通信業,70.1,1926.0,1829.7,SL(-5%),2025-06-23,10000000.0,1430,9500000.0,1430,-502860.0
2025-06-19,44990,情報･通信業,76.6,2802.0,2661.9,SL(-5%),2025-06-20,10000000.0,1430,9500000.0,1430,-502860.0
2025-06-19,254A0,証券･商品先物取引業,75.7,1566.0,1487.7,SL(-5%),2025-06-20,10000000.0,1430,9500000.0,1430,-502860.0
2025-06-19,37470,情報･通信業,79.4,445.0,422.8,SL(-5%),2025-06-20,10000000.0,1430,9501123.595505618,1430,-501736.40449438244
2025-06-19,42880,情報･通信業,78.5,591.0,561.4,SL(-5%),2025-06-20,10000000.0,1430,9499153.976311337,1430,-503706.0236886628
2025-06-19,26730,小売業,75.9,133.0,126.3,SL(-5%),2025-06-20,10000000.0,1430,9496240.60150376,1430,-506619.3984962404
2025-06-19,73180,輸送用機器,81.6,797.5,757.6,SL(-5%),2025-06-20,10000000.0,1430,9499686.520376176,1430,-503173.47962382436
2025-06-19,21950,サービス業,72.3,379.0,360.1,SL(-5%),2025-06-23,10000000.0,1430,9501319.261213722,1430,-501540.7387862783
2025-06-19,269A0,情報･通信業,66.1,3450.0,3277.5,SL(-5%),2025-06-23,10000000.0,1430,9500000.0,1430,-502860.0
2025-06-19,247A0,化学,71.3,1290.0,1225.5,SL(-5%),2025-06-24,10000000.0,1430,9500000.0,1430,-502860.0
2025-06-19,77460,精密機器,63.2,155.0,147.2,SL(-5%),2025-06-23,10000000.0,1430,9496774.193548387,1430,-506085.8064516131
2025-06-19,87980,保険業,81.2,373.0,354.3,SL(-5%),2025-06-24,10000000.0,1430,9498659.517426273,1430,-504200.48257372715
2025-06-19,40520,情報･通信業,71.0,399.0,379.0,SL(-5%),2025-06-23,10000000.0,1430,9498746.86716792,1430,-504113.1328320801
2025-06-19,290A0,情報･通信業,63.7,955.0,1050.5,TP(+10%),2025-06-23,10000000.0,1430,11000000.0,1430,997140.0
2025-06-19,92270,サービス業,65.1,592.0,562.4,SL(-5%),2025-06-25,10000000.0,1430,9500000.0,1430,-502860.0
2025-06-19,91660,サービス業,71.2,932.0,885.4,SL(-5%),2025-06-25,10000000.0,1430,9500000.0,1430,-502860.0
2025-06-19,36560,情報･通信業,65.5,123.0,116.8,SL(-5%),2025-06-23,10000000.0,1430,9495934.959349593,1430,-506925.04065040685
2025-04-14,80110,繊維製品,68.6,900.6666666666666,990.7,TP(+10%),2025-06-27,10000000.0,1430,10999629.903774984,1430,996769.9037749842
2025-05-14,65680,サービス業,71.9,987.0,1085.7,TP(+10%),2025-06-27,10000000.0,1430,11000000.0,1430,997140.0
2025-05-16,65330,サービス業,77.3,781.0,741.9,SL(-5%),2025-06-27,10000000.0,1430,9499359.795134444,1430,-503500.2048655562
2025-05-22,264A0,サービス業,67.4,843.0,800.8,SL(-5%),2025-06-27,10000000.0,1430,9499406.880189799,1430,-503453.1198102012
2025-05-28,61660,機械,64.5,303.0,333.3,TP(+10%),2025-06-27,10000000.0,1430,11000000.0,1430,997140.0
2025-06-10,29340,食料品,68.7,1730.0,1903.0,TP(+10%),2025-06-27,10000000.0,1430,11000000.0,1430,997140.0
2025-06-18,62220,機械,68.6,839.0,922.9,TP(+10%),2025-06-27,10000000.0,1430,11000000.0,1430,997140.0
2025-06-20,45940,医薬品,90.9,48.0,52.8,TP(+10%),2025-06-23,10000000.0,1430,10999999.999999998,1430,997139.9999999981
2025-06-20,25860,食料品,87.5,195.0,214.5,TP(+10%),2025-06-24,10000000.0,1430,11000000.0,1430,997140.0
2025-06-20,248A0,情報･通信業,81.2,1500.0,1650.0,TP(+10%),2025-06-23,10000000.0,1430,11000000.0,1430,997140.0
2025-06-20,40110,情報･通信業,76.2,4030.0,3828.5,SL(-5%),2025-06-23,10000000.0,1430,9500000.0,1430,-502860.0
2025-06-20,91590,サービス業,71.8,1799.0,1709.0,SL(-5%),2025-06-24,10000000.0,1430,9499722.067815453,1430,-503137.9321845472
2025-06-20,71120,小売業,79.6,536.0,589.6,TP(+10%),2025-06-23,10000000.0,1430,11000000.0,1430,997140.0
2025-06-20,31030,繊維製品,69.7,159.0,174.9,TP(+10%),2025-06-25,10000000.0,1430,11000000.0,1430,997140.0
2025-06-20,37440,情報･通信業,65.9,424.0,402.8,SL(-5%),2025-06-23,10000000.0,1430,9500000.0,1430,-502860.0
2025-06-20,63150,機械,67.4,1751.0,1926.1,TP(+10%),2025-06-25,10000000.0,1430,10999999.999999998,1430,997139.9999999981
2025-06-20,55770,その他,78.1,973.0,1070.3,TP(+10%),2025-06-23,10000000.0,1430,10999999.999999998,1430,997139.9999999981
2025-06-20,290A0,情報･通信業,70.6,1007.0,1107.7,TP(+10%),2025-06-25,10000000.0,1430,11000000.0,1430,997140.0
2025-06-20,61820,サービス業,63.7,688.0,653.6,SL(-5%),2025-06-26,10000000.0,1430,9500000.0,1430,-502860.0
2025-06-20,55350,不動産業,68.3,920.0,1012.0,TP(+10%),2025-06-23,10000000.0,1430,11000000.0,1430,997140.0
2025-06-20,87460,証券･商品先物取引業,64.0,300.0,285.0,SL(-5%),2025-06-24,10000000.0,1430,9500000.0,1430,-502860.0
2025-06-20,65250,電気機器,62.6,3321.0,3154.9,SL(-5%),2025-06-23,10000000.0,1430,9499849.442938875,1430,-503010.5570611246
2025-06-20,37260,小売業,63.8,708.0,778.8,TP(+10%),2025-06-23,10000000.0,1430,10999999.999999998,1430,997139.9999999981
2025-04-25,19720,建設業,75.7,1170.0,1287.0,TP(+10%),2025-06-30,10000000.0,1430,11000000.0,1430,997140.0
2025-05-12,62580,機械,74.9,1826.0,2008.6,TP(+10%),2025-06-30,10000000.0,1430,10999999.999999998,1430,997139.9999999981
2025-05-13,80070,卸売業,71.7,685.5,754.1,TP(+10%),2025-06-30,10000000.0,1430,11000729.39460248,1430,997869.3946024794
2025-05-15,60390,サービス業,97.6,479.0,526.9,TP(+10%),2025-06-30,10000000.0,1430,10999999.999999998,1430,997139.9999999981
2025-05-16,46810,サービス業,67.0,1616.5,1778.2,TP(+10%),2025-06-30,10000000.0,1430,11000309.31023817,1430,997449.3102381695
2025-05-19,48900,医薬品,64.1,377.0,414.7,TP(+10%),2025-06-30,10000000.0,1430,10999999.999999998,1430,997139.9999999981
2025-05-26,63310,機械,70.3,1889.0,2077.9,TP(+10%),2025-06-30,10000000.0,1430,11000000.0,1430,997140.0
2025-06-13,70730,サービス業,94.5,2161.0,2377.1,TP(+10%),2025-06-30,10000000.0,1430,10999999.999999998,1430,997139.9999999981
2025-06-16,95010,電気･ガス業,64.9,424.7,467.2,TP(+10%),2025-06-30,10000000.0,1430,11000706.380974805,1430,997846.380974805
2025-06-20,92500,サービス業,84.3,1383.0,1313.8,SL(-5%),2025-07-01,10000000.0,1430,9499638.467100507,1430,-503221.53289949335
2025-06-20,63870,機械,65.8,2883.0,3171.3,TP(+10%),2025-06-30,10000000.0,1430,11000000.0,1430,997140.0
2025-06-23,95610,サービス業,86.5,873.0,829.3,SL(-5%),2025-06-25,10000000.0,1430,9499427.26231386,1430,-503432.73768614046
2025-06-23,55770,その他,83.4,1057.0,1004.1,SL(-5%),2025-06-24,10000000.0,1430,9499526.963103121,1430,-503333.03689687885
2025-06-23,45760,医薬品,77.3,121.0,133.1,TP(+10%),2025-06-30,10000000.0,1430,10999999.999999998,1430,997139.9999999981
2025-06-23,50170,その他,71.1,301.0,285.9,SL(-5%),2025-06-24,10000000.0,1430,9498338.870431893,1430,-504521.1295681074
2025-06-23,70630,サービス業,87.0,260.0,286.0,TP(+10%),2025-06-24,10000000.0,1430,11000000.0,1430,997140.0
2025-06-23,55350,不動産業,84.0,1012.0,961.4,SL(-5%),2025-06-24,10000000.0,1430,9500000.0,1430,-502860.0
2025-06-23,70740,サービス業,64.9,280.0,266.0,SL(-5%),2025-06-25,10000000.0,1430,9500000.0,1430,-502860.0
2025-06-23,31330,小売業,73.4,800.0,760.0,SL(-5%),2025-06-24,10000000.0,1430,9500000.0,1430,-502860.0
2025-06-23,40110,情報･通信業,63.4,3955.0,4350.5,TP(+10%),2025-06-30,10000000.0,1430,11000000.0,1430,997140.0
2025-06-23,31030,繊維製品,69.7,169.0,185.9,TP(+10%),2025-06-26,10000000.0,1430,11000000.0,1430,997140.0
2025-06-23,290A0,情報･通信業,68.5,1029.0,1131.9,TP(+10%),2025-06-25,10000000.0,1430,11000000.0,1430,997140.0
2025-06-23,27210,卸売業,70.6,195.0,185.2,SL(-5%),2025-06-24,10000000.0,1430,9497435.897435896,1430,-505424.1025641039
2025-05-16,34940,不動産業,69.9,361.0,397.1,TP(+10%),2025-07-01,10000000.0,1430,11000000.0,1430,997140.0
2025-06-06,77940,その他製品,74.1,591.0,561.4,SL(-5%),2025-07-01,10000000.0,1430,9499153.976311337,1430,-503706.0236886628
2025-06-13,21560,サービス業,95.1,380.0,361.0,SL(-5%),2025-07-01,10000000.0,1430,9500000.0,1430,-502860.0
2025-06-16,92790,小売業,74.4,1812.5,1721.9,SL(-5%),2025-07-01,10000000.0,1430,9500137.931034483,1430,-502722.068965517
2025-06-16,36530,情報･通信業,65.5,1115.0,1226.5,TP(+10%),2025-07-01,10000000.0,1430,11000000.0,1430,997140.0
2025-06-24,24590,サービス業,93.2,254.0,241.3,SL(-5%),2025-06-25,10000000.0,1430,9500000.0,1430,-502860.0
2025-06-24,52160,ガラス･土石製品,89.7,230.0,218.5,SL(-5%),2025-06-25,10000000.0,1430,9500000.0,1430,-502860.0
2025-06-24,59500,金属製品,97.3,195.0,185.2,SL(-5%),2025-06-27,10000000.0,1430,9497435.897435896,1430,-505424.1025641039
2025-06-24,45960,医薬品,82.6,49.0,46.5,SL(-5%),2025-06-25,10000000.0,1430,9489795.918367347,1430,-513064.08163265325
2025-06-24,87830,その他金融業,90.2,282.0,267.9,SL(-5%),2025-06-25,10000000.0,1430,9500000.0,1430,-502860.0
2025-06-24,66590,電気機器,92.0,74.0,81.4,TP(+10%),2025-06-25,10000000.0,1430,11000000.0,1430,997140.0
2025-06-24,70630,サービス業,85.8,299.0,284.1,SL(-5%),2025-07-01,10000000.0,1430,9501672.240802677,1430,-501187.75919732265
2025-06-24,48920,医薬品,69.0,796.0,756.2,SL(-5%),2025-06-25,10000000.0,1430,9500000.0,1430,-502860.0
2025-06-24,60850,サービス業,74.0,27.8,30.6,TP(+10%),2025-06-26,10000000.0,1430,11007194.244604317,1430,1004334.2446043175
2025-06-24,21950,サービス業,71.8,393.0,432.3,TP(+10%),2025-06-26,10000000.0,1430,11000000.0,1430,997140.0
2025-06-24,31330,小売業,67.0,733.0,696.4,SL(-5%),2025-07-01,10000000.0,1430,9500682.128240108,1430,-502177.8717598915
2025-06-24,41000,化学,68.8,1082.0,1190.2,TP(+10%),2025-06-30,10000000.0,1430,11000000.0,1430,997140.0
2025-06-24,69200,電気機器,65.3,18355.0,20190.5,TP(+10%),2025-06-30,10000000.0,1430,11000000.0,1430,997140.0
2025-06-24,44170,情報･通信業,65.2,3375.0,3206.2,SL(-5%),2025-06-27,10000000.0,1430,9499851.85185185,1430,-503008.14814814925
2025-06-24,65740,サービス業,85.2,92.10000000000002,87.5,SL(-5%),2025-06-26,10000000.0,1430,9500542.888165036,1430,-502317.1118349638
2025-06-24,37470,情報･通信業,73.1,466.0,442.7,SL(-5%),2025-06-25,10000000.0,1430,9500000.0,1430,-502860.0
2025-06-24,87980,保険業,74.8,345.0,379.5,TP(+10%),2025-06-25,10000000.0,1430,11000000.0,1430,997140.0
2025-06-24,68360,電気機器,82.2,1544.0,1698.4,TP(+10%),2025-06-25,10000000.0,1430,11000000.0,1430,997140.0
2025-06-24,130A0,医薬品,63.9,655.0,622.2,SL(-5%),2025-06-27,10000000.0,1430,9499236.641221374,1430,-503623.3587786257
2025-06-24,23340,サービス業,83.6,176.9,194.6,TP(+10%),2025-06-25,10000000.0,1430,11000565.291124929,1430,997705.2911249287
2025-06-24,45940,医薬品,68.3,51.0,48.4,SL(-5%),2025-06-25,10000000.0,1430,9490196.078431372,1430,-512663.9215686284
2025-04-25,66120,電気機器,67.7,901.0,855.9,SL(-5%),2025-07-02,10000000.0,1430,9499445.061043285,1430,-503414.93895671517
2025-05-12,43500,小売業,62.9,449.0,493.9,TP(+10%),2025-07-02,10000000.0,1430,10999999.999999998,1430,997139.9999999981
2025-05-30,45880,医薬品,64.7,624.0,592.8,SL(-5%),2025-07-02,10000000.0,1430,9500000.0,1430,-502860.0
2025-06-06,36340,情報･通信業,92.5,567.0,623.7,TP(+10%),2025-07-02,10000000.0,1430,11000000.0,1430,997140.0
2025-06-17,27360,小売業,84.0,607.0,667.7,TP(+10%),2025-07-02,10000000.0,1430,11000000.0,1430,997140.0
2025-06-23,175A0,情報･通信業,79.2,880.0,836.0,SL(-5%),2025-07-02,10000000.0,1430,9500000.0,1430,-502860.0
2025-06-23,73690,サービス業,74.3,797.0,757.1,SL(-5%),2025-07-02,10000000.0,1430,9499372.647427855,1430,-503487.35257214494
2025-06-24,40110,情報･通信業,61.9,4220.0,4009.0,SL(-5%),2025-07-02,10000000.0,1430,9500000.0,1430,-502860.0
2025-06-25,77330,精密機器,70.1,1691.5,1606.9,SL(-5%),2025-06-27,10000000.0,1430,9499852.202187408,1430,-503007.79781259224
2025-06-25,23340,サービス業,86.8,208.70000000000002,198.3,SL(-5%),2025-06-26,10000000.0,1430,9501677.048394825,1430,-501182.9516051747
2025-06-25,99780,小売業,68.1,51.0,56.1,TP(+10%),2025-06-27,10000000.0,1430,11000000.0,1430,997140.0
2025-06-25,45860,医薬品,76.1,73.0,69.3,SL(-5%),2025-06-27,10000000.0,1430,9493150.684931505,1430,-509709.3150684945
2025-06-25,23700,サービス業,68.7,36.0,39.6,TP(+10%),2025-06-27,10000000.0,1430,11000000.0,1430,997140.0
2025-06-25,66590,電気機器,86.6,71.0,67.5,SL(-5%),2025-06-26,10000000.0,1430,9507042.253521126,1430,-495817.74647887424
2025-06-25,72730,輸送用機器,76.5,610.0,671.0,TP(+10%),2025-06-27,10000000.0,1430,11000000.0,1430,997140.0
2025-06-25,52160,ガラス･土石製品,72.8,219.0,240.9,TP(+10%),2025-07-01,10000000.0,1430,11000000.0,1430,997140.0
2025-06-25,59500,金属製品,71.1,198.0,188.1,SL(-5%),2025-06-27,10000000.0,1430,9500000.0,1430,-502860.0
2025-06-25,184A0,情報･通信業,79.4,693.0,658.4,SL(-5%),2025-06-26,10000000.0,1430,9500721.500721501,1430,-502138.4992784988
2025-06-25,60850,サービス業,78.8,26.900000000000002,29.6,TP(+10%),2025-06-26,10000000.0,1430,11003717.472118959,1430,1000857.4721189588
2025-06-25,87980,保険業,82.2,397.0,436.7,TP(+10%),2025-06-27,10000000.0,1430,11000000.0,1430,997140.0
2025-06-25,21950,サービス業,64.8,414.0,455.4,TP(+10%),2025-06-26,10000000.0,1430,10999999.999999998,1430,997139.9999999981
2025-06-25,68360,電気機器,81.2,1781.0,1959.1,TP(+10%),2025-06-26,10000000.0,1430,10999999.999999998,1430,997139.9999999981
2025-06-25,48920,医薬品,62.8,785.0,745.8,SL(-5%),2025-07-02,10000000.0,1430,9500636.942675158,1430,-502223.0573248416
2025-05-28,46670,情報･通信業,81.5,1397.0,1327.1,SL(-5%),2025-07-03,10000000.0,1430,9499642.090193272,1430,-503217.90980672836
2025-06-11,88870,不動産業,76.5,333.0,366.3,TP(+10%),2025-07-03,10000000.0,1430,11000000.0,1430,997140.0
2025-06-11,49110,化学,65.1,2492.0,2741.2,TP(+10%),2025-07-03,10000000.0,1430,10999999.999999998,1430,997139.9999999981
2025-06-13,43880,情報･通信業,64.9,461.0,437.9,SL(-5%),2025-07-03,10000000.0,1430,9498915.401301518,1430,-503944.5986984819
2025-06-23,70660,サービス業,64.9,654.0,621.3,SL(-5%),2025-07-03,10000000.0,1430,9500000.0,1430,-502860.0
2025-06-23,26950,小売業,69.0,1772.5,1683.9,SL(-5%),2025-07-03,10000000.0,1430,9500141.043723555,1430,-502718.9562764447
2025-06-25,31030,繊維製品,71.2,176.0,167.2,SL(-5%),2025-07-03,10000000.0,1430,9500000.0,1430,-502860.0
2025-06-26,45640,医薬品,87.4,28.0,30.8,TP(+10%),2025-06-27,10000000.0,1430,11000000.0,1430,997140.0
2025-06-26,45970,医薬品,86.3,34.0,37.4,TP(+10%),2025-06-27,10000000.0,1430,10999999.999999998,1430,997139.9999999981
2025-06-26,97220,サービス業,78.9,2218.0,2107.1,SL(-5%),2025-07-03,10000000.0,1430,9500000.0,1430,-502860.0
2025-06-26,53840,ガラス･土石製品,68.9,2079.0,1975.0,SL(-5%),2025-07-02,10000000.0,1430,9499759.499759499,1430,-503100.500240501
2025-06-26,45860,医薬品,74.8,71.0,67.5,SL(-5%),2025-07-02,10000000.0,1430,9507042.253521126,1430,-495817.74647887424
2025-06-26,67230,電気機器,73.1,1735.5,1909.1,TP(+10%),2025-07-03,10000000.0,1430,11000288.101411697,1430,997428.1014116965
2025-06-26,60850,サービス業,86.8,28.5,27.1,SL(-5%),2025-07-01,10000000.0,1430,9508771.929824563,1430,-494088.07017543726
2025-06-26,37470,情報･通信業,78.6,472.0,519.2,TP(+10%),2025-06-27,10000000.0,1430,11000000.0,1430,997140.0
2025-06-26,63150,機械,68.6,2049.0,1946.5,SL(-5%),2025-07-02,10000000.0,1430,9499755.97852611,1430,-503104.02147389017
2025-06-26,51370,情報･通信業,72.0,379.66666666666663,360.7,SL(-5%),2025-06-27,10000000.0,1430,9500438.981562775,1430,-502421.0184372254
2025-04-21,32230,小売業,86.9,877.0,964.7,TP(+10%),2025-07-04,10000000.0,1430,11000000.0,1430,997140.0
2025-05-09,39410,パルプ・紙,67.2,751.7,826.9,TP(+10%),2025-07-04,10000000.0,1430,11000399.095383795,1430,997539.095383795
2025-05-13,83450,銀行業,78.8,712.75,784.0,TP(+10%),2025-07-04,10000000.0,1430,10999649.24587864,1430,996789.2458786406
2025-06-26,43160,情報･通信業,92.3,377.0,414.7,TP(+10%),2025-07-04,10000000.0,1430,10999999.999999998,1430,997139.9999999981
2025-06-26,44250,情報･通信業,69.1,1091.0,1036.5,SL(-5%),2025-07-04,10000000.0,1430,9500458.295142071,1430,-502401.7048579287
2025-06-26,51290,情報･通信業,66.2,574.0,545.3,SL(-5%),2025-07-04,10000000.0,1430,9500000.0,1430,-502860.0
2025-06-27,56180,情報･通信業,91.5,441.0,485.1,TP(+10%),2025-06-30,10000000.0,1430,11000000.0,1430,997140.0
2025-06-27,45970,医薬品,85.5,40.0,38.0,SL(-5%),2025-06-30,10000000.0,1430,9500000.0,1430,-502860.0
2025-06-27,264A0,サービス業,86.2,771.0,732.4,SL(-5%),2025-06-30,10000000.0,1430,9499351.49156939,1430,-503508.5084306095
2025-06-27,99780,小売業,71.6,55.0,60.5,TP(+10%),2025-06-30,10000000.0,1430,11000000.0,1430,997140.0
2025-06-27,45640,医薬品,83.2,27.0,29.7,TP(+10%),2025-06-30,10000000.0,1430,11000000.0,1430,997140.0
2025-06-27,41000,化学,71.1,1164.0,1280.4,TP(+10%),2025-07-01,10000000.0,1430,11000000.0,1430,997140.0
2025-06-27,36720,情報･通信業,78.4,84.0,79.8,SL(-5%),2025-06-30,10000000.0,1430,9500000.0,1430,-502860.0
2025-06-27,97220,サービス業,75.8,2222.0,2110.9,SL(-5%),2025-07-03,10000000.0,1430,9500000.0,1430,-502860.0
2025-06-27,29980,不動産業,76.0,1074.0,1020.3,SL(-5%),2025-07-01,10000000.0,1430,9500000.0,1430,-502860.0
2025-06-27,39130,情報･通信業,78.6,1022.0,970.9,SL(-5%),2025-06-30,10000000.0,1430,9500000.0,1430,-502860.0
2025-06-27,37470,情報･通信業,77.0,489.0,464.5,SL(-5%),2025-06-30,10000000.0,1430,9498977.505112475,1430,-503882.4948875252
2025-06-27,45920,医薬品,71.1,2161.0,2377.1,TP(+10%),2025-06-30,10000000.0,1430,10999999.999999998,1430,997139.9999999981
2025-06-27,87980,保険業,79.3,436.0,414.2,SL(-5%),2025-07-01,10000000.0,1430,9500000.0,1430,-502860.0
2025-06-18,21640,サービス業,97.9,76.78143712574851,84.5,TP(+10%),2025-07-07,10000000.0,1430,11005264.18405147,1430,1002404.1840514708
2025-06-18,69610,電気機器,69.2,4290.0,4075.5,SL(-5%),2025-07-07,10000000.0,1430,9500000.0,1430,-502860.0
2025-06-23,50260,情報･通信業,71.0,1120.0,1232.0,TP(+10%),2025-07-07,10000000.0,1430,11000000.0,1430,997140.0
2025-06-24,62760,電気機器,89.4,293.0,278.3,SL(-5%),2025-07-07,10000000.0,1430,9498293.515358362,1430,-504566.48464163765
2025-06-25,60610,サービス業,65.3,2442.5,2686.8,TP(+10%),2025-07-07,10000000.0,1430,11000204.708290687,1430,997344.7082906868
2025-06-30,72730,輸送用機器,93.8,795.0,755.2,SL(-5%),2025-07-01,10000000.0,1430,9499371.06918239,1430,-503488.93081760965
2025-06-30,45640,医薬品,84.4,31.0,29.4,SL(-5%),2025-07-01,10000000.0,1430,9483870.967741935,1430,-518989.0322580654
2025-06-30,99780,小売業,68.5,60.0,57.0,SL(-5%),2025-07-01,10000000.0,1430,9500000.0,1430,-502860.0
2025-06-30,45970,医薬品,69.4,40.0,38.0,SL(-5%),2025-07-01,10000000.0,1430,9500000.0,1430,-502860.0
2025-06-30,27600,卸売業,66.4,2833.0,2691.3,SL(-5%),2025-07-02,10000000.0,1430,9499823.508648077,1430,-503036.491351923
2025-06-30,41070,化学,71.4,2680.0,2546.0,SL(-5%),2025-07-04,10000000.0,1430,9500000.0,1430,-502860.0
2025-06-30,141A0,小売業,64.4,2311.0,2542.1,TP(+10%),2025-07-03,10000000.0,1430,10999999.999999998,1430,997139.9999999981
2025-06-30,39130,情報･通信業,72.9,930.0,1023.0,TP(+10%),2025-07-02,10000000.0,1430,11000000.0,1430,997140.0
2025-06-30,62280,機械,70.6,775.0,736.2,SL(-5%),2025-07-02,10000000.0,1430,9499354.838709679,1430,-503505.1612903215
2025-06-30,48130,情報･通信業,68.7,785.0,745.8,SL(-5%),2025-07-01,10000000.0,1430,9500636.942675158,1430,-502223.0573248416
2025-06-30,62660,機械,63.5,2218.0,2107.1,SL(-5%),2025-07-02,10000000.0,1430,9500000.0,1430,-502860.0
2025-06-30,40110,情報･通信業,64.2,4385.0,4165.8,SL(-5%),2025-07-02,10000000.0,1430,9500114.025085518,1430,-502745.97491448186
2025-06-30,76030,小売業,77.4,383.0,363.8,SL(-5%),2025-07-01,10000000.0,1430,9498694.51697128,1430,-504165.4830287192
2025-06-30,36720,情報･通信業,69.8,75.0,71.2,SL(-5%),2025-07-01,10000000.0,1430,9493333.333333334,1430,-509526.66666666605
2025-06-30,63150,機械,64.1,2015.0,1914.2,SL(-5%),2025-07-04,10000000.0,1430,9499751.861042185,1430,-503108.13895781524
2025-06-30,45920,医薬品,70.3,2409.0,2288.5,SL(-5%),2025-07-02,10000000.0,1430,9499792.444997923,1430,-503067.55500207655
2025-04-11,62890,機械,66.3,1442.0,1369.9,SL(-5%),2025-07-11,10000000.0,1430,9500000.0,1430,-502860.0
2025-05-09,80780,卸売業,73.8,1024.0,1126.4,TP(+10%),2025-07-08,10000000.0,1430,11000000.0,1430,997140.0
2025-05-09,83410,銀行業,72.8,1559.6666666666665,1715.6,TP(+10%),2025-07-11,10000000.0,1430,10999786.27911947,1430,996926.2791194692
2025-05-09,83670,銀行業,73.0,793.0,872.3,TP(+10%),2025-07-11,10000000.0,1430,10999999.999999998,1430,997139.9999999981
2025-05-09,73270,銀行業,69.9,1061.6666666666665,1167.8,TP(+10%),2025-07-11,10000000.0,1430,10999686.028257458,1430,996826.0282574575
2025-05-13,57410,非鉄金属,77.6,1216.25,1337.9,TP(+10%),2025-07-09,10000000.0,1430,11000205.549845839,1430,997345.5498458389
2025-05-14,47600,サービス業,86.8,1519.0,1670.9,TP(+10%),2025-07-08,10000000.0,1430,11000000.0,1430,997140.0
2025-05-16,55780,情報･通信業,91.7,639.6666666666666,703.6,TP(+10%),2025-07-08,10000000.0,1430,10999478.895257948,1430,996618.895257948
2025-05-23,86980,証券･商品先物取引業,65.0,689.0,757.9,TP(+10%),2025-07-11,10000000.0,1430,10999999.999999998,1430,997139.9999999981
2025-05-23,64400,機械,61.3,368.0,404.8,TP(+10%),2025-07-14,10000000.0,1430,11000000.0,1430,997140.0
2025-06-03,70780,サービス業,64.1,509.0,559.9,TP(+10%),2025-07-08,10000000.0,1430,10999999.999999998,1430,997139.9999999981
2025-06-17,71380,小売業,86.0,124.2,136.6,TP(+10%),2025-07-09,10000000.0,1430,10998389.694041869,1430,995529.6940418687
2025-06-17,40540,情報･通信業,64.1,720.0,792.0,TP(+10%),2025-07-11,10000000.0,1430,11000000.0,1430,997140.0
2025-06-17,38410,情報･通信業,78.3,1387.0,1317.6,SL(-5%),2025-07-10,10000000.0,1430,9499639.509733237,1430,-503220.4902667627
2025-06-20,65260,電気機器,62.2,2683.0,2548.8,SL(-5%),2025-07-09,10000000.0,1430,9499813.641446143,1430,-503046.3585538566
2025-06-24,76150,小売業,69.4,95.0,104.5,TP(+10%),2025-07-09,10000000.0,1430,11000000.0,1430,997140.0
2025-06-25,142A0,サービス業,71.2,593.0,652.3,TP(+10%),2025-07-14,10000000.0,1430,10999999.999999998,1430,997139.9999999981
2025-06-27,21950,サービス業,65.3,422.0,400.9,SL(-5%),2025-07-11,10000000.0,1430,9500000.0,1430,-502860.0
2025-06-30,73600,サービス業,67.1,891.0,980.1,TP(+10%),2025-07-11,10000000.0,1430,11000000.0,1430,997140.0
2025-06-30,38040,情報･通信業,65.6,764.6666666666666,726.4,SL(-5%),2025-07-11,10000000.0,1430,9499564.080209242,1430,-503295.9197907578
2025-07-01,48920,医薬品,72.4,812.0,771.4,SL(-5%),2025-07-08,10000000.0,1430,9500000.0,1430,-502860.0
2025-07-01,17570,その他,77.8,21.0,19.9,SL(-5%),2025-07-08,10000000.0,1430,9476190.476190476,1430,-526669.5238095243
2025-07-01,43810,情報･通信業,84.6,530.0,503.5,SL(-5%),2025-07-08,10000000.0,1430,9500000.0,1430,-502860.0
2025-07-01,55750,情報･通信業,72.9,1020.0,1122.0,TP(+10%),2025-07-09,10000000.0,1430,11000000.0,1430,997140.0
2025-07-01,141A0,小売業,64.7,2361.0,2597.1,TP(+10%),2025-07-08,10000000.0,1430,10999999.999999998,1430,997139.9999999981
2025-07-01,72730,輸送用機器,83.5,702.0,772.2,TP(+10%),2025-07-09,10000000.0,1430,11000000.0,1430,997140.0
2025-07-01,88940,不動産業,79.0,60.0,66.0,TP(+10%),2025-07-10,10000000.0,1430,11000000.0,1430,997140.0
2025-07-01,45970,医薬品,77.0,35.0,38.5,TP(+10%),2025-07-08,10000000.0,1430,11000000.0,1430,997140.0
2025-07-01,66200,不動産業,67.9,1176.0,1117.2,SL(-5%),2025-07-08,10000000.0,1430,9500000.0,1430,-502860.0
2025-07-01,45830,医薬品,67.0,143.0,157.3,TP(+10%),2025-07-11,10000000.0,1430,11000000.0,1430,997140.0
2025-07-01,45760,医薬品,72.8,120.0,132.0,TP(+10%),2025-07-10,10000000.0,1430,11000000.0,1430,997140.0
2025-07-01,97040,サービス業,67.1,63.0,59.8,SL(-5%),2025-07-08,10000000.0,1430,9492063.492063493,1430,-510796.50793650746
2025-05-01,49200,化学,77.1,1000.0,1100.0,TP(+10%),2025-07-15,10000000.0,1430,11000000.0,1430,997140.0
2025-05-14,67790,電気機器,66.9,719.0,790.9,TP(+10%),2025-07-15,10000000.0,1430,10999999.999999998,1430,997139.9999999981
2025-06-11,37600,情報･通信業,69.0,1052.0,999.4,SL(-5%),2025-07-15,10000000.0,1430,9500000.0,1430,-502860.0
2025-06-24,52500,情報･通信業,69.8,1130.0,1073.5,SL(-5%),2025-07-15,10000000.0,1430,9500000.0,1430,-502860.0
2025-07-08,27760,卸売業,80.1,147.0,161.7,TP(+10%),2025-07-11,10000000.0,1430,10999999.999999998,1430,997139.9999999981
2025-07-08,48250,情報･通信業,79.6,2115.0,2009.2,SL(-5%),2025-07-15,10000000.0,1430,9499763.593380615,1430,-503096.4066193849
2025-07-08,47840,サービス業,70.0,1366.0,1502.6,TP(+10%),2025-07-09,10000000.0,1430,10999999.999999998,1430,997139.9999999981
2025-07-08,38560,電気機器,76.8,755.0,717.2,SL(-5%),2025-07-09,10000000.0,1430,9499337.748344371,1430,-503522.2516556289
2025-07-08,23510,情報･通信業,64.6,325.0,357.5,TP(+10%),2025-07-10,10000000.0,1430,11000000.0,1430,997140.0
2025-07-08,52420,情報･通信業,77.2,1712.0,1626.4,SL(-5%),2025-07-10,10000000.0,1430,9500000.0,1430,-502860.0
2025-07-08,45970,医薬品,76.0,44.0,41.8,SL(-5%),2025-07-09,10000000.0,1430,9500000.0,1430,-502860.0
2025-07-08,95090,電気･ガス業,63.1,812.1,771.5,SL(-5%),2025-07-11,10000000.0,1430,9500061.56877232,1430,-502798.4312276803
2025-04-14,72640,輸送用機器,65.4,1076.0,1183.6,TP(+10%),2025-07-16,10000000.0,1430,10999999.999999998,1430,997139.9999999981
2025-06-25,41690,情報･通信業,63.4,312.0,296.4,SL(-5%),2025-07-16,10000000.0,1430,9500000.0,1430,-502860.0
2025-07-08,70780,サービス業,80.4,548.0,520.6,SL(-5%),2025-07-16,10000000.0,1430,9500000.0,1430,-502860.0
2025-07-09,175A0,情報･通信業,86.3,1010.0,1111.0,TP(+10%),2025-07-11,10000000.0,1430,11000000.0,1430,997140.0
2025-07-09,70930,サービス業,88.2,615.0,584.2,SL(-5%),2025-07-11,10000000.0,1430,9499186.991869919,1430,-503673.008130081
2025-07-09,47840,サービス業,87.6,1666.0,1832.6,TP(+10%),2025-07-10,10000000.0,1430,10999999.999999998,1430,997139.9999999981
2025-07-09,24350,サービス業,72.3,229.0,251.9,TP(+10%),2025-07-11,10000000.0,1430,11000000.0,1430,997140.0
2025-07-09,23510,情報･通信業,71.8,340.0,374.0,TP(+10%),2025-07-10,10000000.0,1430,11000000.0,1430,997140.0
2025-07-09,49350,化学,90.7,437.8,481.6,TP(+10%),2025-07-10,10000000.0,1430,11000456.829602558,1430,997596.8296025582
2025-07-09,72730,輸送用機器,82.1,848.0,805.6,SL(-5%),2025-07-10,10000000.0,1430,9500000.0,1430,-502860.0
2025-07-09,77460,精密機器,71.0,167.0,183.7,TP(+10%),2025-07-11,10000000.0,1430,10999999.999999998,1430,997139.9999999981
2025-07-09,96100,サービス業,79.5,125.0,118.8,SL(-5%),2025-07-10,10000000.0,1430,9504000.0,1430,-498860.0
2025-07-09,56160,情報･通信業,69.4,1264.0,1200.8,SL(-5%),2025-07-11,10000000.0,1430,9500000.0,1430,-502860.0
2025-07-09,52560,情報･通信業,68.2,2436.0,2314.2,SL(-5%),2025-07-10,10000000.0,1430,9500000.0,1430,-502860.0
2025-07-09,48830,医薬品,64.8,91.0,100.1,TP(+10%),2025-07-10,10000000.0,1430,10999999.999999998,1430,997139.9999999981
2025-07-09,143A0,サービス業,68.7,1082.0,1027.9,SL(-5%),2025-07-10,10000000.0,1430,9500000.0,1430,-502860.0
2025-07-09,36240,情報･通信業,76.3,133.0,126.3,SL(-5%),2025-07-10,10000000.0,1430,9496240.60150376,1430,-506619.3984962404
2025-07-09,77820,精密機器,64.7,573.0,630.3,TP(+10%),2025-07-15,10000000.0,1430,10999999.999999998,1430,997139.9999999981
2025-05-01,59050,金属製品,75.0,1373.0,1304.3,SL(-5%),2025-07-17,10000000.0,1430,9499635.833940277,1430,-503224.1660597231
2025-05-14,90670,その他,63.9,400.0,440.0,TP(+10%),2025-07-17,10000000.0,1430,11000000.0,1430,997140.0
2025-07-01,48130,情報･通信業,78.7,675.0,742.5,TP(+10%),2025-07-17,10000000.0,1430,11000000.0,1430,997140.0
2025-07-10,47840,サービス業,87.1,2066.0,2272.6,TP(+10%),2025-07-11,10000000.0,1430,10999999.999999998,1430,997139.9999999981
2025-07-10,49350,化学,92.4,487.40000000000003,463.0,SL(-5%),2025-07-11,10000000.0,1430,9499384.489125974,1430,-503475.5108740255
2025-07-10,21640,サービス業,76.5,87.35279441117765,83.0,SL(-5%),2025-07-11,10000000.0,1430,9501699.46588215,1430,-501160.53411784954
2025-07-10,48830,医薬品,77.6,97.0,92.1,SL(-5%),2025-07-11,10000000.0,1430,9494845.360824741,1430,-508014.6391752586
2025-07-10,45960,医薬品,69.4,51.0,56.1,TP(+10%),2025-07-15,10000000.0,1430,11000000.0,1430,997140.0
2025-07-10,27430,その他,79.7,104.0,114.4,TP(+10%),2025-07-11,10000000.0,1430,11000000.0,1430,997140.0
2025-07-10,14910,非鉄金属,68.1,1060.0,1166.0,TP(+10%),2025-07-11,10000000.0,1430,11000000.0,1430,997140.0
2025-07-10,68360,電気機器,81.0,1685.0,1600.8,SL(-5%),2025-07-11,10000000.0,1430,9500296.735905044,1430,-502563.2640949562
2025-07-10,72730,輸送用機器,72.7,795.0,874.5,TP(+10%),2025-07-11,10000000.0,1430,11000000.0,1430,997140.0
2025-04-22,23730,サービス業,91.0,394.0,433.4,TP(+10%),2025-07-18,10000000.0,1430,10999999.999999998,1430,997139.9999999981
2025-05-01,73810,銀行業,72.9,491.0,540.1,TP(+10%),2025-07-18,10000000.0,1430,11000000.0,1430,997140.0
2025-05-12,44480,情報･通信業,70.4,456.0,501.6,TP(+10%),2025-07-18,10000000.0,1430,11000000.0,1430,997140.0
2025-06-02,88300,不動産業,64.1,2837.0,2695.2,SL(-5%),2025-07-18,10000000.0,1430,9500176.242509693,1430,-502683.7574903071
2025-06-13,69970,電気機器,62.5,1104.0,1214.4,TP(+10%),2025-07-18,10000000.0,1430,11000000.0,1430,997140.0
2025-07-11,71380,小売業,99.0,242.4,266.6,TP(+10%),2025-07-14,10000000.0,1430,10998349.834983498,1430,995489.8349834979
2025-07-11,244A0,情報･通信業,93.3,2215.0,2436.5,TP(+10%),2025-07-14,10000000.0,1430,11000000.0,1430,997140.0
2025-07-11,47840,サービス業,88.3,1930.0,2123.0,TP(+10%),2025-07-14,10000000.0,1430,11000000.0,1430,997140.0
2025-07-11,14910,非鉄金属,82.5,1180.0,1121.0,SL(-5%),2025-07-14,10000000.0,1430,9500000.0,1430,-502860.0
2025-07-11,27430,その他,82.6,118.0,129.8,TP(+10%),2025-07-14,10000000.0,1430,11000000.0,1430,997140.0
2025-07-11,66130,電気機器,71.6,252.0,239.4,SL(-5%),2025-07-15,10000000.0,1430,9500000.0,1430,-502860.0
2025-07-11,27910,小売業,75.1,7430.0,7058.5,SL(-5%),2025-07-14,10000000.0,1430,9500000.0,1430,-502860.0
2025-07-11,23300,情報･通信業,72.0,176.0,167.2,SL(-5%),2025-07-15,10000000.0,1430,9500000.0,1430,-502860.0
2025-07-11,36720,情報･通信業,78.1,92.0,87.4,SL(-5%),2025-07-14,10000000.0,1430,9500000.0,1430,-502860.0
2025-07-11,72730,輸送用機器,86.1,920.0,874.0,SL(-5%),2025-07-14,10000000.0,1430,9500000.0,1430,-502860.0
2025-07-11,17570,その他,81.1,14.0,15.4,TP(+10%),2025-07-14,10000000.0,1430,11000000.0,1430,997140.0
2025-07-11,49350,化学,85.6,475.8,523.4,TP(+10%),2025-07-14,10000000.0,1430,11000420.34468264,1430,997560.3446826395
2025-07-11,88940,不動産業,79.0,69.0,75.9,TP(+10%),2025-07-14,10000000.0,1430,11000000.0,1430,997140.0
2025-07-11,247A0,化学,72.1,1338.0,1271.1,SL(-5%),2025-07-14,10000000.0,1430,9500000.0,1430,-502860.0
2025-07-11,77460,精密機器,66.1,173.0,190.3,TP(+10%),2025-07-14,10000000.0,1430,11000000.0,1430,997140.0
2025-07-11,48830,医薬品,68.1,94.0,89.3,SL(-5%),2025-07-14,10000000.0,1430,9500000.0,1430,-502860.0
2025-07-11,26730,小売業,63.7,143.0,135.8,SL(-5%),2025-07-16,10000000.0,1430,9496503.496503498,1430,-506356.5034965016
2025-05-09,48120,情報･通信業,68.0,2223.333333333333,2112.2,SL(-5%),2025-07-22,10000000.0,1430,9500149.925037483,1430,-502710.07496251725
2025-07-09,67690,電気機器,92.9,922.0,875.9,SL(-5%),2025-07-22,10000000.0,1430,9500000.0,1430,-502860.0
2025-07-10,57290,非鉄金属,69.7,1420.0,1562.0,TP(+10%),2025-07-22,10000000.0,1430,11000000.0,1430,997140.0
2025-07-11,23380,情報･通信業,65.1,475.0,522.5,TP(+10%),2025-07-22,10000000.0,1430,11000000.0,1430,997140.0
2025-07-14,205A0,建設業,94.7,1445.0,1372.8,SL(-5%),2025-07-15,10000000.0,1430,9500346.020761246,1430,-502513.97923875414
2025-07-14,88940,不動産業,99.0,99.0,108.9,TP(+10%),2025-07-15,10000000.0,1430,11000000.0,1430,997140.0
2025-07-14,59050,金属製品,80.3,1362.0,1293.9,SL(-5%),2025-07-17,10000000.0,1430,9500000.0,1430,-502860.0
2025-07-14,244A0,情報･通信業,92.7,2356.0,2238.2,SL(-5%),2025-07-15,10000000.0,1430,9500000.0,1430,-502860.0
2025-07-14,37910,情報･通信業,78.2,1633.0,1551.3,SL(-5%),2025-07-15,10000000.0,1430,9499693.815064298,1430,-503166.184935702
2025-07-14,37880,情報･通信業,70.7,2165.0,2056.8,SL(-5%),2025-07-16,10000000.0,1430,9500230.946882218,1430,-502629.0531177819
2025-07-14,47840,サービス業,81.1,2330.0,2563.0,TP(+10%),2025-07-15,10000000.0,1430,11000000.0,1430,997140.0
2025-07-14,71380,小売業,89.4,302.40000000000003,332.6,TP(+10%),2025-07-15,10000000.0,1430,10998677.248677248,1430,995817.2486772481
2025-07-14,49350,化学,88.2,547.0,601.7,TP(+10%),2025-07-15,10000000.0,1430,11000000.0,1430,997140.0
2025-07-14,198A0,情報･通信業,75.6,665.0,731.5,TP(+10%),2025-07-16,10000000.0,1430,11000000.0,1430,997140.0
2025-07-14,61730,その他,65.0,299.0,284.1,SL(-5%),2025-07-15,10000000.0,1430,9501672.240802677,1430,-501187.75919732265
2025-07-14,175A0,情報･通信業,70.9,1020.0,969.0,SL(-5%),2025-07-15,10000000.0,1430,9500000.0,1430,-502860.0
2025-07-14,17570,その他,80.0,16.0,15.2,SL(-5%),2025-07-15,10000000.0,1430,9500000.0,1430,-502860.0
2025-07-14,14910,非鉄金属,71.8,1080.0,1188.0,TP(+10%),2025-07-16,10000000.0,1430,11000000.0,1430,997140.0
2025-05-09,63260,機械,64.7,1598.0,1757.8,TP(+10%),2025-07-23,10000000.0,1430,11000000.0,1430,997140.0
2025-05-13,46350,化学,70.1,818.0,899.8,TP(+10%),2025-07-23,10000000.0,1430,10999999.999999998,1430,997139.9999999981
2025-06-12,71750,証券･商品先物取引業,76.4,1018.0,1119.8,TP(+10%),2025-07-23,10000000.0,1430,10999999.999999998,1430,997139.9999999981
2025-06-23,68400,電気機器,76.1,266.0,292.6,TP(+10%),2025-07-23,10000000.0,1430,11000000.0,1430,997140.0
2025-06-23,62080,機械,70.7,1371.0,1508.1,TP(+10%),2025-07-23,10000000.0,1430,10999999.999999998,1430,997139.9999999981
2025-06-24,17110,建設業,63.6,239.0,227.0,SL(-5%),2025-07-23,10000000.0,1430,9497907.949790794,1430,-504952.0502092056
2025-06-30,80110,繊維製品,91.9,868.6666666666666,955.5,TP(+10%),2025-07-23,10000000.0,1430,10999616.270145819,1430,996756.2701458186
2025-07-01,95010,電気･ガス業,68.4,528.0,580.8,TP(+10%),2025-07-23,10000000.0,1430,10999999.999999998,1430,997139.9999999981
2025-07-11,27260,小売業,61.4,2190.0,2409.0,TP(+10%),2025-07-23,10000000.0,1430,11000000.0,1430,997140.0
2025-07-14,34460,金属製品,71.6,1081.0,1189.1,TP(+10%),2025-07-23,10000000.0,1430,10999999.999999998,1430,997139.9999999981
2025-07-15,71380,小売業,98.7,280.8,308.9,TP(+10%),2025-07-16,10000000.0,1430,11000712.25071225,1430,997852.2507122494
2025-07-15,33870,小売業,73.9,788.0,748.6,SL(-5%),2025-07-16,10000000.0,1430,9500000.0,1430,-502860.0
2025-07-15,60860,サービス業,82.3,1030.0,1133.0,TP(+10%),2025-07-17,10000000.0,1430,11000000.0,1430,997140.0
2025-07-15,44900,情報･通信業,79.9,734.0,697.3,SL(-5%),2025-07-17,10000000.0,1430,9500000.0,1430,-502860.0
2025-07-15,88940,不動産業,91.8,87.0,95.7,TP(+10%),2025-07-16,10000000.0,1430,11000000.0,1430,997140.0
2025-07-15,37600,情報･通信業,69.3,898.0,987.8,TP(+10%),2025-07-16,10000000.0,1430,10999999.999999998,1430,997139.9999999981
2025-07-15,14070,建設業,76.0,1565.0,1486.8,SL(-5%),2025-07-16,10000000.0,1430,9500319.488817891,1430,-502540.5111821089
2025-07-15,205A0,建設業,76.9,1415.0,1556.5,TP(+10%),2025-07-16,10000000.0,1430,11000000.0,1430,997140.0
2025-07-15,49350,化学,87.4,591.4,561.8,SL(-5%),2025-07-17,10000000.0,1430,9499492.729117349,1430,-503367.2708826512
2025-07-15,70960,サービス業,80.5,1106.0,1216.6,TP(+10%),2025-07-16,10000000.0,1430,10999999.999999998,1430,997139.9999999981
2025-07-15,50260,情報･通信業,80.2,1108.0,1052.6,SL(-5%),2025-07-16,10000000.0,1430,9500000.0,1430,-502860.0
2025-07-15,45960,医薬品,76.7,55.0,52.2,SL(-5%),2025-07-16,10000000.0,1430,9490909.090909092,1430,-511950.90909090824
2025-07-15,37910,情報･通信業,65.8,1583.0,1741.3,TP(+10%),2025-07-23,10000000.0,1430,11000000.0,1430,997140.0
2025-07-15,47840,サービス業,75.5,2260.0,2147.0,SL(-5%),2025-07-16,10000000.0,1430,9500000.0,1430,-502860.0
2025-07-15,78180,その他製品,66.9,1300.0,1235.0,SL(-5%),2025-07-23,10000000.0,1430,9500000.0,1430,-502860.0
2025-07-15,52460,情報･通信業,80.7,913.0,1004.3,TP(+10%),2025-07-17,10000000.0,1430,10999999.999999998,1430,997139.9999999981
2025-07-15,38070,情報･通信業,66.2,143.0,135.8,SL(-5%),2025-07-22,10000000.0,1430,9496503.496503498,1430,-506356.5034965016
2025-07-15,38230,情報･通信業,66.0,99.0,94.0,SL(-5%),2025-07-16,10000000.0,1430,9494949.494949495,1430,-507910.5050505046
2025-07-15,36720,情報･通信業,78.4,80.0,76.0,SL(-5%),2025-07-16,10000000.0,1430,9500000.0,1430,-502860.0
2025-05-13,73720,サービス業,76.9,301.0,331.1,TP(+10%),2025-07-24,10000000.0,1430,11000000.0,1430,997140.0
2025-05-13,77150,精密機器,69.0,1843.0,2027.3,TP(+10%),2025-07-24,10000000.0,1430,11000000.0,1430,997140.0
2025-05-19,28760,食料品,90.7,395.0,434.5,TP(+10%),2025-07-24,10000000.0,1430,11000000.0,1430,997140.0
2025-05-20,75900,卸売業,77.7,407.0,447.7,TP(+10%),2025-07-24,10000000.0,1430,11000000.0,1430,997140.0
2025-06-05,65370,サービス業,79.7,413.0,454.3,TP(+10%),2025-07-24,10000000.0,1430,11000000.0,1430,997140.0
2025-07-01,71730,銀行業,71.1,781.25,859.4,TP(+10%),2025-07-24,10000000.0,1430,11000319.999999998,1430,997459.9999999981
2025-07-16,70960,サービス業,92.8,1048.0,995.6,SL(-5%),2025-07-22,10000000.0,1430,9500000.0,1430,-502860.0
2025-07-16,55270,不動産業,77.0,498.3333333333333,548.2,TP(+10%),2025-07-17,10000000.0,1430,11000668.896321071,1430,997808.8963210713
2025-07-16,71380,小売業,92.9,327.0,310.6,SL(-5%),2025-07-17,10000000.0,1430,9498470.948012233,1430,-504389.0519877672
2025-07-16,340A0,情報･通信業,71.4,580.0,551.0,SL(-5%),2025-07-18,10000000.0,1430,9500000.0,1430,-502860.0
2025-07-16,205A0,建設業,78.5,1421.0,1350.0,SL(-5%),2025-07-22,10000000.0,1430,9500351.864883885,1430,-502508.1351161152
2025-07-16,35580,小売業,70.1,1485.0,1410.8,SL(-5%),2025-07-22,10000000.0,1430,9500336.7003367,1430,-502523.2996632997
2025-07-16,135A0,情報･通信業,79.4,2168.0,2059.6,SL(-5%),2025-07-22,10000000.0,1430,9500000.0,1430,-502860.0
2025-07-16,29340,食料品,69.3,1680.0,1596.0,SL(-5%),2025-07-17,10000000.0,1430,9500000.0,1430,-502860.0
2025-07-16,38560,電気機器,79.2,896.0,851.2,SL(-5%),2025-07-17,10000000.0,1430,9500000.0,1430,-502860.0
2025-07-16,277A0,サービス業,79.1,2622.0,2490.9,SL(-5%),2025-07-18,10000000.0,1430,9500000.0,1430,-502860.0
2025-07-16,27430,その他,77.3,109.0,103.5,SL(-5%),2025-07-18,10000000.0,1430,9495412.844036696,1430,-507447.1559633035
2025-07-16,198A0,情報･通信業,71.9,692.0,657.4,SL(-5%),2025-07-22,10000000.0,1430,9500000.0,1430,-502860.0
2025-04-21,33150,石油･石炭製品,70.3,85.0,93.5,TP(+10%),2025-07-25,10000000.0,1430,11000000.0,1430,997140.0
2025-04-25,93310,サービス業,91.9,852.0,937.2,TP(+10%),2025-07-25,10000000.0,1430,11000000.0,1430,997140.0
2025-05-01,31870,小売業,74.1,355.0,337.2,SL(-5%),2025-07-25,10000000.0,1430,9498591.549295774,1430,-504268.45070422627
2025-05-15,68990,電気機器,75.5,1728.0,1900.8,TP(+10%),2025-07-25,10000000.0,1430,11000000.0,1430,997140.0
2025-07-15,56020,鉄鋼,71.7,1302.0,1432.2,TP(+10%),2025-07-25,10000000.0,1430,11000000.0,1430,997140.0
2025-07-17,67210,電気機器,90.8,156.0,171.6,TP(+10%),2025-07-18,10000000.0,1430,10999999.999999998,1430,997139.9999999981
2025-07-17,93420,サービス業,73.3,988.0,1086.8,TP(+10%),2025-07-18,10000000.0,1430,10999999.999999998,1430,997139.9999999981
2025-07-17,65740,サービス業,79.7,85.30000000000001,93.8,TP(+10%),2025-07-18,10000000.0,1430,10996483.00117233,1430,993623.0011723302
2025-07-17,175A0,情報･通信業,75.1,1095.0,1204.5,TP(+10%),2025-07-18,10000000.0,1430,11000000.0,1430,997140.0
2025-07-17,190A0,医薬品,70.6,208.0,197.6,SL(-5%),2025-07-22,10000000.0,1430,9500000.0,1430,-502860.0
2025-07-17,50260,情報･通信業,76.9,1134.0,1247.4,TP(+10%),2025-07-22,10000000.0,1430,11000000.0,1430,997140.0
2025-05-16,44920,情報･通信業,81.7,450.0,495.0,TP(+10%),2025-07-29,10000000.0,1430,11000000.0,1430,997140.0
2025-06-27,61660,機械,68.3,324.0,356.4,TP(+10%),2025-07-28,10000000.0,1430,10999999.999999998,1430,997139.9999999981
2025-07-11,56190,情報･通信業,84.2,994.0,1093.4,TP(+10%),2025-07-29,10000000.0,1430,11000000.0,1430,997140.0
2025-07-15,55780,情報･通信業,84.3,857.6666666666666,943.4,TP(+10%),2025-07-28,10000000.0,1430,10999611.348620288,1430,996751.3486202881
2025-07-15,260A0,その他,95.6,90.0,85.5,SL(-5%),2025-07-28,10000000.0,1430,9500000.0,1430,-502860.0
2025-07-15,67790,電気機器,67.4,775.0,852.5,TP(+10%),2025-07-29,10000000.0,1430,11000000.0,1430,997140.0
2025-07-17,70720,サービス業,65.3,900.0,990.0,TP(+10%),2025-07-28,10000000.0,1430,11000000.0,1430,997140.0
2025-07-18,53800,ガラス･土石製品,92.1,1800.0,1710.0,SL(-5%),2025-07-23,10000000.0,1430,9500000.0,1430,-502860.0
2025-07-18,69550,電気機器,92.2,432.0,410.4,SL(-5%),2025-07-23,10000000.0,1430,9500000.0,1430,-502860.0
2025-07-18,67210,電気機器,87.2,151.0,166.1,TP(+10%),2025-07-23,10000000.0,1430,10999999.999999998,1430,997139.9999999981
2025-07-18,65740,サービス業,83.2,92.40000000000002,87.8,SL(-5%),2025-07-23,10000000.0,1430,9502164.5021645,1430,-500695.49783550017
2025-07-18,48910,医薬品,75.3,175.0,166.2,SL(-5%),2025-07-23,10000000.0,1430,9497142.857142856,1430,-505717.14285714366
2025-07-18,24840,情報･通信業,70.0,179.0,170.0,SL(-5%),2025-07-29,10000000.0,1430,9497206.703910615,1430,-505653.2960893847
2025-07-18,34460,金属製品,62.4,1153.0,1268.3,TP(+10%),2025-07-23,10000000.0,1430,10999999.999999998,1430,997139.9999999981
2025-04-25,65160,電気機器,76.8,3223.333333333333,3062.2,SL(-5%),2025-07-30,10000000.0,1430,9500103.41261634,1430,-502756.58738365956
2025-04-25,81040,卸売業,67.8,514.0,565.4,TP(+10%),2025-07-30,10000000.0,1430,10999999.999999998,1430,997139.9999999981
2025-06-17,49360,化学,73.3,493.0,468.3,SL(-5%),2025-07-30,10000000.0,1430,9498985.80121704,1430,-503874.19878295995
2025-07-14,40990,化学,67.6,1173.0,1114.3,SL(-5%),2025-07-30,10000000.0,1430,9499573.742540494,1430,-503286.2574595064
2025-07-15,75990,卸売業,71.1,998.0,948.1,SL(-5%),2025-07-30,10000000.0,1430,9500000.0,1430,-502860.0
2025-07-15,73520,サービス業,70.4,893.0,848.3,SL(-5%),2025-07-30,10000000.0,1430,9499440.089585666,1430,-503419.9104143344
2025-07-18,66200,不動産業,84.9,1328.0,1261.6,SL(-5%),2025-07-30,10000000.0,1430,9500000.0,1430,-502860.0
2025-07-18,26560,小売業,61.1,131.0,124.4,SL(-5%),2025-07-30,10000000.0,1430,9496183.206106871,1430,-506676.79389312863
2025-07-23,72560,輸送用機器,92.4,124.0,136.4,TP(+10%),2025-07-24,10000000.0,1430,11000000.0,1430,997140.0
2025-07-23,79460,その他製品,98.7,373.40000000000003,410.7,TP(+10%),2025-07-24,10000000.0,1430,10998928.76272094,1430,996068.7627209406
2025-07-23,31370,小売業,91.9,238.5,262.4,TP(+10%),2025-07-24,10000000.0,1430,11002096.4360587,1430,999236.4360587001
2025-07-23,42880,情報･通信業,76.3,568.0,539.6,SL(-5%),2025-07-30,10000000.0,1430,9500000.0,1430,-502860.0
2025-07-23,79010,その他製品,83.5,918.0,872.1,SL(-5%),2025-07-24,10000000.0,1430,9500000.0,1430,-502860.0
2025-07-23,67210,電気機器,82.4,139.0,132.0,SL(-5%),2025-07-24,10000000.0,1430,9496402.877697842,1430,-506457.1223021578
2025-07-23,72610,輸送用機器,67.3,994.1,944.4,SL(-5%),2025-07-25,10000000.0,1430,9500050.296750829,1430,-502809.7032491714
2025-07-23,265A0,情報･通信業,81.1,993.0,1092.3,TP(+10%),2025-07-28,10000000.0,1430,10999999.999999998,1430,997139.9999999981
2025-07-23,27000,卸売業,77.8,2088.0,2296.8,TP(+10%),2025-07-28,10000000.0,1430,11000000.0,1430,997140.0
2025-07-23,186A0,サービス業,65.4,749.0,711.5,SL(-5%),2025-07-29,10000000.0,1430,9499332.443257676,1430,-503527.55674232356
2025-07-23,53800,ガラス･土石製品,73.5,1738.0,1911.8,TP(+10%),2025-07-30,10000000.0,1430,11000000.0,1430,997140.0
2025-07-23,78860,化学,64.1,1005.0,1105.5,TP(+10%),2025-07-24,10000000.0,1430,11000000.0,1430,997140.0
2025-07-23,66320,電気機器,70.5,1258.5,1195.6,SL(-5%),2025-07-28,10000000.0,1430,9500198.649185536,1430,-502661.35081446357
2025-07-23,65740,サービス業,74.9,89.30000000000001,98.2,TP(+10%),2025-07-25,10000000.0,1430,10996640.537513997,1430,993780.5375139974
2025-07-23,63240,機械,69.5,3095.0,2940.2,SL(-5%),2025-07-25,10000000.0,1430,9499838.44911147,1430,-503021.5508885309
2025-07-23,74090,輸送用機器,70.1,487.8333333333333,536.6,TP(+10%),2025-07-28,10000000.0,1430,10999658.353262726,1430,996798.3532627262
2025-04-16,57040,非鉄金属,90.4,414.0,455.4,TP(+10%),2025-07-31,10000000.0,1430,10999999.999999998,1430,997139.9999999981
2025-04-30,73140,輸送用機器,90.2,1011.0,1112.1,TP(+10%),2025-07-31,10000000.0,1430,10999999.999999998,1430,997139.9999999981
2025-05-27,74260,卸売業,92.1,1100.0,1210.0,TP(+10%),2025-07-31,10000000.0,1430,11000000.0,1430,997140.0
2025-06-30,70640,サービス業,71.2,1248.5,1186.1,SL(-5%),2025-07-31,10000000.0,1430,9500200.240288345,1430,-502659.75971165486
2025-07-10,44220,情報･通信業,91.5,187.0,177.7,SL(-5%),2025-07-31,10000000.0,1430,9502673.796791444,1430,-500186.2032085564
2025-07-15,88870,不動産業,76.0,353.0,388.3,TP(+10%),2025-07-31,10000000.0,1430,11000000.0,1430,997140.0
2025-07-16,138A0,小売業,66.2,2017.0,2218.7,TP(+10%),2025-07-31,10000000.0,1430,10999999.999999998,1430,997139.9999999981
2025-07-24,70670,サービス業,79.4,1122.0,1234.2,TP(+10%),2025-07-25,10000000.0,1430,11000000.0,1430,997140.0
2025-07-24,31370,小売業,85.7,246.0,233.7,SL(-5%),2025-07-25,10000000.0,1430,9500000.0,1430,-502860.0
2025-07-24,79010,その他製品,75.2,889.0,977.9,TP(+10%),2025-07-28,10000000.0,1430,11000000.0,1430,997140.0
2025-07-24,79460,その他製品,88.6,453.20000000000005,498.5,TP(+10%),2025-07-25,10000000.0,1430,10999558.693733448,1430,996698.6937334482
2025-07-24,72560,輸送用機器,81.6,122.0,115.9,SL(-5%),2025-07-25,10000000.0,1430,9500000.0,1430,-502860.0
2025-07-24,21600,医薬品,69.3,2866.0,2722.7,SL(-5%),2025-07-25,10000000.0,1430,9500000.0,1430,-502860.0
2025-07-24,338A0,情報･通信業,76.8,4680.0,4446.0,SL(-5%),2025-07-28,10000000.0,1430,9500000.0,1430,-502860.0
2025-04-23,93760,サービス業,87.0,493.0,542.3,TP(+10%),2025-08-01,10000000.0,1430,10999999.999999998,1430,997139.9999999981
2025-05-08,42280,化学,71.8,327.0,359.7,TP(+10%),2025-08-01,10000000.0,1430,10999999.999999998,1430,997139.9999999981
2025-05-15,79140,その他製品,88.3,1269.0,1395.9,TP(+10%),2025-08-01,10000000.0,1430,11000000.0,1430,997140.0
2025-05-16,82270,小売業,73.0,3383.333333333333,3721.7,TP(+10%),2025-08-01,10000000.0,1430,11000098.522167487,1430,997238.5221674871
2025-06-27,22200,食料品,76.1,1286.6666666666665,1415.3,TP(+10%),2025-08-01,10000000.0,1430,10999740.932642488,1430,996880.9326424878
2025-07-10,23030,情報･通信業,79.5,1133.5,1246.9,TP(+10%),2025-08-01,10000000.0,1430,11000441.111601235,1430,997581.1116012353
2025-07-18,62980,機械,82.5,839.0,797.0,SL(-5%),2025-08-01,10000000.0,1430,9499404.052443385,1430,-503455.9475566149
2025-07-24,30910,小売業,75.7,1867.5,2054.2,TP(+10%),2025-08-01,10000000.0,1430,10999732.262382865,1430,996872.262382865
2025-07-25,48750,医薬品,92.3,199.0,218.9,TP(+10%),2025-07-29,10000000.0,1430,11000000.0,1430,997140.0
2025-07-25,15180,その他製品,87.6,1330.0,1263.5,SL(-5%),2025-07-28,10000000.0,1430,9500000.0,1430,-502860.0
2025-07-25,65370,サービス業,65.6,469.0,445.5,SL(-5%),2025-07-28,10000000.0,1430,9498933.901918977,1430,-503926.0980810225
2025-07-25,79460,その他製品,77.7,553.0,608.3,TP(+10%),2025-07-28,10000000.0,1430,10999999.999999998,1430,997139.9999999981
2025-07-25,265A0,情報･通信業,70.0,1004.0,1104.4,TP(+10%),2025-07-28,10000000.0,1430,11000000.0,1430,997140.0
2025-07-25,37910,情報･通信業,65.4,1860.0,1767.0,SL(-5%),2025-07-28,10000000.0,1430,9500000.0,1430,-502860.0
2025-04-14,89950,不動産業,90.7,623.0,685.3,TP(+10%),2025-08-04,10000000.0,1430,10999999.999999998,1430,997139.9999999981
2025-04-21,74550,その他,61.6,277.0,304.7,TP(+10%),2025-08-04,10000000.0,1430,10999999.999999998,1430,997139.9999999981
2025-05-29,76890,卸売業,73.6,499.0,474.0,SL(-5%),2025-08-04,10000000.0,1430,9498997.995991984,1430,-503862.0040080156
2025-07-10,52520,情報･通信業,82.3,437.3333333333333,415.5,SL(-5%),2025-08-06,10000000.0,1430,9500762.195121951,1430,-502097.8048780486
2025-07-14,97040,サービス業,62.9,64.0,70.4,TP(+10%),2025-08-04,10000000.0,1430,11000000.0,1430,997140.0
2025-07-14,62640,機械,67.8,781.5,742.4,SL(-5%),2025-08-04,10000000.0,1430,9499680.102367241,1430,-503179.89763275906
2025-07-16,70890,サービス業,69.5,727.5,800.3,TP(+10%),2025-08-04,10000000.0,1430,11000687.285223367,1430,997827.2852233667
2025-07-25,92290,サービス業,75.9,794.0,754.3,SL(-5%),2025-08-04,10000000.0,1430,9500000.0,1430,-502860.0
2025-07-28,260A0,その他,92.9,60.0,57.0,SL(-5%),2025-07-29,10000000.0,1430,9500000.0,1430,-502860.0
2025-07-28,41070,化学,81.6,2885.0,2740.8,SL(-5%),2025-07-29,10000000.0,1430,9500173.310225304,1430,-502686.6897746958
2025-07-28,38140,その他,79.8,285.0,270.8,SL(-5%),2025-07-29,10000000.0,1430,9501754.385964911,1430,-501105.61403508857
2025-07-28,79460,その他製品,85.6,653.0,620.4,SL(-5%),2025-07-29,10000000.0,1430,9500765.696784073,1430,-502094.3032159265
2025-07-28,52560,情報･通信業,69.1,2414.0,2293.3,SL(-5%),2025-07-30,10000000.0,1430,9500000.0,1430,-502860.0
2025-06-18,35650,卸売業,75.6,570.3333333333333,541.8,SL(-5%),2025-08-05,10000000.0,1430,9499707.77323203,1430,-503152.22676797025
2025-07-16,44130,情報･通信業,67.2,2723.0,2995.3,TP(+10%),2025-08-05,10000000.0,1430,11000000.0,1430,997140.0
2025-07-23,66130,電気機器,65.8,264.0,290.4,TP(+10%),2025-08-05,10000000.0,1430,10999999.999999998,1430,997139.9999999981
2025-07-29,78590,その他製品,92.5,265.0,251.8,SL(-5%),2025-07-30,10000000.0,1430,9501886.79245283,1430,-500973.2075471692
2025-07-29,206A0,医薬品,77.1,192.0,182.4,SL(-5%),2025-07-31,10000000.0,1430,9500000.0,1430,-502860.0
2025-07-29,22160,食料品,80.1,1726.0,1898.6,TP(+10%),2025-07-31,10000000.0,1430,10999999.999999998,1430,997139.9999999981
2025-07-29,260A0,その他,85.4,51.0,56.1,TP(+10%),2025-07-30,10000000.0,1430,11000000.0,1430,997140.0
2025-07-29,288A0,サービス業,72.8,169.0,185.9,TP(+10%),2025-07-30,10000000.0,1430,11000000.0,1430,997140.0
2025-07-29,38140,その他,71.3,265.0,251.8,SL(-5%),2025-08-01,10000000.0,1430,9501886.79245283,1430,-500973.2075471692
2025-07-29,79460,その他製品,81.9,706.0,776.6,TP(+10%),2025-07-30,10000000.0,1430,11000000.0,1430,997140.0
2025-07-29,52420,情報･通信業,66.1,1683.0,1598.8,SL(-5%),2025-08-04,10000000.0,1430,9499702.911467617,1430,-503157.0885323826
2025-07-29,68360,電気機器,80.5,1841.0,1748.9,SL(-5%),2025-07-31,10000000.0,1430,9499728.408473657,1430,-503131.59152634256
2025-04-21,43330,その他,77.4,1157.0,1272.7,TP(+10%),2025-08-06,10000000.0,1430,11000000.0,1430,997140.0
2025-05-09,18220,建設業,74.2,789.0,867.9,TP(+10%),2025-08-06,10000000.0,1430,11000000.0,1430,997140.0
2025-05-16,78870,その他製品,70.6,1164.0,1280.4,TP(+10%),2025-08-06,10000000.0,1430,11000000.0,1430,997140.0
2025-06-04,70900,サービス業,79.5,1009.0,1109.9,TP(+10%),2025-08-06,10000000.0,1430,11000000.0,1430,997140.0
2025-07-23,72380,輸送用機器,85.0,106.0,100.7,SL(-5%),2025-08-06,10000000.0,1430,9500000.0,1430,-502860.0
2025-07-30,288A0,サービス業,91.5,192.0,211.2,TP(+10%),2025-07-31,10000000.0,1430,10999999.999999998,1430,997139.9999999981
2025-07-30,37780,情報･通信業,73.9,2744.0,3018.4,TP(+10%),2025-07-31,10000000.0,1430,11000000.0,1430,997140.0
2025-07-30,69610,電気機器,71.6,5480.0,5206.0,SL(-5%),2025-08-01,10000000.0,1430,9500000.0,1430,-502860.0
2025-07-30,260A0,その他,91.5,54.0,51.3,SL(-5%),2025-07-31,10000000.0,1430,9500000.0,1430,-502860.0
2025-07-30,79460,その他製品,88.5,598.0,568.1,SL(-5%),2025-07-31,10000000.0,1430,9500000.0,1430,-502860.0
2025-07-30,78590,その他製品,73.4,242.0,229.9,SL(-5%),2025-08-04,10000000.0,1430,9500000.0,1430,-502860.0
2025-07-30,53800,ガラス･土石製品,79.9,1923.0,2115.3,TP(+10%),2025-07-31,10000000.0,1430,11000000.0,1430,997140.0
2025-04-15,99140,卸売業,69.3,903.0,993.3,TP(+10%),2025-08-07,10000000.0,1430,10999999.999999998,1430,997139.9999999981
2025-04-28,96790,サービス業,74.3,1655.0,1820.5,TP(+10%),2025-08-07,10000000.0,1430,11000000.0,1430,997140.0
2025-05-14,93080,海運業,61.8,1203.0,1323.3,TP(+10%),2025-08-07,10000000.0,1430,10999999.999999998,1430,997139.9999999981
2025-06-20,61370,機械,77.8,1303.0,1433.3,TP(+10%),2025-08-07,10000000.0,1430,10999999.999999998,1430,997139.9999999981
2025-06-27,54510,鉄鋼,71.7,1129.0,1241.9,TP(+10%),2025-08-07,10000000.0,1430,11000000.0,1430,997140.0
2025-07-01,31850,小売業,64.5,142.0,156.2,TP(+10%),2025-08-07,10000000.0,1430,10999999.999999998,1430,997139.9999999981
2025-07-08,74600,卸売業,66.7,966.3333333333333,1063.0,TP(+10%),2025-08-07,10000000.0,1430,11000344.946533289,1430,997484.9465332888
2025-07-23,43880,情報･通信業,74.6,481.0,456.9,SL(-5%),2025-08-07,10000000.0,1430,9498960.498960499,1430,-503899.5010395013
2025-07-25,67230,電気機器,70.1,1826.5,1735.2,SL(-5%),2025-08-07,10000000.0,1430,9500136.873802355,1430,-502723.12619764544
2025-07-30,69810,電気機器,64.9,2156.5,2372.2,TP(+10%),2025-08-07,10000000.0,1430,11000231.85717598,1430,997371.8571759798
2025-07-30,43730,情報･通信業,70.0,1005.0,1105.5,TP(+10%),2025-08-07,10000000.0,1430,11000000.0,1430,997140.0
2025-07-31,130A0,医薬品,85.4,830.0,913.0,TP(+10%),2025-08-01,10000000.0,1430,11000000.0,1430,997140.0
2025-07-31,288A0,サービス業,91.0,194.0,184.3,SL(-5%),2025-08-01,10000000.0,1430,9500000.0,1430,-502860.0
2025-07-31,37780,情報･通信業,78.2,2971.0,3268.1,TP(+10%),2025-08-06,10000000.0,1430,10999999.999999998,1430,997139.9999999981
2025-07-31,260A0,その他,91.5,24.0,22.8,SL(-5%),2025-08-01,10000000.0,1430,9500000.0,1430,-502860.0
2025-07-31,64440,機械,82.4,129.0,141.9,TP(+10%),2025-08-01,10000000.0,1430,11000000.0,1430,997140.0
2025-07-31,53800,ガラス･土石製品,80.8,1873.0,1779.3,SL(-5%),2025-08-01,10000000.0,1430,9499733.048585158,1430,-503126.95141484216
2025-07-31,80460,卸売業,74.1,674.0,741.4,TP(+10%),2025-08-07,10000000.0,1430,10999999.999999998,1430,997139.9999999981
2025-07-31,31950,小売業,82.5,455.0,500.5,TP(+10%),2025-08-01,10000000.0,1430,11000000.0,1430,997140.0
2025-07-31,95520,サービス業,69.9,1373.0,1304.3,SL(-5%),2025-08-05,10000000.0,1430,9499635.833940277,1430,-503224.1660597231
2025-07-31,58020,非鉄金属,68.5,939.5,892.5,SL(-5%),2025-08-04,10000000.0,1430,9499733.901011176,1430,-503126.0989888236
2025-07-31,338A0,情報･通信業,79.3,4085.0,4493.5,TP(+10%),2025-08-01,10000000.0,1430,11000000.0,1430,997140.0
2025-06-16,44450,情報･通信業,66.8,1540.0,1694.0,TP(+10%),2025-08-08,10000000.0,1430,11000000.0,1430,997140.0
2025-06-26,53100,ガラス･土石製品,61.7,4880.0,4636.0,SL(-5%),2025-08-08,10000000.0,1430,9500000.0,1430,-502860.0
2025-07-09,49140,化学,70.8,1434.0,1577.4,TP(+10%),2025-08-08,10000000.0,1430,11000000.0,1430,997140.0
2025-07-10,39790,情報･通信業,74.9,399.5,379.5,SL(-5%),2025-08-08,10000000.0,1430,9499374.217772216,1430,-503485.7822277844
2025-08-01,22200,食料品,85.1,1521.6666666666665,1445.6,SL(-5%),2025-08-05,10000000.0,1430,9500109.529025193,1430,-502750.4709748067
2025-08-01,130A0,医薬品,80.1,780.0,858.0,TP(+10%),2025-08-05,10000000.0,1430,11000000.0,1430,997140.0
2025-08-01,21640,サービス業,86.1,111.09198270126414,122.2,TP(+10%),2025-08-04,10000000.0,1430,10999893.694273714,1430,997033.694273714
2025-08-01,338A0,情報･通信業,80.5,4435.0,4878.5,TP(+10%),2025-08-08,10000000.0,1430,11000000.0,1430,997140.0
2025-08-01,27000,卸売業,77.1,2461.0,2707.1,TP(+10%),2025-08-07,10000000.0,1430,10999999.999999998,1430,997139.9999999981
2025-08-01,260A0,その他,85.5,22.0,24.2,TP(+10%),2025-08-04,10000000.0,1430,10999999.999999998,1430,997139.9999999981
2025-08-01,74620,小売業,66.2,231.0,219.4,SL(-5%),2025-08-06,10000000.0,1430,9497835.497835498,1430,-505024.5021645017
2025-08-01,31370,小売業,71.4,256.5,243.7,SL(-5%),2025-08-05,10000000.0,1430,9500974.658869395,1430,-501885.34113060497
2025-04-28,92190,サービス業,69.5,867.0,953.7,TP(+10%),2025-08-12,10000000.0,1430,11000000.0,1430,997140.0
2025-05-12,99760,小売業,78.3,962.0,1058.2,TP(+10%),2025-08-12,10000000.0,1430,11000000.0,1430,997140.0
2025-05-13,40170,情報･通信業,64.0,260.0,286.0,TP(+10%),2025-08-12,10000000.0,1430,11000000.0,1430,997140.0
2025-05-14,18660,建設業,72.6,990.0,1089.0,TP(+10%),2025-08-12,10000000.0,1430,11000000.0,1430,997140.0
2025-05-14,331A0,サービス業,66.3,507.0,557.7,TP(+10%),2025-08-12,10000000.0,1430,11000000.0,1430,997140.0
2025-05-29,43600,化学,72.2,516.0,567.6,TP(+10%),2025-08-12,10000000.0,1430,11000000.0,1430,997140.0
2025-06-09,80500,精密機器,67.3,2047.5,2252.2,TP(+10%),2025-08-12,10000000.0,1430,10999755.799755799,1430,996895.7997557987
2025-07-23,80110,繊維製品,75.8,993.0,1092.3,TP(+10%),2025-08-12,10000000.0,1430,10999999.999999998,1430,997139.9999999981
2025-07-29,56190,情報･通信業,64.7,1100.0,1045.0,SL(-5%),2025-08-12,10000000.0,1430,9500000.0,1430,-502860.0
2025-07-31,54820,鉄鋼,69.4,2309.0,2539.9,TP(+10%),2025-08-12,10000000.0,1430,11000000.0,1430,997140.0
2025-08-04,31950,小売業,94.0,500.0,550.0,TP(+10%),2025-08-05,10000000.0,1430,11000000.0,1430,997140.0
2025-08-04,30770,小売業,85.2,339.0,372.9,TP(+10%),2025-08-06,10000000.0,1430,10999999.999999998,1430,997139.9999999981
2025-08-04,65740,サービス業,99.0,152.5,144.9,SL(-5%),2025-08-05,10000000.0,1430,9501639.344262296,1430,-501220.65573770367
2025-08-04,57290,非鉄金属,90.2,2055.0,2260.5,TP(+10%),2025-08-06,10000000.0,1430,11000000.0,1430,997140.0
2025-08-04,97040,サービス業,79.3,66.0,72.6,TP(+10%),2025-08-05,10000000.0,1430,10999999.999999998,1430,997139.9999999981
2025-08-04,66320,電気機器,72.6,1205.0,1325.5,TP(+10%),2025-08-07,10000000.0,1430,11000000.0,1430,997140.0
2025-08-04,260A0,その他,85.4,21.0,19.9,SL(-5%),2025-08-05,10000000.0,1430,9476190.476190476,1430,-526669.5238095243
2025-08-04,21640,サービス業,83.0,120.36510312707918,132.4,TP(+10%),2025-08-06,10000000.0,1430,10999865.95452127,1430,997005.9545212705
2025-08-04,70890,サービス業,64.3,800.0,880.0,TP(+10%),2025-08-06,10000000.0,1430,11000000.0,1430,997140.0
2025-07-01,146A0,不動産業,62.9,2575.0,2832.5,TP(+10%),2025-08-13,10000000.0,1430,11000000.0,1430,997140.0
2025-07-09,147A0,情報･通信業,71.0,885.0,973.5,TP(+10%),2025-08-13,10000000.0,1430,11000000.0,1430,997140.0
2025-07-10,60830,サービス業,80.8,1015.0,964.2,SL(-5%),2025-08-13,10000000.0,1430,9499507.389162563,1430,-503352.6108374372
2025-07-14,77460,精密機器,85.6,172.0,163.4,SL(-5%),2025-08-13,10000000.0,1430,9500000.0,1430,-502860.0
2025-07-23,45230,医薬品,62.3,4120.0,4532.0,TP(+10%),2025-08-13,10000000.0,1430,11000000.0,1430,997140.0
2025-07-30,65160,電気機器,79.2,3046.6666666666665,3351.3,TP(+10%),2025-08-13,10000000.0,1430,10999890.590809628,1430,997030.5908096284
2025-07-30,98890,情報･通信業,75.3,1263.0,1389.3,TP(+10%),2025-08-13,10000000.0,1430,10999999.999999998,1430,997139.9999999981
2025-08-05,49370,化学,90.2,1243.0,1180.8,SL(-5%),2025-08-06,10000000.0,1430,9499597.747385358,1430,-503262.25261464156
2025-08-05,23230,情報･通信業,99.0,169.0,160.5,SL(-5%),2025-08-06,10000000.0,1430,9497041.420118343,1430,-505818.5798816569
2025-08-05,157A0,サービス業,85.6,584.0,554.8,SL(-5%),2025-08-07,10000000.0,1430,9500000.0,1430,-502860.0
2025-08-05,31950,小売業,90.3,514.0,565.4,TP(+10%),2025-08-06,10000000.0,1430,10999999.999999998,1430,997139.9999999981
2025-08-05,63470,機械,82.1,225.0,213.8,SL(-5%),2025-08-12,10000000.0,1430,9502222.222222224,1430,-500637.7777777761
2025-08-05,35650,卸売業,71.0,526.3333333333333,579.0,TP(+10%),2025-08-07,10000000.0,1430,11000633.312222928,1430,997773.3122229278
2025-08-05,23450,情報･通信業,75.0,222.0,244.2,TP(+10%),2025-08-07,10000000.0,1430,10999999.999999998,1430,997139.9999999981
2025-08-05,97040,サービス業,69.4,72.0,68.4,SL(-5%),2025-08-12,10000000.0,1430,9500000.0,1430,-502860.0
2025-08-05,93020,倉庫･運輸関連業,68.7,3850.0,4235.0,TP(+10%),2025-08-12,10000000.0,1430,11000000.0,1430,997140.0
2025-08-05,46350,化学,78.5,1070.0,1177.0,TP(+10%),2025-08-06,10000000.0,1430,11000000.0,1430,997140.0
2025-08-05,57290,非鉄金属,72.2,2187.5,2406.2,TP(+10%),2025-08-06,10000000.0,1430,10999771.428571427,1430,996911.4285714272
2025-08-05,31100,ガラス･土石製品,70.0,1138.0,1081.1,SL(-5%),2025-08-06,10000000.0,1430,9500000.0,1430,-502860.0
2025-06-09,37960,情報･通信業,70.8,247.0,271.7,TP(+10%),2025-08-14,10000000.0,1430,10999999.999999998,1430,997139.9999999981
2025-06-26,70410,サービス業,63.7,331.0,364.1,TP(+10%),2025-08-14,10000000.0,1430,11000000.0,1430,997140.0
2025-07-10,66940,電気機器,65.8,684.0,649.8,SL(-5%),2025-08-14,10000000.0,1430,9500000.0,1430,-502860.0
2025-07-11,32240,小売業,84.8,659.0,724.9,TP(+10%),2025-08-14,10000000.0,1430,10999999.999999998,1430,997139.9999999981
2025-07-17,55270,不動産業,80.5,546.6666666666666,601.3,TP(+10%),2025-08-14,10000000.0,1430,10999390.243902437,1430,996530.2439024374
2025-07-28,94360,情報･通信業,68.8,2442.5,2686.8,TP(+10%),2025-08-14,10000000.0,1430,11000204.708290687,1430,997344.7082906868
2025-07-28,62540,機械,61.8,2628.0,2890.8,TP(+10%),2025-08-14,10000000.0,1430,11000000.0,1430,997140.0
2025-07-31,95060,電気･ガス業,60.8,1060.5,1166.6,TP(+10%),2025-08-14,10000000.0,1430,11000471.475719001,1430,997611.4757190011
2025-08-05,92360,サービス業,61.3,1245.0,1182.8,SL(-5%),2025-08-14,10000000.0,1430,9500401.606425703,1430,-502458.3935742974
2025-08-06,43960,情報･通信業,77.4,1394.0,1533.4,TP(+10%),2025-08-07,10000000.0,1430,11000000.0,1430,997140.0
2025-08-06,31030,繊維製品,88.6,210.0,199.5,SL(-5%),2025-08-07,10000000.0,1430,9500000.0,1430,-502860.0
2025-08-06,31950,小売業,87.6,614.0,583.3,SL(-5%),2025-08-07,10000000.0,1430,9500000.0,1430,-502860.0
2025-08-06,30770,小売業,72.4,369.0,350.6,SL(-5%),2025-08-07,10000000.0,1430,9501355.013550136,1430,-501504.98644986376
2025-08-06,35650,卸売業,69.0,558.0,613.8,TP(+10%),2025-08-08,10000000.0,1430,10999999.999999998,1430,997139.9999999981
2025-08-06,70120,輸送用機器,71.5,2220.0,2109.0,SL(-5%),2025-08-14,10000000.0,1430,9500000.0,1430,-502860.0
2025-08-06,70130,機械,74.7,2448.5714285714284,2326.1,SL(-5%),2025-08-07,10000000.0,1430,9499824.970828472,1430,-503035.0291715283
2025-08-06,57290,非鉄金属,78.4,2562.5,2434.4,SL(-5%),2025-08-07,10000000.0,1430,9500097.56097561,1430,-502762.43902439065
2025-08-06,87980,保険業,74.0,320.0,304.0,SL(-5%),2025-08-07,10000000.0,1430,9500000.0,1430,-502860.0
2025-08-06,65900,電気機器,73.8,2056.0,1953.2,SL(-5%),2025-08-07,10000000.0,1430,9500000.0,1430,-502860.0
2025-08-06,65740,サービス業,77.8,120.10000000000001,132.1,TP(+10%),2025-08-14,10000000.0,1430,10999167.36053289,1430,996307.3605328891
2025-06-17,194A0,サービス業,77.6,714.0,785.4,TP(+10%),2025-08-15,10000000.0,1430,10999999.999999998,1430,997139.9999999981
2025-07-15,31330,小売業,70.1,682.0,750.2,TP(+10%),2025-08-15,10000000.0,1430,11000000.0,1430,997140.0
2025-07-16,40550,情報･通信業,67.7,1156.0,1271.6,TP(+10%),2025-08-15,10000000.0,1430,10999999.999999998,1430,997139.9999999981
2025-07-17,48110,情報･通信業,67.0,1271.6666666666665,1398.8,TP(+10%),2025-08-15,10000000.0,1430,10999737.876802098,1430,996877.876802098
2025-07-31,68350,電気機器,81.5,187.0,177.7,SL(-5%),2025-08-15,10000000.0,1430,9502673.796791444,1430,-500186.2032085564
2025-08-04,75950,情報･通信業,78.0,1222.5,1161.4,SL(-5%),2025-08-15,10000000.0,1430,9500204.498977507,1430,-502655.50102249347
2025-08-04,70660,サービス業,63.8,634.0,602.3,SL(-5%),2025-08-15,10000000.0,1430,9500000.0,1430,-502860.0
2025-08-07,31850,小売業,90.3,158.0,150.1,SL(-5%),2025-08-12,10000000.0,1430,9500000.0,1430,-502860.0
2025-08-07,23450,情報･通信業,94.7,265.0,251.8,SL(-5%),2025-08-08,10000000.0,1430,9501886.79245283,1430,-500973.2075471692
2025-08-07,38140,その他,78.9,113.0,107.3,SL(-5%),2025-08-08,10000000.0,1430,9495575.221238937,1430,-507284.7787610628
2025-08-07,55770,その他,83.9,763.0,724.9,SL(-5%),2025-08-08,10000000.0,1430,9500655.307994757,1430,-502204.69200524315
2025-08-07,19090,機械,81.6,1362.5,1498.8,TP(+10%),2025-08-12,10000000.0,1430,11000366.972477065,1430,997506.9724770654
2025-08-07,31030,繊維製品,73.4,197.0,216.7,TP(+10%),2025-08-15,10000000.0,1430,10999999.999999998,1430,997139.9999999981
2025-08-07,27000,卸売業,69.9,2791.0,3070.1,TP(+10%),2025-08-08,10000000.0,1430,10999999.999999998,1430,997139.9999999981
2025-08-07,31950,小売業,68.6,591.0,561.4,SL(-5%),2025-08-08,10000000.0,1430,9499153.976311337,1430,-503706.0236886628
2025-08-07,80610,卸売業,71.8,2010.0,1909.5,SL(-5%),2025-08-08,10000000.0,1430,9500000.0,1430,-502860.0
2025-08-07,65900,電気機器,70.9,1864.0,2050.4,TP(+10%),2025-08-12,10000000.0,1430,11000000.0,1430,997140.0
2025-08-07,58010,非鉄金属,76.8,906.6,861.3,SL(-5%),2025-08-08,10000000.0,1430,9500330.906684315,1430,-502529.09331568517
2025-08-07,57290,非鉄金属,64.4,2507.5,2758.2,TP(+10%),2025-08-08,10000000.0,1430,10999800.598205382,1430,996940.598205382
2025-08-07,19110,建設業,71.6,1596.0,1755.6,TP(+10%),2025-08-15,10000000.0,1430,10999999.999999998,1430,997139.9999999981
2025-08-07,21640,サービス業,77.2,144.66067864271457,159.1,TP(+10%),2025-08-08,10000000.0,1430,10998151.08658158,1430,995291.0865815803
2025-06-09,67970,電気機器,77.1,1096.0,1205.6,TP(+10%),2025-08-18,10000000.0,1430,10999999.999999998,1430,997139.9999999981
2025-06-13,168A0,その他製品,62.0,1029.0,1131.9,TP(+10%),2025-08-18,10000000.0,1430,11000000.0,1430,997140.0
2025-07-09,83660,銀行業,67.7,1240.0,1364.0,TP(+10%),2025-08-18,10000000.0,1430,11000000.0,1430,997140.0
2025-07-10,36970,情報･通信業,79.7,1563.5,1719.9,TP(+10%),2025-08-18,10000000.0,1430,11000319.795330988,1430,997459.7953309882
2025-07-16,96020,情報･通信業,74.1,1838.2,2022.0,TP(+10%),2025-08-18,10000000.0,1430,10999891.197911,1430,997031.1979109999
2025-07-23,70620,サービス業,66.7,888.0,976.8,TP(+10%),2025-08-18,10000000.0,1430,10999999.999999998,1430,997139.9999999981
2025-07-25,92370,サービス業,70.2,1251.5,1376.7,TP(+10%),2025-08-18,10000000.0,1430,11000399.520575311,1430,997539.520575311
2025-07-30,26560,小売業,91.3,119.0,130.9,TP(+10%),2025-08-18,10000000.0,1430,11000000.0,1430,997140.0
2025-08-06,72360,輸送用機器,78.2,655.0,720.5,TP(+10%),2025-08-18,10000000.0,1430,11000000.0,1430,997140.0
2025-08-07,92270,サービス業,68.0,611.0,672.1,TP(+10%),2025-08-18,10000000.0,1430,11000000.0,1430,997140.0
2025-08-08,52470,情報･通信業,96.1,1336.0,1269.2,SL(-5%),2025-08-12,10000000.0,1430,9500000.0,1430,-502860.0
2025-08-08,41690,情報･通信業,90.8,330.0,363.0,TP(+10%),2025-08-12,10000000.0,1430,11000000.0,1430,997140.0
2025-08-08,38140,その他,93.8,102.0,112.2,TP(+10%),2025-08-12,10000000.0,1430,11000000.0,1430,997140.0
2025-08-08,32770,不動産業,70.1,616.5,585.7,SL(-5%),2025-08-14,10000000.0,1430,9500405.515004056,1430,-502454.4849959444
2025-08-08,29860,不動産業,72.8,2230.0,2453.0,TP(+10%),2025-08-12,10000000.0,1430,11000000.0,1430,997140.0
2025-08-08,66200,不動産業,72.7,1616.0,1777.6,TP(+10%),2025-08-12,10000000.0,1430,10999999.999999998,1430,997139.9999999981
2025-08-08,21640,サービス業,84.9,129.82368596141052,142.8,TP(+10%),2025-08-12,10000000.0,1430,10999533.632286996,1430,996673.6322869956
2025-08-08,36560,情報･通信業,67.5,114.0,125.4,TP(+10%),2025-08-14,10000000.0,1430,11000000.0,1430,997140.0
2025-08-08,29380,食料品,79.3,1416.0,1345.2,SL(-5%),2025-08-13,10000000.0,1430,9500000.0,1430,-502860.0
2025-08-08,44450,情報･通信業,64.6,1762.5,1938.8,TP(+10%),2025-08-13,10000000.0,1430,11000283.687943261,1430,997423.6879432611
2025-08-08,31850,小売業,67.1,154.0,169.4,TP(+10%),2025-08-18,10000000.0,1430,11000000.0,1430,997140.0
2025-08-08,19610,建設業,70.6,1631.6666666666665,1550.1,SL(-5%),2025-08-13,10000000.0,1430,9500102.145045966,1430,-502757.8549540341
2025-08-08,99840,情報･通信業,74.8,3466.25,3812.9,TP(+10%),2025-08-14,10000000.0,1430,11000072.124053372,1430,997212.1240533721
2025-08-08,23450,情報･通信業,73.6,252.0,277.2,TP(+10%),2025-08-12,10000000.0,1430,10999999.999999998,1430,997139.9999999981
2025-08-08,36720,情報･通信業,81.1,71.0,78.1,TP(+10%),2025-08-14,10000000.0,1430,10999999.999999998,1430,997139.9999999981
2025-08-08,30770,小売業,64.6,378.0,415.8,TP(+10%),2025-08-12,10000000.0,1430,11000000.0,1430,997140.0
2025-08-08,41000,化学,64.1,1400.0,1540.0,TP(+10%),2025-08-14,10000000.0,1430,11000000.0,1430,997140.0
2025-08-08,62730,機械,67.5,50000.0,47500.0,SL(-5%),2025-08-18,10000000.0,1430,9500000.0,1430,-502860.0
2025-08-08,58010,非鉄金属,72.9,815.9000000000001,897.5,TP(+10%),2025-08-18,10000000.0,1430,11000122.564039709,1430,997262.564039709
2025-08-08,35650,卸売業,64.1,608.6666666666666,578.2,SL(-5%),2025-08-15,10000000.0,1430,9499452.354874043,1430,-503407.6451259572
2025-08-08,36960,情報･通信業,67.4,2396.0,2276.2,SL(-5%),2025-08-12,10000000.0,1430,9500000.0,1430,-502860.0
2025-08-08,31950,小売業,72.2,553.0,525.4,SL(-5%),2025-08-12,10000000.0,1430,9500904.159132006,1430,-501955.84086799435
2025-08-08,57290,非鉄金属,66.3,2640.0,2508.0,SL(-5%),2025-08-12,10000000.0,1430,9500000.0,1430,-502860.0
2025-04-18,92140,サービス業,83.5,1368.0,1504.8,TP(+10%),2025-08-19,10000000.0,1430,10999999.999999998,1430,997139.9999999981
2025-05-28,48800,医薬品,73.8,693.0,658.4,SL(-5%),2025-08-19,10000000.0,1430,9500721.500721501,1430,-502138.4992784988
2025-06-11,72050,その他,86.3,366.8,403.5,TP(+10%),2025-08-19,10000000.0,1430,11000545.256270446,1430,997685.2562704459
2025-07-24,45820,医薬品,73.3,160.0,152.0,SL(-5%),2025-08-19,10000000.0,1430,9500000.0,1430,-502860.0
2025-07-29,290A0,情報･通信業,67.8,988.0,938.6,SL(-5%),2025-08-19,10000000.0,1430,9500000.0,1430,-502860.0
2025-08-12,39280,情報･通信業,92.3,250.0,237.5,SL(-5%),2025-08-14,10000000.0,1430,9500000.0,1430,-502860.0
2025-08-12,75270,情報･通信業,90.1,62.0,58.9,SL(-5%),2025-08-14,10000000.0,1430,9500000.0,1430,-502860.0
2025-08-12,38140,その他,96.6,132.0,145.2,TP(+10%),2025-08-13,10000000.0,1430,10999999.999999998,1430,997139.9999999981
2025-08-12,66480,電気機器,90.7,1276.0,1212.2,SL(-5%),2025-08-13,10000000.0,1430,9500000.0,1430,-502860.0
2025-08-12,39970,情報･通信業,95.7,166.4,183.0,TP(+10%),2025-08-13,10000000.0,1430,10997596.153846154,1430,994736.153846154
2025-08-12,19090,機械,80.7,1400.0,1540.0,TP(+10%),2025-08-19,10000000.0,1430,11000000.0,1430,997140.0
2025-08-12,27000,卸売業,84.2,3775.0,4152.5,TP(+10%),2025-08-14,10000000.0,1430,11000000.0,1430,997140.0
2025-08-12,55770,その他,82.4,781.0,859.1,TP(+10%),2025-08-13,10000000.0,1430,11000000.0,1430,997140.0
2025-08-12,45760,医薬品,74.4,121.0,114.9,SL(-5%),2025-08-13,10000000.0,1430,9495867.768595042,1430,-506992.2314049583
2025-08-12,29860,不動産業,75.0,2376.6666666666665,2614.3,TP(+10%),2025-08-19,10000000.0,1430,10999859.747545583,1430,996999.7475455832
2025-08-12,21950,サービス業,68.7,413.0,392.3,SL(-5%),2025-08-13,10000000.0,1430,9498789.346246975,1430,-504070.65375302546
2025-08-12,66200,不動産業,75.4,1622.0,1540.9,SL(-5%),2025-08-13,10000000.0,1430,9500000.0,1430,-502860.0
2025-08-12,27760,卸売業,74.8,144.0,158.4,TP(+10%),2025-08-19,10000000.0,1430,11000000.0,1430,997140.0
2025-08-12,23450,情報･通信業,71.7,263.0,249.8,SL(-5%),2025-08-14,10000000.0,1430,9498098.859315591,1430,-504761.14068440907
2025-08-12,73180,輸送用機器,66.5,1030.0,1133.0,TP(+10%),2025-08-18,10000000.0,1430,11000000.0,1430,997140.0
2025-08-12,51370,情報･通信業,70.5,434.0,477.4,TP(+10%),2025-08-13,10000000.0,1430,10999999.999999998,1430,997139.9999999981
2025-08-12,38230,情報･通信業,73.2,63.0,69.3,TP(+10%),2025-08-19,10000000.0,1430,10999999.999999998,1430,997139.9999999981
2025-08-12,52470,情報･通信業,69.9,1036.0,984.2,SL(-5%),2025-08-13,10000000.0,1430,9500000.0,1430,-502860.0
2025-08-12,70630,サービス業,68.5,326.0,309.7,SL(-5%),2025-08-15,10000000.0,1430,9500000.0,1430,-502860.0
2025-08-12,66130,電気機器,64.5,295.0,324.5,TP(+10%),2025-08-18,10000000.0,1430,11000000.0,1430,997140.0
2025-04-15,74270,卸売業,82.3,848.0,932.8,TP(+10%),2025-08-20,10000000.0,1430,10999999.999999998,1430,997139.9999999981
2025-05-09,39500,パルプ・紙,72.4,1063.3333333333333,1169.7,TP(+10%),2025-08-20,10000000.0,1430,11000313.479623826,1430,997453.4796238262
2025-06-26,77690,精密機器,69.8,3050.0,3355.0,TP(+10%),2025-08-20,10000000.0,1430,11000000.0,1430,997140.0
2025-07-14,63230,機械,64.2,1924.0,1827.8,SL(-5%),2025-08-20,10000000.0,1430,9500000.0,1430,-502860.0
2025-07-30,54490,鉄鋼,83.3,2452.0,2697.2,TP(+10%),2025-08-20,10000000.0,1430,10999999.999999998,1430,997139.9999999981
2025-08-01,48190,情報･通信業,74.9,3495.0,3320.2,SL(-5%),2025-08-20,10000000.0,1430,9499856.938483547,1430,-503003.0615164526
2025-08-01,65250,電気機器,60.9,3126.0,2969.7,SL(-5%),2025-08-20,10000000.0,1430,9500000.0,1430,-502860.0
2025-08-13,73690,サービス業,96.8,761.0,722.9,SL(-5%),2025-08-14,10000000.0,1430,9499342.96977661,1430,-503517.0302233901
2025-08-13,39970,情報･通信業,88.5,206.4,227.0,TP(+10%),2025-08-14,10000000.0,1430,10998062.015503876,1430,995202.0155038759
2025-08-13,62270,機械,84.1,1565.0,1486.8,SL(-5%),2025-08-20,10000000.0,1430,9500319.488817891,1430,-502540.5111821089
2025-08-13,23230,情報･通信業,97.1,186.33333333333331,205.0,TP(+10%),2025-08-14,10000000.0,1430,11001788.908765655,1430,998928.908765655
2025-08-13,51370,情報･通信業,96.6,445.0,489.5,TP(+10%),2025-08-19,10000000.0,1430,11000000.0,1430,997140.0
2025-08-13,38140,その他,87.3,182.0,200.2,TP(+10%),2025-08-14,10000000.0,1430,10999999.999999998,1430,997139.9999999981
2025-08-13,269A0,情報･通信業,78.4,2763.0,3039.3,TP(+10%),2025-08-14,10000000.0,1430,11000000.0,1430,997140.0
2025-08-13,66480,電気機器,69.7,1254.0,1379.4,TP(+10%),2025-08-18,10000000.0,1430,11000000.0,1430,997140.0
2025-08-13,62280,機械,72.2,814.0,773.3,SL(-5%),2025-08-15,10000000.0,1430,9500000.0,1430,-502860.0
2025-08-13,66200,不動産業,81.0,1356.0,1288.2,SL(-5%),2025-08-14,10000000.0,1430,9500000.0,1430,-502860.0
2025-08-13,21950,サービス業,63.1,388.0,368.6,SL(-5%),2025-08-18,10000000.0,1430,9500000.0,1430,-502860.0
2025-08-13,27000,卸売業,69.0,3915.0,4306.5,TP(+10%),2025-08-15,10000000.0,1430,11000000.0,1430,997140.0
2025-08-13,62320,機械,64.2,1206.0,1145.7,SL(-5%),2025-08-14,10000000.0,1430,9500000.0,1430,-502860.0
2025-08-13,39050,情報･通信業,76.0,2490.0,2739.0,TP(+10%),2025-08-15,10000000.0,1430,11000000.0,1430,997140.0
2025-08-13,330A0,情報･通信業,62.5,1183.0,1123.8,SL(-5%),2025-08-15,10000000.0,1430,9499577.345731191,1430,-503282.65426880866
2025-08-13,31850,小売業,62.9,158.0,150.1,SL(-5%),2025-08-15,10000000.0,1430,9500000.0,1430,-502860.0
2025-08-13,92290,サービス業,74.2,877.0,964.7,TP(+10%),2025-08-14,10000000.0,1430,11000000.0,1430,997140.0
2025-08-13,52470,情報･通信業,74.3,950.0,902.5,SL(-5%),2025-08-14,10000000.0,1430,9500000.0,1430,-502860.0
2025-08-13,260A0,その他,84.1,12.0,13.2,TP(+10%),2025-08-14,10000000.0,1430,10999999.999999998,1430,997139.9999999981
2025-04-22,62180,機械,65.3,447.0,491.7,TP(+10%),2025-08-21,10000000.0,1430,11000000.0,1430,997140.0
2025-06-25,39610,その他,80.3,638.0,701.8,TP(+10%),2025-08-21,10000000.0,1430,10999999.999999998,1430,997139.9999999981
2025-07-10,39760,情報･通信業,91.5,353.0,388.3,TP(+10%),2025-08-21,10000000.0,1430,11000000.0,1430,997140.0
2025-07-23,70420,サービス業,66.2,578.0,549.1,SL(-5%),2025-08-21,10000000.0,1430,9500000.0,1430,-502860.0
2025-07-23,34460,金属製品,68.4,1218.0,1157.1,SL(-5%),2025-08-21,10000000.0,1430,9500000.0,1430,-502860.0
2025-08-01,15140,鉱業,66.8,662.0,628.9,SL(-5%),2025-08-21,10000000.0,1430,9500000.0,1430,-502860.0
2025-08-08,93430,サービス業,75.5,680.0,748.0,TP(+10%),2025-08-21,10000000.0,1430,11000000.0,1430,997140.0
2025-08-12,38410,情報･通信業,93.5,1337.0,1470.7,TP(+10%),2025-08-21,10000000.0,1430,11000000.0,1430,997140.0
2025-08-12,44480,情報･通信業,70.8,472.0,448.4,SL(-5%),2025-08-21,10000000.0,1430,9500000.0,1430,-502860.0
2025-08-14,26730,小売業,91.0,147.0,161.7,TP(+10%),2025-08-18,10000000.0,1430,10999999.999999998,1430,997139.9999999981
2025-08-14,39970,情報･通信業,99.0,222.0,244.2,TP(+10%),2025-08-15,10000000.0,1430,10999999.999999998,1430,997139.9999999981
2025-08-14,70710,サービス業,98.0,700.0,770.0,TP(+10%),2025-08-15,10000000.0,1430,11000000.0,1430,997140.0
2025-08-14,44860,情報･通信業,88.9,760.0,722.0,SL(-5%),2025-08-15,10000000.0,1430,9500000.0,1430,-502860.0
2025-08-14,23230,情報･通信業,98.8,199.33333333333331,189.4,SL(-5%),2025-08-15,10000000.0,1430,9501672.240802677,1430,-501187.75919732265
2025-08-14,70410,サービス業,71.4,352.0,334.4,SL(-5%),2025-08-19,10000000.0,1430,9500000.0,1430,-502860.0
2025-08-14,37960,情報･通信業,85.4,282.5,310.8,TP(+10%),2025-08-15,10000000.0,1430,11001769.911504425,1430,998909.9115044251
2025-08-14,29980,不動産業,89.6,1086.0,1194.6,TP(+10%),2025-08-19,10000000.0,1430,10999999.999999998,1430,997139.9999999981
2025-08-14,91450,陸運業,79.4,1063.75,1170.1,TP(+10%),2025-08-19,10000000.0,1430,10999764.982373677,1430,996904.9823736772
2025-08-14,247A0,化学,72.0,1392.0,1322.4,SL(-5%),2025-08-15,10000000.0,1430,9500000.0,1430,-502860.0
2025-08-14,55820,情報･通信業,73.2,2360.0,2596.0,TP(+10%),2025-08-18,10000000.0,1430,11000000.0,1430,997140.0
2025-08-14,241A0,情報･通信業,69.8,1180.0,1121.0,SL(-5%),2025-08-15,10000000.0,1430,9500000.0,1430,-502860.0
2025-08-14,94500,情報･通信業,64.7,773.0,734.3,SL(-5%),2025-08-18,10000000.0,1430,9499353.169469599,1430,-503506.8305304013
2025-08-14,39130,情報･通信業,78.6,1120.0,1064.0,SL(-5%),2025-08-15,10000000.0,1430,9500000.0,1430,-502860.0
2025-08-14,43710,情報･通信業,64.9,1216.0,1155.2,SL(-5%),2025-08-21,10000000.0,1430,9500000.0,1430,-502860.0
2025-08-14,38140,その他,83.0,160.0,152.0,SL(-5%),2025-08-15,10000000.0,1430,9500000.0,1430,-502860.0
2025-08-14,87830,その他金融業,70.9,278.0,264.1,SL(-5%),2025-08-15,10000000.0,1430,9500000.0,1430,-502860.0
2025-08-14,38250,小売業,67.3,455.0,432.2,SL(-5%),2025-08-15,10000000.0,1430,9498901.098901099,1430,-503958.9010989014
2025-08-14,92290,サービス業,72.9,939.0,892.0,SL(-5%),2025-08-15,10000000.0,1430,9499467.518636849,1430,-503392.4813631512
2025-08-14,39050,情報･通信業,69.4,2596.0,2855.6,TP(+10%),2025-08-15,10000000.0,1430,10999999.999999998,1430,997139.9999999981
2025-08-14,23450,情報･通信業,74.1,248.0,272.8,TP(+10%),2025-08-15,10000000.0,1430,11000000.0,1430,997140.0
2025-08-14,27000,卸売業,64.8,4180.0,4598.0,TP(+10%),2025-08-15,10000000.0,1430,11000000.0,1430,997140.0
2025-06-09,29910,不動産業,89.0,572.5,629.8,TP(+10%),2025-08-22,10000000.0,1430,11000873.362445414,1430,998013.3624454141
2025-06-25,24590,サービス業,75.9,238.0,261.8,TP(+10%),2025-08-22,10000000.0,1430,11000000.0,1430,997140.0
2025-08-12,246A0,サービス業,78.3,668.0,634.6,SL(-5%),2025-08-22,10000000.0,1430,9500000.0,1430,-502860.0
2025-08-14,269A0,情報･通信業,73.4,2947.0,2799.7,SL(-5%),2025-08-22,10000000.0,1430,9500169.66406515,1430,-502690.33593484946
2025-08-15,93450,サービス業,89.2,1234.5,1172.8,SL(-5%),2025-08-18,10000000.0,1430,9500202.511138111,1430,-502657.48886188865
2025-08-15,37960,情報･通信業,91.7,332.5,315.9,SL(-5%),2025-08-18,10000000.0,1430,9500751.879699247,1430,-502108.12030075304
2025-08-15,302A0,サービス業,90.8,683.0,648.9,SL(-5%),2025-08-21,10000000.0,1430,9500732.064421669,1430,-502127.93557833135
2025-08-15,196A0,その他金融業,73.4,380.0,361.0,SL(-5%),2025-08-18,10000000.0,1430,9500000.0,1430,-502860.0
2025-08-15,264A0,サービス業,77.1,788.0,748.6,SL(-5%),2025-08-20,10000000.0,1430,9500000.0,1430,-502860.0
2025-08-15,44360,情報･通信業,70.7,550.0,522.5,SL(-5%),2025-08-20,10000000.0,1430,9500000.0,1430,-502860.0
2025-08-15,70710,サービス業,89.7,772.0,733.4,SL(-5%),2025-08-18,10000000.0,1430,9500000.0,1430,-502860.0
2025-08-15,44990,情報･通信業,75.4,1982.0,2180.2,TP(+10%),2025-08-18,10000000.0,1430,10999999.999999998,1430,997139.9999999981
2025-08-15,74090,輸送用機器,87.2,796.6666666666666,756.8,SL(-5%),2025-08-18,10000000.0,1430,9499581.58995816,1430,-503278.41004184075
2025-08-15,70660,サービス業,67.5,581.0,639.1,TP(+10%),2025-08-20,10000000.0,1430,11000000.0,1430,997140.0
2025-08-15,96120,サービス業,68.7,1285.0,1413.5,TP(+10%),2025-08-20,10000000.0,1430,11000000.0,1430,997140.0
2025-08-15,39360,情報･通信業,81.9,182.0,200.2,TP(+10%),2025-08-22,10000000.0,1430,10999999.999999998,1430,997139.9999999981
2025-08-15,70420,サービス業,66.6,578.0,549.1,SL(-5%),2025-08-21,10000000.0,1430,9500000.0,1430,-502860.0
2025-08-15,48110,情報･通信業,83.3,1426.6666666666665,1569.3,TP(+10%),2025-08-22,10000000.0,1430,10999766.355140189,1430,996906.3551401887
2025-08-15,39970,情報･通信業,87.0,247.9,272.7,TP(+10%),2025-08-18,10000000.0,1430,11000403.38846309,1430,997543.3884630892
2025-08-15,44250,情報･通信業,68.2,1130.0,1073.5,SL(-5%),2025-08-20,10000000.0,1430,9500000.0,1430,-502860.0
2025-08-15,43770,情報･通信業,70.8,2610.0,2871.0,TP(+10%),2025-08-22,10000000.0,1430,11000000.0,1430,997140.0
2025-08-15,70630,サービス業,78.8,310.0,341.0,TP(+10%),2025-08-18,10000000.0,1430,11000000.0,1430,997140.0
2025-08-15,71380,小売業,80.3,264.40000000000003,290.8,TP(+10%),2025-08-18,10000000.0,1430,10998487.140695915,1430,995627.1406959146
2025-08-15,48940,医薬品,67.2,6800.0,7480.0,TP(+10%),2025-08-19,10000000.0,1430,11000000.0,1430,997140.0
2025-08-15,29980,不動産業,72.9,1112.0,1223.2,TP(+10%),2025-08-20,10000000.0,1430,11000000.0,1430,997140.0
2025-08-15,241A0,情報･通信業,68.8,1091.0,1036.5,SL(-5%),2025-08-18,10000000.0,1430,9500458.295142071,1430,-502401.7048579287
2025-08-15,39050,情報･通信業,72.2,2757.0,3032.7,TP(+10%),2025-08-18,10000000.0,1430,10999999.999999998,1430,997139.9999999981
2025-08-15,40590,情報･通信業,64.0,577.0,634.7,TP(+10%),2025-08-22,10000000.0,1430,11000000.0,1430,997140.0
2025-08-15,247A0,化学,72.4,1306.0,1436.6,TP(+10%),2025-08-19,10000000.0,1430,10999999.999999998,1430,997139.9999999981
2025-08-15,72730,輸送用機器,69.9,960.0,912.0,SL(-5%),2025-08-20,10000000.0,1430,9500000.0,1430,-502860.0
2025-08-15,26730,小売業,62.5,155.0,170.5,TP(+10%),2025-08-21,10000000.0,1430,11000000.0,1430,997140.0
2025-08-15,58010,非鉄金属,71.1,875.0,831.2,SL(-5%),2025-08-20,10000000.0,1430,9499428.571428573,1430,-503431.42857142724
2025-08-15,95610,サービス業,63.7,722.0,685.9,SL(-5%),2025-08-19,10000000.0,1430,9500000.0,1430,-502860.0
2025-08-15,69200,電気機器,62.4,17405.0,16534.8,SL(-5%),2025-08-19,10000000.0,1430,9500028.72737719,1430,-502831.2726228107
2025-08-15,23450,情報･通信業,69.9,278.0,305.8,TP(+10%),2025-08-22,10000000.0,1430,11000000.0,1430,997140.0
2025-04-25,54100,鉄鋼,64.3,3725.0,4097.5,TP(+10%),2025-08-25,10000000.0,1430,11000000.0,1430,997140.0
2025-05-20,40730,情報･通信業,73.3,567.0,623.7,TP(+10%),2025-08-25,10000000.0,1430,11000000.0,1430,997140.0
2025-06-25,70740,サービス業,63.9,261.0,287.1,TP(+10%),2025-08-25,10000000.0,1430,11000000.0,1430,997140.0
2025-08-04,43890,情報･通信業,64.2,1036.0,984.2,SL(-5%),2025-08-25,10000000.0,1430,9500000.0,1430,-502860.0
2025-08-05,98780,小売業,66.0,710.0,781.0,TP(+10%),2025-08-25,10000000.0,1430,11000000.0,1430,997140.0
2025-08-08,98230,小売業,80.6,1188.0,1306.8,TP(+10%),2025-08-25,10000000.0,1430,10999999.999999998,1430,997139.9999999981
2025-08-12,40540,情報･通信業,68.4,827.0,909.7,TP(+10%),2025-08-25,10000000.0,1430,11000000.0,1430,997140.0
2025-08-15,36610,情報･通信業,67.2,1158.5,1274.4,TP(+10%),2025-08-25,10000000.0,1430,11000431.59257661,1430,997571.5925766099
2025-08-18,37960,情報･通信業,90.4,282.5,268.4,SL(-5%),2025-08-19,10000000.0,1430,9500884.95575221,1430,-501975.0442477893
2025-08-18,73520,サービス業,76.3,933.0,886.3,SL(-5%),2025-08-19,10000000.0,1430,9499464.0943194,1430,-503395.90568060055
2025-08-18,48330,サービス業,73.8,94.0,89.3,SL(-5%),2025-08-20,10000000.0,1430,9500000.0,1430,-502860.0
2025-08-18,96100,サービス業,69.8,131.0,144.1,TP(+10%),2025-08-19,10000000.0,1430,10999999.999999998,1430,997139.9999999981
2025-08-18,37470,情報･通信業,68.6,467.0,513.7,TP(+10%),2025-08-19,10000000.0,1430,11000000.0,1430,997140.0
2025-08-18,39970,情報･通信業,85.7,297.90000000000003,327.7,TP(+10%),2025-08-20,10000000.0,1430,11000335.683115136,1430,997475.6831151359
2025-08-18,70630,サービス業,72.5,337.0,320.1,SL(-5%),2025-08-20,10000000.0,1430,9498516.320474777,1430,-504343.67952522263
2025-08-18,196A0,その他金融業,62.2,368.0,349.6,SL(-5%),2025-08-22,10000000.0,1430,9500000.0,1430,-502860.0
2025-08-18,70710,サービス業,79.6,667.0,633.6,SL(-5%),2025-08-20,10000000.0,1430,9499250.374812594,1430,-503609.6251874063
2025-08-18,71380,小売業,73.9,276.40000000000003,304.0,TP(+10%),2025-08-21,10000000.0,1430,10998552.821997106,1430,995692.8219971061
2025-08-18,57210,非鉄金属,81.8,187.9007377598927,206.7,TP(+10%),2025-08-19,10000000.0,1430,11000489.006282123,1430,997629.0062821228
2025-08-18,38140,その他,80.4,184.0,202.4,TP(+10%),2025-08-19,10000000.0,1430,11000000.0,1430,997140.0
2025-08-18,50270,情報･通信業,65.0,683.0,751.3,TP(+10%),2025-08-21,10000000.0,1430,10999999.999999998,1430,997139.9999999981
2025-07-14,77190,精密機器,65.2,233.0,256.3,TP(+10%),2025-08-26,10000000.0,1430,11000000.0,1430,997140.0
2025-07-31,44170,情報･通信業,68.5,3200.0,3520.0,TP(+10%),2025-08-26,10000000.0,1430,11000000.0,1430,997140.0
2025-08-06,81130,化学,65.6,1033.0,981.3,SL(-5%),2025-08-26,10000000.0,1430,9499515.97289448,1430,-503344.02710551955
2025-08-08,44920,情報･通信業,64.5,465.0,511.5,TP(+10%),2025-08-26,10000000.0,1430,11000000.0,1430,997140.0
2025-08-15,48140,情報･通信業,70.1,158.0,173.8,TP(+10%),2025-08-26,10000000.0,1430,11000000.0,1430,997140.0
2025-08-19,33170,小売業,81.4,1507.5,1432.1,SL(-5%),2025-08-20,10000000.0,1430,9499834.162520729,1430,-503025.837479271
2025-08-19,96100,サービス業,84.9,139.0,132.0,SL(-5%),2025-08-20,10000000.0,1430,9496402.877697842,1430,-506457.1223021578
2025-08-19,17570,その他,96.8,5.0,4.8,SL(-5%),2025-08-20,10000000.0,1430,9600000.0,1430,-402860.0
2025-08-19,44990,情報･通信業,90.2,2450.0,2695.0,TP(+10%),2025-08-20,10000000.0,1430,11000000.0,1430,997140.0
2025-08-19,60390,サービス業,77.2,752.0,827.2,TP(+10%),2025-08-26,10000000.0,1430,11000000.0,1430,997140.0
2025-08-19,57210,非鉄金属,85.0,246.61971830985917,271.3,TP(+10%),2025-08-20,10000000.0,1430,11000742.432895487,1430,997882.4328954872
2025-08-19,99780,小売業,68.2,59.0,64.9,TP(+10%),2025-08-20,10000000.0,1430,11000000.0,1430,997140.0
2025-08-19,39970,情報･通信業,80.0,326.0,309.7,SL(-5%),2025-08-20,10000000.0,1430,9500000.0,1430,-502860.0
2025-08-19,52470,情報･通信業,86.7,927.0,880.6,SL(-5%),2025-08-21,10000000.0,1430,9499460.625674218,1430,-503399.37432578206
2025-08-19,87980,保険業,77.2,390.0,370.5,SL(-5%),2025-08-20,10000000.0,1430,9500000.0,1430,-502860.0
2025-08-19,23230,情報･通信業,85.2,218.33333333333331,240.2,TP(+10%),2025-08-20,10000000.0,1430,11001526.717557253,1430,998666.7175572533
2025-08-19,247A0,化学,76.2,1508.0,1432.6,SL(-5%),2025-08-20,10000000.0,1430,9500000.0,1430,-502860.0
2025-08-19,49350,化学,85.3,511.0,485.4,SL(-5%),2025-08-20,10000000.0,1430,9499021.526418786,1430,-503838.4735812135
2025-08-19,38140,その他,79.4,224.0,246.4,TP(+10%),2025-08-20,10000000.0,1430,11000000.0,1430,997140.0
2025-08-19,38250,小売業,71.7,451.0,428.4,SL(-5%),2025-08-20,10000000.0,1430,9498891.352549888,1430,-503968.6474501118
2025-08-19,51370,情報･通信業,72.9,489.0,464.5,SL(-5%),2025-08-20,10000000.0,1430,9498977.505112475,1430,-503882.4948875252
2025-07-01,70690,サービス業,91.5,361.5,397.7,TP(+10%),2025-08-27,10000000.0,1430,11001383.125864452,1430,998523.1258644518
2025-07-17,91660,サービス業,68.1,901.0,855.9,SL(-5%),2025-08-27,10000000.0,1430,9499445.061043285,1430,-503414.93895671517
2025-07-29,41070,化学,71.4,2770.0,2631.5,SL(-5%),2025-08-27,10000000.0,1430,9500000.0,1430,-502860.0
2025-08-06,57410,非鉄金属,76.3,1420.0,1562.0,TP(+10%),2025-08-27,10000000.0,1430,11000000.0,1430,997140.0
2025-08-08,45720,医薬品,85.6,226.0,248.6,TP(+10%),2025-08-27,10000000.0,1430,11000000.0,1430,997140.0
2025-08-15,141A0,小売業,65.6,2450.0,2695.0,TP(+10%),2025-08-27,10000000.0,1430,11000000.0,1430,997140.0
2025-08-20,23750,サービス業,90.9,283.0,268.8,SL(-5%),2025-08-22,10000000.0,1430,9498233.215547703,1430,-504626.7844522968
2025-08-20,87830,その他金融業,90.9,305.0,335.5,TP(+10%),2025-08-22,10000000.0,1430,11000000.0,1430,997140.0
2025-08-20,57210,非鉄金属,85.0,330.00067069081155,313.5,SL(-5%),2025-08-21,10000000.0,1430,9499980.692273455,1430,-502879.30772654526
2025-08-20,44290,情報･通信業,71.4,971.0,1068.1,TP(+10%),2025-08-21,10000000.0,1430,10999999.999999998,1430,997139.9999999981
2025-08-20,44990,情報･通信業,84.5,2890.0,3179.0,TP(+10%),2025-08-21,10000000.0,1430,11000000.0,1430,997140.0
2025-08-20,65740,サービス業,89.5,268.3,295.1,TP(+10%),2025-08-21,10000000.0,1430,10998881.848676857,1430,996021.8486768566
2025-08-20,17570,その他,88.0,3.0,3.3,TP(+10%),2025-08-21,10000000.0,1430,10999999.999999998,1430,997139.9999999981
2025-08-20,23230,情報･通信業,81.4,219.0,240.9,TP(+10%),2025-08-21,10000000.0,1430,11000000.0,1430,997140.0
2025-08-20,71380,小売業,72.4,266.8,293.5,TP(+10%),2025-08-21,10000000.0,1430,11000749.625187404,1430,997889.6251874045
2025-08-20,39970,情報･通信業,81.3,352.0,387.2,TP(+10%),2025-08-21,10000000.0,1430,10999999.999999998,1430,997139.9999999981
2025-08-20,29980,不動産業,68.2,1308.0,1438.8,TP(+10%),2025-08-22,10000000.0,1430,10999999.999999998,1430,997139.9999999981
2025-08-20,36960,情報･通信業,62.2,2217.0,2438.7,TP(+10%),2025-08-22,10000000.0,1430,10999999.999999998,1430,997139.9999999981
2025-08-20,87980,保険業,70.2,376.0,357.2,SL(-5%),2025-08-26,10000000.0,1430,9500000.0,1430,-502860.0
2025-04-28,74500,その他,67.4,1079.0,1025.0,SL(-5%),2025-08-28,10000000.0,1430,9499536.607970342,1430,-503323.39202965796
2025-07-31,48120,情報･通信業,68.8,2210.0,2099.5,SL(-5%),2025-08-28,10000000.0,1430,9500000.0,1430,-502860.0
2025-08-05,21560,サービス業,70.7,344.0,378.4,TP(+10%),2025-08-28,10000000.0,1430,10999999.999999998,1430,997139.9999999981
2025-08-18,92370,サービス業,73.1,1496.5,1421.7,SL(-5%),2025-08-28,10000000.0,1430,9500167.056465086,1430,-502692.9435349144
2025-08-18,74090,輸送用機器,72.1,746.6666666666666,821.3,TP(+10%),2025-08-28,10000000.0,1430,10999553.57142857,1430,996693.5714285709
2025-08-18,66480,電気機器,71.7,1466.0,1392.7,SL(-5%),2025-08-28,10000000.0,1430,9500000.0,1430,-502860.0
2025-08-20,74620,小売業,74.8,207.0,227.7,TP(+10%),2025-08-28,10000000.0,1430,10999999.999999998,1430,997139.9999999981
2025-08-20,36720,情報･通信業,68.1,79.0,86.9,TP(+10%),2025-08-28,10000000.0,1430,11000000.0,1430,997140.0
2025-08-21,44290,情報･通信業,87.9,1037.0,1140.7,TP(+10%),2025-08-27,10000000.0,1430,11000000.0,1430,997140.0
2025-08-21,38230,情報･通信業,87.6,98.0,107.8,TP(+10%),2025-08-22,10000000.0,1430,11000000.0,1430,997140.0
2025-08-21,39970,情報･通信業,89.1,325.0,308.8,SL(-5%),2025-08-22,10000000.0,1430,9501538.461538462,1430,-501321.53846153803
2025-08-21,71380,小売業,82.5,326.8,359.5,TP(+10%),2025-08-22,10000000.0,1430,11000611.99510404,1430,997751.9951040391
2025-08-21,38410,情報･通信業,73.5,1384.0,1522.4,TP(+10%),2025-08-26,10000000.0,1430,11000000.0,1430,997140.0
2025-08-21,44990,情報･通信業,81.1,3390.0,3729.0,TP(+10%),2025-08-22,10000000.0,1430,11000000.0,1430,997140.0
2025-08-21,23750,サービス業,64.2,277.0,263.1,SL(-5%),2025-08-22,10000000.0,1430,9498194.945848376,1430,-504665.05415162444
2025-08-21,57210,非鉄金属,78.5,273.63044936284376,301.0,TP(+10%),2025-08-22,10000000.0,1430,11000237.755004495,1430,997377.7550044954
2025-08-21,65740,サービス業,82.1,318.5,350.4,TP(+10%),2025-08-22,10000000.0,1430,11001569.858712714,1430,998709.8587127142
2025-08-21,23230,情報･通信業,83.6,241.33333333333331,265.5,TP(+10%),2025-08-22,10000000.0,1430,11001381.215469614,1430,998521.2154696137
2025-05-29,70830,サービス業,94.7,977.0,928.1,SL(-5%),2025-08-29,10000000.0,1430,9499488.229273286,1430,-503371.7707267143
2025-06-12,49760,化学,69.8,1341.6666666666665,1475.8,TP(+10%),2025-08-29,10000000.0,1430,10999751.552795032,1430,996891.552795032
2025-07-23,66190,電気機器,76.4,241.0,265.1,TP(+10%),2025-08-29,10000000.0,1430,11000000.0,1430,997140.0
2025-07-31,74190,小売業,68.4,1155.0,1097.2,SL(-5%),2025-08-29,10000000.0,1430,9499567.0995671,1430,-503292.9004328996
2025-08-13,71140,卸売業,70.3,840.0,924.0,TP(+10%),2025-08-29,10000000.0,1430,11000000.0,1430,997140.0
2025-08-14,97040,サービス業,71.9,64.0,70.4,TP(+10%),2025-08-29,10000000.0,1430,11000000.0,1430,997140.0
2025-08-15,43240,サービス業,78.0,2752.5,3027.8,TP(+10%),2025-08-29,10000000.0,1430,11000181.653042689,1430,997321.653042689
2025-08-22,38070,情報･通信業,90.3,160.0,176.0,TP(+10%),2025-08-25,10000000.0,1430,11000000.0,1430,997140.0
2025-08-22,36230,情報･通信業,90.8,1190.0,1309.0,TP(+10%),2025-08-25,10000000.0,1430,11000000.0,1430,997140.0
2025-08-22,66590,電気機器,91.1,63.0,69.3,TP(+10%),2025-08-25,10000000.0,1430,10999999.999999998,1430,997139.9999999981
2025-08-22,38230,情報･通信業,89.0,87.0,82.6,SL(-5%),2025-08-25,10000000.0,1430,9494252.873563219,1430,-508607.12643678114
2025-08-22,44990,情報･通信業,78.3,3900.0,3705.0,SL(-5%),2025-08-25,10000000.0,1430,9500000.0,1430,-502860.0
2025-08-22,17570,その他,91.8,6.0,6.6,TP(+10%),2025-08-25,10000000.0,1430,10999999.999999998,1430,997139.9999999981
2025-08-22,48330,サービス業,82.4,96.0,105.6,TP(+10%),2025-08-25,10000000.0,1430,10999999.999999998,1430,997139.9999999981
2025-08-22,50250,情報･通信業,67.4,733.0,696.4,SL(-5%),2025-08-28,10000000.0,1430,9500682.128240108,1430,-502177.8717598915
2025-08-22,260A0,その他,89.6,12.0,13.2,TP(+10%),2025-08-25,10000000.0,1430,10999999.999999998,1430,997139.9999999981
2025-08-22,87830,その他金融業,84.7,365.0,401.5,TP(+10%),2025-08-25,10000000.0,1430,11000000.0,1430,997140.0
2025-08-22,30770,小売業,80.5,536.0,509.2,SL(-5%),2025-08-25,10000000.0,1430,9500000.0,1430,-502860.0
2025-08-22,65740,サービス業,87.7,308.0,292.6,SL(-5%),2025-08-25,10000000.0,1430,9500000.0,1430,-502860.0
2025-08-22,50260,情報･通信業,66.2,1186.0,1304.6,TP(+10%),2025-08-26,10000000.0,1430,10999999.999999998,1430,997139.9999999981
2025-08-22,92400,サービス業,70.2,575.0,546.2,SL(-5%),2025-08-28,10000000.0,1430,9499130.43478261,1430,-503729.56521739066
2025-08-22,96100,サービス業,75.3,150.0,165.0,TP(+10%),2025-08-25,10000000.0,1430,11000000.0,1430,997140.0
2025-08-22,29980,不動産業,75.7,1430.0,1358.5,SL(-5%),2025-08-28,10000000.0,1430,9500000.0,1430,-502860.0
2025-08-22,23450,情報･通信業,79.9,331.0,314.4,SL(-5%),2025-08-25,10000000.0,1430,9498489.425981872,1430,-504370.5740181282
2025-08-22,39970,情報･通信業,86.1,265.90000000000003,292.5,TP(+10%),2025-08-26,10000000.0,1430,11000376.081233544,1430,997516.0812335443
2025-08-22,71380,小売業,75.3,406.8,447.5,TP(+10%),2025-08-25,10000000.0,1430,11000491.642084561,1430,997631.6420845613
2025-08-22,88940,不動産業,75.6,76.0,72.2,SL(-5%),2025-08-25,10000000.0,1430,9500000.0,1430,-502860.0
2025-07-11,76010,小売業,74.7,184.0,174.8,SL(-5%),2025-09-01,10000000.0,1430,9500000.0,1430,-502860.0
2025-07-14,63600,機械,72.0,3070.0,3377.0,TP(+10%),2025-09-01,10000000.0,1430,11000000.0,1430,997140.0
2025-07-17,59050,金属製品,64.3,1364.0,1295.8,SL(-5%),2025-09-01,10000000.0,1430,9500000.0,1430,-502860.0
2025-08-25,36240,情報･通信業,90.9,135.0,148.5,TP(+10%),2025-08-26,10000000.0,1430,11000000.0,1430,997140.0
2025-08-25,40730,情報･通信業,90.7,710.0,674.5,SL(-5%),2025-08-27,10000000.0,1430,9500000.0,1430,-502860.0
2025-08-25,23750,サービス業,86.9,309.0,293.6,SL(-5%),2025-08-26,10000000.0,1430,9501618.122977346,1430,-501241.8770226538
2025-08-25,66590,電気機器,85.5,76.0,72.2,SL(-5%),2025-08-26,10000000.0,1430,9500000.0,1430,-502860.0
2025-08-25,23230,情報･通信業,88.0,295.0,280.2,SL(-5%),2025-08-26,10000000.0,1430,9498305.084745761,1430,-504554.915254239
2025-08-25,87830,その他金融業,77.7,440.0,418.0,SL(-5%),2025-08-26,10000000.0,1430,9500000.0,1430,-502860.0
2025-08-25,142A0,サービス業,82.1,830.0,788.5,SL(-5%),2025-08-26,10000000.0,1430,9500000.0,1430,-502860.0
2025-08-25,44990,情報･通信業,79.9,3610.0,3429.5,SL(-5%),2025-08-26,10000000.0,1430,9500000.0,1430,-502860.0
2025-08-25,71380,小売業,81.7,506.8,557.5,TP(+10%),2025-08-26,10000000.0,1430,11000394.632991318,1430,997534.6329913177
2025-08-25,17570,その他,84.0,7.0,6.6,SL(-5%),2025-08-26,10000000.0,1430,9428571.42857143,1430,-574288.5714285709
2025-08-25,73520,サービス業,65.7,942.0,894.9,SL(-5%),2025-08-28,10000000.0,1430,9500000.0,1430,-502860.0
2025-07-25,19720,建設業,71.5,1456.0,1601.6,TP(+10%),2025-09-02,10000000.0,1430,10999999.999999998,1430,997139.9999999981
2025-07-30,31040,繊維製品,71.0,1990.0,2189.0,TP(+10%),2025-09-02,10000000.0,1430,11000000.0,1430,997140.0
2025-07-30,89140,不動産業,66.0,1223.0,1161.8,SL(-5%),2025-09-02,10000000.0,1430,9499591.169255927,1430,-503268.8307440728
2025-08-05,72610,輸送用機器,62.1,942.8,1037.1,TP(+10%),2025-09-02,10000000.0,1430,11000212.134068731,1430,997352.1340687312
2025-08-07,63240,機械,76.1,2565.0,2436.8,SL(-5%),2025-09-02,10000000.0,1430,9500194.93177388,1430,-502665.0682261195
2025-08-14,48830,医薬品,69.3,87.0,95.7,TP(+10%),2025-09-02,10000000.0,1430,11000000.0,1430,997140.0
2025-08-25,58560,その他,85.6,40.0,44.0,TP(+10%),2025-09-02,10000000.0,1430,11000000.0,1430,997140.0
2025-08-26,40730,情報･通信業,77.7,735.0,698.2,SL(-5%),2025-08-27,10000000.0,1430,9499319.727891156,1430,-503540.27210884355
2025-08-26,36240,情報･通信業,82.7,135.0,128.2,SL(-5%),2025-08-28,10000000.0,1430,9496296.296296297,1430,-506563.70370370336
2025-08-26,45760,医薬品,74.1,106.0,100.7,SL(-5%),2025-08-28,10000000.0,1430,9500000.0,1430,-502860.0
2025-08-26,41670,情報･通信業,79.7,392.0,372.4,SL(-5%),2025-08-27,10000000.0,1430,9500000.0,1430,-502860.0
2025-08-26,71380,小売業,83.9,448.0,492.8,TP(+10%),2025-08-27,10000000.0,1430,11000000.0,1430,997140.0
2025-08-26,50260,情報･通信業,72.8,1287.0,1222.6,SL(-5%),2025-08-28,10000000.0,1430,9499611.499611499,1430,-503248.5003885012
2025-08-26,57070,非鉄金属,68.0,705.0,669.8,SL(-5%),2025-08-28,10000000.0,1430,9500709.219858155,1430,-502150.78014184535
2025-08-26,66340,電気機器,71.4,154.0,146.3,SL(-5%),2025-08-28,10000000.0,1430,9500000.0,1430,-502860.0
2025-08-26,87830,その他金融業,78.4,370.0,351.5,SL(-5%),2025-08-27,10000000.0,1430,9500000.0,1430,-502860.0
2025-08-26,88940,不動産業,86.0,78.0,74.1,SL(-5%),2025-08-27,10000000.0,1430,9500000.0,1430,-502860.0
2025-08-26,66590,電気機器,68.3,71.0,67.5,SL(-5%),2025-08-27,10000000.0,1430,9507042.253521126,1430,-495817.74647887424
2025-08-26,17570,その他,84.8,6.0,6.6,TP(+10%),2025-08-27,10000000.0,1430,10999999.999999998,1430,997139.9999999981
2025-08-26,142A0,サービス業,68.8,800.0,880.0,TP(+10%),2025-08-29,10000000.0,1430,11000000.0,1430,997140.0
2025-08-26,23750,サービス業,70.1,289.0,274.6,SL(-5%),2025-08-28,10000000.0,1430,9501730.10380623,1430,-501129.8961937707
2025-05-26,33910,小売業,70.3,2255.0,2480.5,TP(+10%),2025-09-03,10000000.0,1430,11000000.0,1430,997140.0
2025-07-15,44340,情報･通信業,78.5,2127.0,2020.6,SL(-5%),2025-09-03,10000000.0,1430,9499764.927127408,1430,-503095.07287259214
2025-08-08,52540,情報･通信業,78.7,5110.0,4854.5,SL(-5%),2025-09-03,10000000.0,1430,9500000.0,1430,-502860.0
2025-08-12,58580,非鉄金属,80.8,1820.0,1729.0,SL(-5%),2025-09-03,10000000.0,1430,9500000.0,1430,-502860.0
2025-08-12,70590,サービス業,69.7,1122.0,1065.9,SL(-5%),2025-09-03,10000000.0,1430,9500000.0,1430,-502860.0
2025-08-12,97220,サービス業,77.2,2310.0,2194.5,SL(-5%),2025-09-03,10000000.0,1430,9500000.0,1430,-502860.0
2025-08-15,77070,精密機器,81.5,212.0,201.4,SL(-5%),2025-09-03,10000000.0,1430,9500000.0,1430,-502860.0
2025-08-21,50270,情報･通信業,68.8,776.0,737.2,SL(-5%),2025-09-03,10000000.0,1430,9500000.0,1430,-502860.0
2025-08-27,36810,その他,90.4,180.0,171.0,SL(-5%),2025-08-28,10000000.0,1430,9500000.0,1430,-502860.0
2025-08-27,70690,サービス業,97.0,463.5,509.9,TP(+10%),2025-08-28,10000000.0,1430,11001078.748651562,1430,998218.7486515623
2025-08-27,48130,情報･通信業,91.1,690.0,655.5,SL(-5%),2025-08-28,10000000.0,1430,9500000.0,1430,-502860.0
2025-08-27,48750,医薬品,71.0,210.0,199.5,SL(-5%),2025-08-29,10000000.0,1430,9500000.0,1430,-502860.0
2025-08-27,29700,不動産業,81.6,960.0,912.0,SL(-5%),2025-08-28,10000000.0,1430,9500000.0,1430,-502860.0
2025-08-27,288A0,サービス業,78.8,181.0,199.1,TP(+10%),2025-09-02,10000000.0,1430,10999999.999999998,1430,997139.9999999981
2025-08-27,40730,情報･通信業,64.7,672.0,739.2,TP(+10%),2025-09-02,10000000.0,1430,11000000.0,1430,997140.0
2025-08-27,71380,小売業,78.7,548.0,602.8,TP(+10%),2025-08-28,10000000.0,1430,10999999.999999998,1430,997139.9999999981
2025-08-27,36240,情報･通信業,64.8,140.0,133.0,SL(-5%),2025-08-28,10000000.0,1430,9500000.0,1430,-502860.0
2025-08-27,74220,卸売業,60.6,621.0,589.9,SL(-5%),2025-09-03,10000000.0,1430,9499194.847020933,1430,-503665.1529790666
2025-08-08,64250,機械,62.5,981.0,1079.1,TP(+10%),2025-09-04,10000000.0,1430,10999999.999999998,1430,997139.9999999981
2025-08-19,71120,小売業,89.6,516.0,567.6,TP(+10%),2025-09-04,10000000.0,1430,11000000.0,1430,997140.0
2025-08-28,21560,サービス業,90.8,426.0,468.6,TP(+10%),2025-08-29,10000000.0,1430,11000000.0,1430,997140.0
2025-08-28,70690,サービス業,97.2,451.0,428.4,SL(-5%),2025-08-29,10000000.0,1430,9498891.352549888,1430,-503968.6474501118
2025-08-28,53410,ガラス･土石製品,90.3,375.0,356.2,SL(-5%),2025-08-29,10000000.0,1430,9498666.666666666,1430,-504193.33333333395
2025-08-28,37790,情報･通信業,75.6,249.0,236.5,SL(-5%),2025-08-29,10000000.0,1430,9497991.967871487,1430,-504868.03212851286
2025-08-28,72730,輸送用機器,88.8,1210.0,1331.0,TP(+10%),2025-08-29,10000000.0,1430,11000000.0,1430,997140.0
2025-08-28,61770,サービス業,84.6,282.0,310.2,TP(+10%),2025-08-29,10000000.0,1430,10999999.999999998,1430,997139.9999999981
2025-08-28,48130,情報･通信業,77.3,674.0,640.3,SL(-5%),2025-08-29,10000000.0,1430,9500000.0,1430,-502860.0
2025-08-28,68360,電気機器,84.8,1650.0,1567.5,SL(-5%),2025-08-29,10000000.0,1430,9500000.0,1430,-502860.0
2025-08-28,71380,小売業,84.0,448.0,425.6,SL(-5%),2025-08-29,10000000.0,1430,9500000.0,1430,-502860.0
2025-08-28,74090,輸送用機器,71.0,858.3333333333333,815.4,SL(-5%),2025-09-01,10000000.0,1430,9499805.825242719,1430,-503054.1747572813
2025-08-28,87830,その他金融業,82.0,375.0,356.2,SL(-5%),2025-08-29,10000000.0,1430,9498666.666666666,1430,-504193.33333333395
2025-08-28,87980,保険業,73.2,370.0,351.5,SL(-5%),2025-09-03,10000000.0,1430,9500000.0,1430,-502860.0
2025-08-28,29700,不動産業,73.0,942.5,895.4,SL(-5%),2025-09-03,10000000.0,1430,9500265.251989389,1430,-502594.74801061116
2025-08-28,39970,情報･通信業,84.5,315.0,346.5,TP(+10%),2025-08-29,10000000.0,1430,11000000.0,1430,997140.0
2025-08-28,81050,卸売業,76.4,570.0,627.0,TP(+10%),2025-08-29,10000000.0,1430,11000000.0,1430,997140.0
2025-08-28,68340,電気機器,75.7,1718.0,1632.1,SL(-5%),2025-09-02,10000000.0,1430,9500000.0,1430,-502860.0
2025-08-28,65900,電気機器,75.9,2150.0,2042.5,SL(-5%),2025-09-01,10000000.0,1430,9500000.0,1430,-502860.0
2025-05-12,98820,卸売業,73.8,1534.0,1687.4,TP(+10%),2025-09-05,10000000.0,1430,11000000.0,1430,997140.0
2025-08-05,45400,医薬品,62.6,3467.0,3813.7,TP(+10%),2025-09-08,10000000.0,1430,10999999.999999998,1430,997139.9999999981
2025-08-08,268A0,精密機器,65.1,815.0,896.5,TP(+10%),2025-09-08,10000000.0,1430,11000000.0,1430,997140.0
2025-08-15,36670,情報･通信業,68.7,124.0,117.8,SL(-5%),2025-09-05,10000000.0,1430,9500000.0,1430,-502860.0
2025-08-18,244A0,情報･通信業,66.5,2225.0,2447.5,TP(+10%),2025-09-08,10000000.0,1430,11000000.0,1430,997140.0
2025-08-29,21560,サービス業,94.4,419.0,398.0,SL(-5%),2025-09-02,10000000.0,1430,9498806.682577565,1430,-504053.3174224347
2025-08-29,37790,情報･通信業,80.4,250.0,237.5,SL(-5%),2025-09-02,10000000.0,1430,9500000.0,1430,-502860.0
2025-08-29,142A0,サービス業,77.7,899.0,854.0,SL(-5%),2025-09-02,10000000.0,1430,9499443.82647386,1430,-503416.17352613993
2025-08-29,61770,サービス業,80.8,362.0,343.9,SL(-5%),2025-09-02,10000000.0,1430,9500000.0,1430,-502860.0
2025-08-29,72730,輸送用機器,83.2,1260.0,1197.0,SL(-5%),2025-09-04,10000000.0,1430,9500000.0,1430,-502860.0
2025-08-29,71380,小売業,83.3,368.0,404.8,TP(+10%),2025-09-02,10000000.0,1430,11000000.0,1430,997140.0
2025-08-29,70690,サービス業,77.8,438.0,416.1,SL(-5%),2025-09-04,10000000.0,1430,9500000.0,1430,-502860.0
2025-08-29,150A0,サービス業,64.0,471.0,447.4,SL(-5%),2025-09-03,10000000.0,1430,9498938.428874733,1430,-503921.5711252671
2025-08-29,264A0,サービス業,75.0,835.0,793.2,SL(-5%),2025-09-03,10000000.0,1430,9499401.19760479,1430,-503458.80239520967
2025-08-29,23450,情報･通信業,78.6,339.0,322.1,SL(-5%),2025-09-03,10000000.0,1430,9501474.926253688,1430,-501385.0737463124
2025-08-29,76150,小売業,76.8,231.0,254.1,TP(+10%),2025-09-02,10000000.0,1430,11000000.0,1430,997140.0
2025-08-29,23380,情報･通信業,64.0,470.0,517.0,TP(+10%),2025-09-05,10000000.0,1430,11000000.0,1430,997140.0
2025-07-14,76080,卸売業,68.3,535.0,588.5,TP(+10%),2025-09-09,10000000.0,1430,11000000.0,1430,997140.0
2025-07-14,43800,情報･通信業,79.6,610.0,671.0,TP(+10%),2025-09-10,10000000.0,1430,11000000.0,1430,997140.0
2025-07-30,76000,精密機器,67.0,533.0,506.3,SL(-5%),2025-09-10,10000000.0,1430,9499061.91369606,1430,-503798.08630394004
2025-08-01,34960,不動産業,74.9,4700.0,5170.0,TP(+10%),2025-09-10,10000000.0,1430,11000000.0,1430,997140.0
2025-08-08,19800,建設業,82.0,1900.0,2090.0,TP(+10%),2025-09-09,10000000.0,1430,11000000.0,1430,997140.0
2025-08-12,61370,機械,76.9,1240.0,1364.0,TP(+10%),2025-09-09,10000000.0,1430,11000000.0,1430,997140.0
2025-08-12,67360,電気機器,62.5,6450.0,7095.0,TP(+10%),2025-09-09,10000000.0,1430,11000000.0,1430,997140.0
2025-08-19,81360,卸売業,73.4,1549.2,1471.7,SL(-5%),2025-09-10,10000000.0,1430,9499741.802220501,1430,-503118.197779499
2025-08-22,29910,不動産業,73.2,644.0,708.4,TP(+10%),2025-09-10,10000000.0,1430,10999999.999999998,1430,997139.9999999981
2025-08-27,70630,サービス業,85.5,250.0,237.5,SL(-5%),2025-09-09,10000000.0,1430,9500000.0,1430,-502860.0
2025-09-02,30700,卸売業,87.9,184.0,174.8,SL(-5%),2025-09-04,10000000.0,1430,9500000.0,1430,-502860.0
2025-09-02,168A0,その他製品,81.6,1385.0,1315.8,SL(-5%),2025-09-04,10000000.0,1430,9500361.010830324,1430,-502498.98916967586
2025-09-02,77090,精密機器,77.3,221.0,209.9,SL(-5%),2025-09-04,10000000.0,1430,9497737.556561086,1430,-505122.4434389137
2025-09-02,57210,非鉄金属,81.9,275.9792085848424,303.6,TP(+10%),2025-09-04,10000000.0,1430,11000828.705785144,1430,997968.7057851441
2025-09-02,71380,小売業,84.8,413.0,392.3,SL(-5%),2025-09-04,10000000.0,1430,9498789.346246975,1430,-504070.65375302546
2025-09-02,52470,情報･通信業,85.0,980.0,931.0,SL(-5%),2025-09-04,10000000.0,1430,9500000.0,1430,-502860.0
2025-09-02,95610,サービス業,70.3,672.0,638.4,SL(-5%),2025-09-04,10000000.0,1430,9500000.0,1430,-502860.0
2025-09-02,36720,情報･通信業,76.7,103.0,97.8,SL(-5%),2025-09-04,10000000.0,1430,9495145.63106796,1430,-507714.3689320404
2025-09-02,93480,サービス業,68.1,550.0,522.5,SL(-5%),2025-09-09,10000000.0,1430,9500000.0,1430,-502860.0
2025-09-02,88940,不動産業,80.4,80.0,76.0,SL(-5%),2025-09-04,10000000.0,1430,9500000.0,1430,-502860.0
2025-09-02,66190,電気機器,67.5,258.0,245.1,SL(-5%),2025-09-04,10000000.0,1430,9500000.0,1430,-502860.0
2025-09-02,31100,ガラス･土石製品,73.4,1278.0,1405.8,TP(+10%),2025-09-10,10000000.0,1430,10999999.999999998,1430,997139.9999999981
2025-09-02,99730,小売業,73.2,28.0,26.6,SL(-5%),2025-09-04,10000000.0,1430,9500000.0,1430,-502860.0
2025-09-02,48830,医薬品,63.5,94.0,89.3,SL(-5%),2025-09-04,10000000.0,1430,9500000.0,1430,-502860.0
2025-09-02,38030,情報･通信業,73.2,1011.0,1112.1,TP(+10%),2025-09-04,10000000.0,1430,10999999.999999998,1430,997139.9999999981
2025-09-02,76030,小売業,71.6,364.0,345.8,SL(-5%),2025-09-04,10000000.0,1430,9500000.0,1430,-502860.0
2025-09-02,67310,電気機器,77.6,650.0,617.5,SL(-5%),2025-09-04,10000000.0,1430,9500000.0,1430,-502860.0
2025-09-04,73760,サービス業,96.0,744.3333333333333,818.8,TP(+10%),2025-09-05,10000000.0,1430,11000447.828034034,1430,997587.828034034
2025-09-04,70640,サービス業,72.7,1302.0,1432.2,TP(+10%),2025-09-09,10000000.0,1430,11000000.0,1430,997140.0
2025-09-04,30700,卸売業,88.1,126.0,138.6,TP(+10%),2025-09-05,10000000.0,1430,10999999.999999998,1430,997139.9999999981
2025-09-04,38030,情報･通信業,78.8,1000.0,1100.0,TP(+10%),2025-09-05,10000000.0,1430,11000000.0,1430,997140.0
2025-09-04,57210,非鉄金属,77.2,322.9543930248156,306.8,SL(-5%),2025-09-05,10000000.0,1430,9499793.364830485,1430,-503066.6351695154
2025-09-04,77760,精密機器,64.6,501.0,475.9,SL(-5%),2025-09-09,10000000.0,1430,9499001.996007983,1430,-503858.00399201736
2025-05-14,71200,卸売業,86.2,738.3333333333333,812.2,TP(+10%),2025-09-12,10000000.0,1430,11000451.467268623,1430,997591.4672686234
2025-08-18,76850,卸売業,67.2,1712.5,1883.8,TP(+10%),2025-09-12,10000000.0,1430,11000291.97080292,1430,997431.9708029199
2025-08-20,32770,不動産業,63.8,655.0,622.2,SL(-5%),2025-09-12,10000000.0,1430,9499236.641221374,1430,-503623.3587786257
2025-08-29,91270,海運業,65.8,2058.0,2263.8,TP(+10%),2025-09-12,10000000.0,1430,11000000.0,1430,997140.0
2025-08-29,43240,サービス業,63.2,2924.0,3216.4,TP(+10%),2025-09-12,10000000.0,1430,11000000.0,1430,997140.0
2025-09-02,48130,情報･通信業,68.2,649.0,616.5,SL(-5%),2025-09-12,10000000.0,1430,9499229.583975347,1430,-503630.41602465324
2025-09-05,72560,輸送用機器,71.7,113.0,107.3,SL(-5%),2025-09-09,10000000.0,1430,9495575.221238937,1430,-507284.7787610628
2025-09-05,73760,サービス業,89.6,720.0,684.0,SL(-5%),2025-09-08,10000000.0,1430,9500000.0,1430,-502860.0
2025-09-05,246A0,サービス業,81.4,739.0,812.9,TP(+10%),2025-09-08,10000000.0,1430,10999999.999999998,1430,997139.9999999981
2025-09-05,41120,化学,79.1,1787.0,1697.6,SL(-5%),2025-09-10,10000000.0,1430,9499720.201454952,1430,-503139.79854504764
2025-09-05,58560,その他,78.0,47.0,44.6,SL(-5%),2025-09-08,10000000.0,1430,9489361.70212766,1430,-513498.2978723403
2025-09-05,62280,機械,72.3,840.0,924.0,TP(+10%),2025-09-08,10000000.0,1430,11000000.0,1430,997140.0
2025-09-05,38030,情報･通信業,82.2,1300.0,1430.0,TP(+10%),2025-09-08,10000000.0,1430,11000000.0,1430,997140.0
2025-09-05,30700,卸売業,72.1,139.0,132.0,SL(-5%),2025-09-08,10000000.0,1430,9496402.877697842,1430,-506457.1223021578
2025-09-05,31100,ガラス･土石製品,69.4,1346.0,1480.6,TP(+10%),2025-09-11,10000000.0,1430,10999999.999999998,1430,997139.9999999981
2025-07-28,55780,情報･通信業,77.8,919.6666666666666,1011.6,TP(+10%),2025-09-16,10000000.0,1430,10999637.549836898,1430,996777.5498368982
2025-07-29,29780,不動産業,63.3,570.0,627.0,TP(+10%),2025-09-16,10000000.0,1430,11000000.0,1430,997140.0
2025-08-12,93410,サービス業,78.2,636.0,699.6,TP(+10%),2025-09-16,10000000.0,1430,11000000.0,1430,997140.0
2025-08-22,26280,その他,73.3,2486.0,2734.6,TP(+10%),2025-09-16,10000000.0,1430,10999999.999999998,1430,997139.9999999981
2025-08-26,24590,サービス業,73.7,267.0,253.6,SL(-5%),2025-09-16,10000000.0,1430,9498127.340823969,1430,-504732.6591760311
2025-09-04,80570,卸売業,70.8,2294.0,2523.4,TP(+10%),2025-09-16,10000000.0,1430,11000000.0,1430,997140.0
2025-09-05,62640,機械,64.7,825.0,907.5,TP(+10%),2025-09-16,10000000.0,1430,11000000.0,1430,997140.0
2025-09-08,62280,機械,78.4,990.0,1089.0,TP(+10%),2025-09-09,10000000.0,1430,11000000.0,1430,997140.0
2025-09-08,52160,ガラス･土石製品,68.0,216.0,205.2,SL(-5%),2025-09-11,10000000.0,1430,9500000.0,1430,-502860.0
2025-09-08,38030,情報･通信業,82.2,1139.0,1252.9,TP(+10%),2025-09-09,10000000.0,1430,11000000.0,1430,997140.0
2025-09-08,338A0,情報･通信業,65.2,4045.0,3842.8,SL(-5%),2025-09-09,10000000.0,1430,9500123.609394314,1430,-502736.39060568623
2025-09-08,30700,卸売業,68.0,134.0,127.3,SL(-5%),2025-09-09,10000000.0,1430,9500000.0,1430,-502860.0
2025-08-06,45580,医薬品,76.5,207.0,227.7,TP(+10%),2025-09-17,10000000.0,1430,10999999.999999998,1430,997139.9999999981
2025-09-09,142A0,サービス業,81.1,1024.0,972.8,SL(-5%),2025-09-10,10000000.0,1430,9500000.0,1430,-502860.0
2025-09-09,38030,情報･通信業,86.5,1346.0,1480.6,TP(+10%),2025-09-10,10000000.0,1430,10999999.999999998,1430,997139.9999999981
2025-09-09,48880,医薬品,73.4,379.0,360.1,SL(-5%),2025-09-10,10000000.0,1430,9501319.261213722,1430,-501540.7387862783
2025-09-09,21340,サービス業,81.6,48.0,52.8,TP(+10%),2025-09-10,10000000.0,1430,10999999.999999998,1430,997139.9999999981
2025-09-09,95620,サービス業,64.3,833.3333333333333,791.7,SL(-5%),2025-09-17,10000000.0,1430,9500400.000000002,1430,-502459.99999999814
2025-09-10,43760,情報･通信業,79.6,200.0,190.0,SL(-5%),2025-09-11,10000000.0,1430,9500000.0,1430,-502860.0
2025-09-10,52520,情報･通信業,93.5,506.66666666666663,481.3,SL(-5%),2025-09-11,10000000.0,1430,9499342.105263159,1430,-503517.8947368413
2025-09-10,62280,機械,83.6,1090.0,1035.5,SL(-5%),2025-09-11,10000000.0,1430,9500000.0,1430,-502860.0
2025-09-10,47840,サービス業,87.7,1380.0,1311.0,SL(-5%),2025-09-11,10000000.0,1430,9500000.0,1430,-502860.0
2025-09-10,33500,卸売業,88.8,714.0,678.3,SL(-5%),2025-09-11,10000000.0,1430,9500000.0,1430,-502860.0
2025-09-10,38030,情報･通信業,79.8,1646.0,1810.6,TP(+10%),2025-09-11,10000000.0,1430,10999999.999999998,1430,997139.9999999981
2025-09-10,77940,その他製品,80.0,565.0,536.8,SL(-5%),2025-09-11,10000000.0,1430,9500884.95575221,1430,-501975.0442477893
2025-09-10,65740,サービス業,82.7,308.0,292.6,SL(-5%),2025-09-11,10000000.0,1430,9500000.0,1430,-502860.0
2025-06-26,40200,情報･通信業,73.6,632.0,695.2,TP(+10%),2025-09-19,10000000.0,1430,11000000.0,1430,997140.0
2025-08-18,39260,情報･通信業,71.6,486.0,461.7,SL(-5%),2025-09-19,10000000.0,1430,9500000.0,1430,-502860.0
2025-08-22,36960,情報･通信業,65.0,2485.0,2733.5,TP(+10%),2025-09-19,10000000.0,1430,11000000.0,1430,997140.0
2025-09-09,65900,電気機器,72.3,2256.0,2481.6,TP(+10%),2025-09-19,10000000.0,1430,10999999.999999998,1430,997139.9999999981
2025-09-11,52560,情報･通信業,85.6,2230.0,2453.0,TP(+10%),2025-09-18,10000000.0,1430,11000000.0,1430,997140.0
2025-09-11,38030,情報･通信業,81.8,1488.0,1636.8,TP(+10%),2025-09-12,10000000.0,1430,10999999.999999998,1430,997139.9999999981
2025-09-11,33500,卸売業,85.9,645.0,612.8,SL(-5%),2025-09-12,10000000.0,1430,9500775.193798449,1430,-502084.8062015511
2025-09-11,43760,情報･通信業,66.8,195.0,185.2,SL(-5%),2025-09-16,10000000.0,1430,9497435.897435896,1430,-505424.1025641039
2025-09-11,62280,機械,71.6,1042.0,989.9,SL(-5%),2025-09-12,10000000.0,1430,9500000.0,1430,-502860.0
2025-09-11,47840,サービス業,73.9,1275.0,1211.2,SL(-5%),2025-09-16,10000000.0,1430,9499607.843137255,1430,-503252.15686274506
2025-09-11,37530,情報･通信業,61.4,210.0,199.5,SL(-5%),2025-09-16,10000000.0,1430,9500000.0,1430,-502860.0
2025-09-11,92410,サービス業,77.4,2950.0,2802.5,SL(-5%),2025-09-12,10000000.0,1430,9500000.0,1430,-502860.0
2025-05-16,33740,卸売業,70.4,1965.0,2161.5,TP(+10%),2025-09-22,10000000.0,1430,11000000.0,1430,997140.0
2025-06-11,42350,化学,80.7,692.0,761.2,TP(+10%),2025-09-22,10000000.0,1430,11000000.0,1430,997140.0
2025-07-08,66450,電気機器,68.5,3788.0,4166.8,TP(+10%),2025-09-22,10000000.0,1430,11000000.0,1430,997140.0
2025-07-16,66120,電気機器,69.9,860.0,817.0,SL(-5%),2025-09-22,10000000.0,1430,9500000.0,1430,-502860.0
2025-07-30,40990,化学,80.5,1056.5,1162.2,TP(+10%),2025-09-22,10000000.0,1430,11000473.260766683,1430,997613.2607666831
2025-09-08,190A0,医薬品,76.8,149.0,163.9,TP(+10%),2025-09-22,10000000.0,1430,11000000.0,1430,997140.0
2025-09-11,70640,サービス業,72.0,1320.0,1254.0,SL(-5%),2025-09-22,10000000.0,1430,9500000.0,1430,-502860.0
2025-09-12,95560,サービス業,84.1,4165.0,4581.5,TP(+10%),2025-09-17,10000000.0,1430,11000000.0,1430,997140.0
2025-09-12,39300,情報･通信業,88.5,1067.0,1013.6,SL(-5%),2025-09-16,10000000.0,1430,9499531.396438614,1430,-503328.60356138647
2025-09-12,215A0,サービス業,79.9,1708.0,1622.6,SL(-5%),2025-09-16,10000000.0,1430,9500000.0,1430,-502860.0
2025-09-12,29910,不動産業,73.9,731.0,804.1,TP(+10%),2025-09-16,10000000.0,1430,11000000.0,1430,997140.0
2025-09-12,58890,小売業,82.8,2388.0,2268.6,SL(-5%),2025-09-16,10000000.0,1430,9500000.0,1430,-502860.0
2025-09-12,52560,情報･通信業,65.8,2211.0,2432.1,TP(+10%),2025-09-18,10000000.0,1430,10999999.999999998,1430,997139.9999999981
2025-09-12,66190,電気機器,69.0,263.0,249.8,SL(-5%),2025-09-19,10000000.0,1430,9498098.859315591,1430,-504761.14068440907
2025-09-12,33500,卸売業,76.7,591.0,561.4,SL(-5%),2025-09-18,10000000.0,1430,9499153.976311337,1430,-503706.0236886628
2025-09-12,149A0,情報･通信業,62.6,843.0,927.3,TP(+10%),2025-09-17,10000000.0,1430,10999999.999999998,1430,997139.9999999981
2025-09-12,38030,情報･通信業,80.0,1188.0,1128.6,SL(-5%),2025-09-16,10000000.0,1430,9500000.0,1430,-502860.0
2025-09-12,80060,卸売業,66.2,1475.0,1622.5,TP(+10%),2025-09-16,10000000.0,1430,11000000.0,1430,997140.0
2025-07-16,37600,情報･通信業,74.1,976.0,927.2,SL(-5%),2025-09-24,10000000.0,1430,9500000.0,1430,-502860.0
2025-08-15,52400,情報･通信業,73.9,274.0,260.3,SL(-5%),2025-09-24,10000000.0,1430,9500000.0,1430,-502860.0
2025-08-15,96790,サービス業,83.6,1933.0,2126.3,TP(+10%),2025-09-24,10000000.0,1430,11000000.0,1430,997140.0
2025-09-08,246A0,サービス業,76.7,727.0,690.6,SL(-5%),2025-09-24,10000000.0,1430,9499312.242090784,1430,-503547.757909216
2025-09-12,62280,機械,68.9,1027.0,975.6,SL(-5%),2025-09-24,10000000.0,1430,9499513.145082764,1430,-503346.8549172357
2025-09-16,44220,情報･通信業,85.6,198.66666666666666,188.7,SL(-5%),2025-09-18,10000000.0,1430,9498322.147651006,1430,-504537.85234899446
2025-09-16,324A0,サービス業,78.9,1338.0,1271.1,SL(-5%),2025-09-17,10000000.0,1430,9500000.0,1430,-502860.0
2025-09-16,38040,情報･通信業,80.5,807.0,766.6,SL(-5%),2025-09-17,10000000.0,1430,9499380.421313507,1430,-503479.5786864925
2025-09-16,350A0,電気･ガス業,93.5,936.6666666666666,1030.3,TP(+10%),2025-09-18,10000000.0,1430,10999644.128113879,1430,996784.1281138789
2025-09-16,39050,情報･通信業,85.6,2268.0,2154.6,SL(-5%),2025-09-17,10000000.0,1430,9500000.0,1430,-502860.0
2025-09-16,92350,サービス業,79.3,1229.0,1167.5,SL(-5%),2025-09-24,10000000.0,1430,9499593.165174939,1430,-503266.83482506126
2025-09-16,215A0,サービス業,65.8,1611.0,1530.4,SL(-5%),2025-09-19,10000000.0,1430,9499689.633767847,1430,-503170.366232153
2025-09-16,29910,不動産業,74.0,789.5,750.0,SL(-5%),2025-09-17,10000000.0,1430,9499683.343888538,1430,-503176.65611146204
2025-09-16,95560,サービス業,65.9,4255.0,4680.5,TP(+10%),2025-09-22,10000000.0,1430,11000000.0,1430,997140.0
2025-09-16,35650,卸売業,65.5,600.0,570.0,SL(-5%),2025-09-17,10000000.0,1430,9500000.0,1430,-502860.0
2025-09-16,49350,化学,79.5,483.40000000000003,459.2,SL(-5%),2025-09-17,10000000.0,1430,9499379.395945387,1430,-503480.60405461304
2025-09-16,39130,情報･通信業,66.6,1104.0,1048.8,SL(-5%),2025-09-18,10000000.0,1430,9500000.0,1430,-502860.0
2025-09-16,30700,卸売業,76.3,122.0,115.9,SL(-5%),2025-09-17,10000000.0,1430,9500000.0,1430,-502860.0
2025-08-07,80220,その他製品,82.9,2533.0,2786.3,TP(+10%),2025-09-25,10000000.0,1430,11000000.0,1430,997140.0
2025-08-15,48820,医薬品,81.4,350.0,332.5,SL(-5%),2025-09-25,10000000.0,1430,9500000.0,1430,-502860.0
2025-09-16,55780,情報･通信業,69.4,1010.0,1111.0,TP(+10%),2025-09-25,10000000.0,1430,11000000.0,1430,997140.0
2025-09-16,44860,情報･通信業,68.8,700.0,770.0,TP(+10%),2025-09-25,10000000.0,1430,11000000.0,1430,997140.0
2025-09-17,77070,精密機器,90.7,230.0,218.5,SL(-5%),2025-09-18,10000000.0,1430,9500000.0,1430,-502860.0
2025-09-17,73780,サービス業,80.4,1613.0,1532.3,SL(-5%),2025-09-19,10000000.0,1430,9499690.018598884,1430,-503169.98140111566
2025-09-17,92370,サービス業,80.6,1001.5,951.4,SL(-5%),2025-09-19,10000000.0,1430,9499750.374438344,1430,-503109.62556165643
2025-09-17,38040,情報･通信業,69.5,742.3333333333333,705.2,SL(-5%),2025-09-18,10000000.0,1430,9499775.48271217,1430,-503084.5172878299
2025-09-17,350A0,電気･ガス業,76.1,978.3333333333333,1076.2,TP(+10%),2025-09-18,10000000.0,1430,11000340.715502556,1430,997480.7155025564
2025-09-17,95620,サービス業,70.8,781.3333333333333,742.3,SL(-5%),2025-09-18,10000000.0,1430,9500426.621160408,1430,-502433.3788395915
2025-09-17,91660,サービス業,72.2,941.0,893.9,SL(-5%),2025-09-24,10000000.0,1430,9499468.650371945,1430,-503391.34962805547
2025-09-17,39050,情報･通信業,80.4,2123.0,2016.8,SL(-5%),2025-09-18,10000000.0,1430,9499764.484220441,1430,-503095.51577955857
2025-09-17,25530,その他,77.8,2175.0,2066.2,SL(-5%),2025-09-22,10000000.0,1430,9499770.114942526,1430,-503089.88505747356
2025-09-17,36670,情報･通信業,63.8,120.0,114.0,SL(-5%),2025-09-18,10000000.0,1430,9500000.0,1430,-502860.0
2025-09-17,29910,不動産業,66.3,802.5,762.4,SL(-5%),2025-09-19,10000000.0,1430,9500311.52647975,1430,-502548.4735202491
2025-09-17,95560,サービス業,65.5,4560.0,4332.0,SL(-5%),2025-09-19,10000000.0,1430,9500000.0,1430,-502860.0
2025-09-04,71120,小売業,69.7,535.0,588.5,TP(+10%),2025-09-26,10000000.0,1430,11000000.0,1430,997140.0
2025-09-18,39960,情報･通信業,83.3,355.0,390.5,TP(+10%),2025-09-25,10000000.0,1430,11000000.0,1430,997140.0
2025-09-18,37780,情報･通信業,69.6,3310.0,3641.0,TP(+10%),2025-09-19,10000000.0,1430,11000000.0,1430,997140.0
2025-09-18,40550,情報･通信業,65.6,1275.0,1211.2,SL(-5%),2025-09-19,10000000.0,1430,9499607.843137255,1430,-503252.15686274506
2025-09-18,58580,非鉄金属,67.3,2011.0,2212.1,TP(+10%),2025-09-25,10000000.0,1430,10999999.999999998,1430,997139.9999999981
2025-09-18,58560,その他,70.7,38.0,36.1,SL(-5%),2025-09-26,10000000.0,1430,9500000.0,1430,-502860.0
2025-09-18,45640,医薬品,64.3,26.0,28.6,TP(+10%),2025-09-22,10000000.0,1430,11000000.0,1430,997140.0
2025-09-18,350A0,電気･ガス業,68.9,1051.6666666666665,999.1,SL(-5%),2025-09-19,10000000.0,1430,9500158.47860539,1430,-502701.5213946104
2025-09-18,63240,機械,78.5,3165.0,3006.8,SL(-5%),2025-09-19,10000000.0,1430,9500157.977883097,1430,-502702.0221169032
2025-09-18,31890,小売業,81.7,526.0,499.7,SL(-5%),2025-09-25,10000000.0,1430,9500000.0,1430,-502860.0
2025-09-18,76030,小売業,80.8,270.0,256.5,SL(-5%),2025-09-24,10000000.0,1430,9500000.0,1430,-502860.0
2025-09-18,25530,その他,72.2,2098.0,2307.8,TP(+10%),2025-09-24,10000000.0,1430,11000000.0,1430,997140.0
2025-08-12,43440,情報･通信業,63.6,171.0,188.1,TP(+10%),2025-09-29,10000000.0,1430,10999999.999999998,1430,997139.9999999981
2025-08-26,24980,サービス業,67.6,3355.0,3187.2,SL(-5%),2025-09-29,10000000.0,1430,9499850.968703426,1430,-503009.0312965736
2025-08-28,60860,サービス業,65.2,1125.0,1237.5,TP(+10%),2025-09-29,10000000.0,1430,11000000.0,1430,997140.0
2025-09-10,74620,小売業,72.8,242.0,229.9,SL(-5%),2025-09-29,10000000.0,1430,9500000.0,1430,-502860.0
2025-09-16,80060,卸売業,72.6,1572.5,1729.8,TP(+10%),2025-09-29,10000000.0,1430,11000317.965023847,1430,997457.9650238473
2025-09-18,36670,情報･通信業,70.2,110.0,104.5,SL(-5%),2025-09-29,10000000.0,1430,9500000.0,1430,-502860.0
2025-09-19,37780,情報･通信業,78.8,3740.0,3553.0,SL(-5%),2025-09-24,10000000.0,1430,9500000.0,1430,-502860.0
2025-09-19,93450,サービス業,91.1,1134.0,1077.3,SL(-5%),2025-09-22,10000000.0,1430,9500000.0,1430,-502860.0
2025-09-19,70740,サービス業,75.1,279.0,265.1,SL(-5%),2025-09-22,10000000.0,1430,9501792.11469534,1430,-501067.8853046596
2025-09-19,36640,情報･通信業,63.6,55.0,52.2,SL(-5%),2025-09-24,10000000.0,1430,9490909.090909092,1430,-511950.90909090824
2025-09-19,55780,情報･通信業,67.0,1013.3333333333333,1114.7,TP(+10%),2025-09-25,10000000.0,1430,11000328.947368423,1430,997468.9473684225
2025-09-19,290A0,情報･通信業,66.3,948.0,900.6,SL(-5%),2025-09-26,10000000.0,1430,9500000.0,1430,-502860.0
2025-09-19,31950,小売業,80.2,494.0,469.3,SL(-5%),2025-09-24,10000000.0,1430,9500000.0,1430,-502860.0
2025-09-19,33500,卸売業,75.7,608.0,577.6,SL(-5%),2025-09-24,10000000.0,1430,9500000.0,1430,-502860.0
2025-09-19,63240,機械,65.9,3030.0,2878.5,SL(-5%),2025-09-24,10000000.0,1430,9500000.0,1430,-502860.0
2025-08-08,19690,建設業,66.7,4245.0,4032.8,SL(-5%),2025-09-30,10000000.0,1430,9500117.785630153,1430,-502742.2143698465
2025-08-14,21960,その他,64.6,223.0,211.8,SL(-5%),2025-09-30,10000000.0,1430,9497757.847533634,1430,-505102.15246636607
2025-08-18,67970,電気機器,87.7,1205.0,1325.5,TP(+10%),2025-09-30,10000000.0,1430,11000000.0,1430,997140.0
2025-08-28,41670,情報･通信業,64.5,368.0,349.6,SL(-5%),2025-09-30,10000000.0,1430,9500000.0,1430,-502860.0
2025-09-04,14070,建設業,63.6,1793.0,1972.3,TP(+10%),2025-09-30,10000000.0,1430,11000000.0,1430,997140.0
2025-09-12,27640,小売業,71.1,126.0,119.7,SL(-5%),2025-09-30,10000000.0,1430,9500000.0,1430,-502860.0
2025-09-17,72360,輸送用機器,78.3,764.0,725.8,SL(-5%),2025-09-30,10000000.0,1430,9500000.0,1430,-502860.0
2025-09-17,184A0,情報･通信業,66.7,580.0,638.0,TP(+10%),2025-09-30,10000000.0,1430,11000000.0,1430,997140.0
2025-09-18,52160,ガラス･土石製品,68.9,190.0,209.0,TP(+10%),2025-09-30,10000000.0,1430,11000000.0,1430,997140.0
2025-09-22,190A0,医薬品,94.6,147.0,139.7,SL(-5%),2025-09-25,10000000.0,1430,9503401.360544218,1430,-499458.63945578225
2025-09-22,45640,医薬品,77.1,28.0,26.6,SL(-5%),2025-09-26,10000000.0,1430,9500000.0,1430,-502860.0
2025-09-22,71110,卸売業,62.0,795.0,755.2,SL(-5%),2025-09-26,10000000.0,1430,9499371.06918239,1430,-503488.93081760965
2025-09-22,37780,情報･通信業,62.6,3575.0,3396.2,SL(-5%),2025-09-24,10000000.0,1430,9499860.139860138,1430,-502999.8601398617
2025-08-06,19820,建設業,66.1,2275.0,2161.2,SL(-5%),2025-10-01,10000000.0,1430,9499780.21978022,1430,-503079.7802197803
2025-08-14,65630,サービス業,74.9,637.0,605.1,SL(-5%),2025-10-01,10000000.0,1430,9499215.070643643,1430,-503644.9293563571
2025-08-15,40110,情報･通信業,63.8,3835.0,3643.2,SL(-5%),2025-10-01,10000000.0,1430,9499869.62190352,1430,-502990.3780964799
2025-08-26,37960,情報･通信業,68.6,263.0,249.8,SL(-5%),2025-10-01,10000000.0,1430,9498098.859315591,1430,-504761.14068440907
2025-08-29,52420,情報･通信業,75.8,1493.0,1418.3,SL(-5%),2025-10-01,10000000.0,1430,9499665.103817817,1430,-503194.8961821832
2025-09-11,77940,その他製品,76.7,529.0,502.5,SL(-5%),2025-10-01,10000000.0,1430,9499054.820415879,1430,-503805.17958412133
2025-09-12,206A0,医薬品,69.6,171.0,162.4,SL(-5%),2025-10-01,10000000.0,1430,9497076.023391813,1430,-505783.97660818696
2025-09-16,49360,化学,61.8,471.0,447.4,SL(-5%),2025-10-01,10000000.0,1430,9498938.428874733,1430,-503921.5711252671
2025-09-17,45820,医薬品,93.0,142.0,134.9,SL(-5%),2025-10-01,10000000.0,1430,9500000.0,1430,-502860.0
2025-09-18,96440,サービス業,65.1,729.0,692.5,SL(-5%),2025-10-01,10000000.0,1430,9499314.128943758,1430,-503545.8710562419
2025-09-24,25300,その他,88.8,17100.0,18810.0,TP(+10%),2025-09-29,10000000.0,1430,11000000.0,1430,997140.0
2025-09-24,26290,その他,89.7,4241.0,4665.1,TP(+10%),2025-09-25,10000000.0,1430,11000000.0,1430,997140.0
2025-09-24,25530,その他,93.3,2603.0,2863.3,TP(+10%),2025-09-25,10000000.0,1430,11000000.0,1430,997140.0
2025-09-24,44390,情報･通信業,78.2,1116.0,1060.2,SL(-5%),2025-09-29,10000000.0,1430,9500000.0,1430,-502860.0
2025-09-24,53800,ガラス･土石製品,72.5,1850.0,1757.5,SL(-5%),2025-09-26,10000000.0,1430,9500000.0,1430,-502860.0
2025-09-24,36240,情報･通信業,83.5,112.0,106.4,SL(-5%),2025-09-25,10000000.0,1430,9500000.0,1430,-502860.0
2025-09-24,26280,その他,85.2,3320.0,3652.0,TP(+10%),2025-09-25,10000000.0,1430,11000000.0,1430,997140.0
2025-09-24,338A0,情報･通信業,72.8,2910.0,2764.5,SL(-5%),2025-09-26,10000000.0,1430,9500000.0,1430,-502860.0
2025-09-24,55350,不動産業,72.0,835.0,793.2,SL(-5%),2025-09-29,10000000.0,1430,9499401.19760479,1430,-503458.80239520967
2025-09-24,70130,機械,73.3,2530.0,2783.0,TP(+10%),2025-09-30,10000000.0,1430,11000000.0,1430,997140.0
2025-08-14,73690,サービス業,69.3,718.0,682.1,SL(-5%),2025-10-02,10000000.0,1430,9500000.0,1430,-502860.0
2025-08-22,93430,サービス業,74.1,765.0,726.8,SL(-5%),2025-10-02,10000000.0,1430,9500653.594771242,1430,-502206.40522875823
2025-09-10,52900,ガラス･土石製品,63.5,1490.0,1415.5,SL(-5%),2025-10-02,10000000.0,1430,9500000.0,1430,-502860.0
2025-09-11,48830,医薬品,79.4,82.0,77.9,SL(-5%),2025-10-02,10000000.0,1430,9500000.0,1430,-502860.0
2025-09-16,23700,サービス業,62.4,35.0,33.2,SL(-5%),2025-10-02,10000000.0,1430,9485714.285714285,1430,-517145.71428571455
2025-09-19,22160,食料品,74.9,2276.0,2162.2,SL(-5%),2025-10-02,10000000.0,1430,9500000.0,1430,-502860.0
2025-09-25,45760,医薬品,90.5,158.0,173.8,TP(+10%),2025-09-26,10000000.0,1430,11000000.0,1430,997140.0
2025-09-25,48960,医薬品,88.2,721.0,793.1,TP(+10%),2025-09-29,10000000.0,1430,11000000.0,1430,997140.0
2025-09-25,26290,その他,95.6,4086.0,4494.6,TP(+10%),2025-09-26,10000000.0,1430,11000000.0,1430,997140.0
2025-09-25,29620,金属製品,84.0,315.0,299.2,SL(-5%),2025-09-29,10000000.0,1430,9498412.698412698,1430,-504447.30158730224
2025-09-25,25530,その他,93.5,2200.0,2420.0,TP(+10%),2025-09-26,10000000.0,1430,11000000.0,1430,997140.0
2025-09-25,53800,ガラス･土石製品,74.5,1792.0,1702.4,SL(-5%),2025-10-01,10000000.0,1430,9500000.0,1430,-502860.0
2025-09-25,72560,輸送用機器,84.9,88.0,83.6,SL(-5%),2025-09-26,10000000.0,1430,9500000.0,1430,-502860.0
2025-09-25,26280,その他,84.5,3035.0,3338.5,TP(+10%),2025-09-26,10000000.0,1430,11000000.0,1430,997140.0
2025-09-25,39080,情報･通信業,70.6,396.0,376.2,SL(-5%),2025-09-30,10000000.0,1430,9500000.0,1430,-502860.0
2025-09-25,41990,情報･通信業,66.5,937.0,890.1,SL(-5%),2025-09-29,10000000.0,1430,9499466.382070439,1430,-503393.61792956106
2025-09-25,48890,医薬品,79.5,1629.0,1791.9,TP(+10%),2025-09-26,10000000.0,1430,11000000.0,1430,997140.0
2025-09-25,36640,情報･通信業,64.5,48.0,45.6,SL(-5%),2025-10-01,10000000.0,1430,9500000.0,1430,-502860.0
2025-09-25,50290,情報･通信業,63.0,1074.0,1020.3,SL(-5%),2025-10-02,10000000.0,1430,9500000.0,1430,-502860.0
2025-09-25,92130,サービス業,76.4,1213.0,1334.3,TP(+10%),2025-09-29,10000000.0,1430,10999999.999999998,1430,997139.9999999981
2025-06-23,44240,情報･通信業,67.8,294.0,279.3,SL(-5%),2025-10-09,10000000.0,1430,9500000.0,1430,-502860.0
2025-07-14,24350,サービス業,91.2,219.0,240.9,TP(+10%),2025-10-08,10000000.0,1430,11000000.0,1430,997140.0
2025-07-30,46790,サービス業,64.0,246.0,233.7,SL(-5%),2025-10-14,10000000.0,1430,9500000.0,1430,-502860.0
2025-08-07,36730,情報･通信業,69.2,370.5,352.0,SL(-5%),2025-10-14,10000000.0,1430,9500674.763832659,1430,-502185.23616734147
2025-08-08,28130,食料品,93.3,3245.0,3082.8,SL(-5%),2025-10-14,10000000.0,1430,9500154.08320493,1430,-502705.91679506935
2025-08-19,26520,小売業,63.0,323.0,355.3,TP(+10%),2025-10-15,10000000.0,1430,11000000.0,1430,997140.0
2025-08-27,46640,サービス業,81.5,642.0,609.9,SL(-5%),2025-10-14,10000000.0,1430,9500000.0,1430,-502860.0
2025-08-29,39790,情報･通信業,71.6,429.5,408.0,SL(-5%),2025-10-14,10000000.0,1430,9499417.92782305,1430,-503442.07217695005
2025-09-10,41980,情報･通信業,86.9,720.0,684.0,SL(-5%),2025-10-15,10000000.0,1430,9500000.0,1430,-502860.0
2025-09-11,56180,情報･通信業,64.4,412.0,391.4,SL(-5%),2025-10-10,10000000.0,1430,9500000.0,1430,-502860.0
2025-09-17,35650,卸売業,73.0,512.0,486.4,SL(-5%),2025-10-10,10000000.0,1430,9500000.0,1430,-502860.0
2025-09-19,81660,小売業,68.7,100.0,95.0,SL(-5%),2025-10-08,10000000.0,1430,9500000.0,1430,-502860.0
2025-09-19,45710,医薬品,63.8,131.0,144.1,TP(+10%),2025-10-09,10000000.0,1430,10999999.999999998,1430,997139.9999999981
2025-09-22,74190,小売業,64.8,1308.3333333333333,1242.9,SL(-5%),2025-10-14,10000000.0,1430,9499872.61146497,1430,-502987.3885350302
2025-09-26,45760,医薬品,91.4,146.0,138.7,SL(-5%),2025-10-08,10000000.0,1430,9500000.0,1430,-502860.0
2025-09-26,37530,情報･通信業,86.4,203.0,192.8,SL(-5%),2025-10-14,10000000.0,1430,9497536.945812808,1430,-505323.05418719165
2025-09-26,48890,医薬品,74.6,1804.0,1984.4,TP(+10%),2025-10-08,10000000.0,1430,11000000.0,1430,997140.0
2025-09-26,95570,サービス業,67.7,375.0,356.2,SL(-5%),2025-10-08,10000000.0,1430,9498666.666666666,1430,-504193.33333333395
2025-09-26,26280,その他,81.5,3653.0,3470.3,SL(-5%),2025-10-08,10000000.0,1430,9499863.126197645,1430,-502996.87380235456
2025-09-26,304A0,情報･通信業,68.7,2485.0,2360.8,SL(-5%),2025-10-14,10000000.0,1430,9500201.207243461,1430,-502658.79275653884
2025-09-26,72560,輸送用機器,68.0,86.0,94.6,TP(+10%),2025-10-08,10000000.0,1430,10999999.999999998,1430,997139.9999999981
2025-09-26,43160,情報･通信業,77.5,1150.0,1265.0,TP(+10%),2025-10-09,10000000.0,1430,11000000.0,1430,997140.0
2025-09-26,29620,金属製品,66.6,304.0,334.4,TP(+10%),2025-10-08,10000000.0,1430,10999999.999999998,1430,997139.9999999981
2025-09-26,25530,その他,79.6,2363.5,2245.3,SL(-5%),2025-10-08,10000000.0,1430,9499894.224666808,1430,-502965.7753331922
2025-09-26,26290,その他,79.7,4786.0,4546.7,SL(-5%),2025-10-08,10000000.0,1430,9500000.0,1430,-502860.0
2025-09-26,71110,卸売業,66.4,795.0,755.2,SL(-5%),2025-10-08,10000000.0,1430,9499371.06918239,1430,-503488.93081760965
2025-09-26,36240,情報･通信業,79.0,113.0,107.3,SL(-5%),2025-10-14,10000000.0,1430,9495575.221238937,1430,-507284.7787610628
2025-09-26,31330,小売業,63.9,738.0,701.1,SL(-5%),2025-10-08,10000000.0,1430,9500000.0,1430,-502860.0
2025-07-14,65550,サービス業,77.4,407.0,386.6,SL(-5%),2025-10-16,10000000.0,1430,9498771.498771498,1430,-504088.501228502
2025-08-07,93020,倉庫･運輸関連業,64.2,4155.0,3947.2,SL(-5%),2025-10-16,10000000.0,1430,9499879.663056558,1430,-502980.336943442
2025-08-08,39640,情報･通信業,71.2,908.0,998.8,TP(+10%),2025-10-16,10000000.0,1430,10999999.999999998,1430,997139.9999999981
2025-09-12,27210,卸売業,76.7,174.0,191.4,TP(+10%),2025-10-16,10000000.0,1430,11000000.0,1430,997140.0
2025-09-22,205A0,建設業,67.0,1547.0,1469.6,SL(-5%),2025-10-16,10000000.0,1430,9499676.79379444,1430,-503183.2062055599
2025-10-08,338A0,情報･通信業,89.5,3980.0,3781.0,SL(-5%),2025-10-09,10000000.0,1430,9500000.0,1430,-502860.0
2025-10-08,48890,医薬品,83.7,1892.0,2081.2,TP(+10%),2025-10-10,10000000.0,1430,10999999.999999998,1430,997139.9999999981
2025-10-08,72560,輸送用機器,81.9,112.0,123.2,TP(+10%),2025-10-09,10000000.0,1430,11000000.0,1430,997140.0
2025-10-08,278A0,精密機器,84.7,3775.0,3586.2,SL(-5%),2025-10-09,10000000.0,1430,9499867.549668873,1430,-502992.4503311273
2025-10-08,40550,情報･通信業,68.1,1350.0,1282.5,SL(-5%),2025-10-14,10000000.0,1430,9500000.0,1430,-502860.0
2025-10-08,37980,情報･通信業,71.4,837.0,795.1,SL(-5%),2025-10-16,10000000.0,1430,9499402.628434887,1430,-503457.37156511284
2025-10-08,70630,サービス業,74.7,211.0,200.4,SL(-5%),2025-10-09,10000000.0,1430,9497630.331753556,1430,-505229.6682464443
2025-10-09,60850,サービス業,99.0,26.8,25.5,SL(-5%),2025-10-10,10000000.0,1430,9514925.373134328,1430,-487934.62686567195
2025-10-09,72560,輸送用機器,91.1,107.0,101.6,SL(-5%),2025-10-10,10000000.0,1430,9495327.102803737,1430,-507532.8971962631
2025-10-09,52430,情報･通信業,79.1,1513.0,1437.3,SL(-5%),2025-10-14,10000000.0,1430,9499669.530733641,1430,-503190.46926635876
2025-10-09,61660,機械,79.5,312.0,296.4,SL(-5%),2025-10-14,10000000.0,1430,9500000.0,1430,-502860.0
2025-10-09,51290,情報･通信業,71.4,649.0,616.5,SL(-5%),2025-10-10,10000000.0,1430,9499229.583975347,1430,-503630.41602465324
2025-10-09,71110,卸売業,69.7,666.0,632.7,SL(-5%),2025-10-10,10000000.0,1430,9500000.0,1430,-502860.0
2025-10-09,254A0,証券･商品先物取引業,71.2,1000.0,950.0,SL(-5%),2025-10-10,10000000.0,1430,9500000.0,1430,-502860.0
2025-10-09,65900,電気機器,77.7,3348.0,3180.6,SL(-5%),2025-10-14,10000000.0,1430,9500000.0,1430,-502860.0
2025-10-09,338A0,情報･通信業,71.7,3850.0,3657.5,SL(-5%),2025-10-10,10000000.0,1430,9500000.0,1430,-502860.0
2025-10-09,63240,機械,72.3,3450.0,3277.5,SL(-5%),2025-10-10,10000000.0,1430,9500000.0,1430,-502860.0
2025-10-08,92290,サービス業,67.8,603.0,572.9,SL(-5%),2025-10-20,10000000.0,1430,9500829.187396351,1430,-502030.81260364875
2025-10-10,62550,機械,88.0,602.0,662.2,TP(+10%),2025-10-20,10000000.0,1430,11000000.0,1430,997140.0
2025-10-10,47600,サービス業,73.8,1884.0,1789.8,SL(-5%),2025-10-20,10000000.0,1430,9500000.0,1430,-502860.0
2025-10-10,39130,情報･通信業,69.5,1066.0,1012.7,SL(-5%),2025-10-20,10000000.0,1430,9500000.0,1430,-502860.0
2025-10-10,61770,サービス業,82.7,213.0,202.3,SL(-5%),2025-10-20,10000000.0,1430,9497652.582159625,1430,-505207.41784037463
2025-10-10,52430,情報･通信業,65.2,1500.0,1425.0,SL(-5%),2025-10-20,10000000.0,1430,9500000.0,1430,-502860.0
2025-10-10,70630,サービス業,81.9,220.0,209.0,SL(-5%),2025-10-20,10000000.0,1430,9500000.0,1430,-502860.0
2025-10-10,51290,情報･通信業,64.9,623.0,591.9,SL(-5%),2025-10-20,10000000.0,1430,9500802.568218298,1430,-502057.43178170174
2025-10-10,65900,電気機器,70.1,3468.0,3294.6,SL(-5%),2025-10-23,10000000.0,1430,9500000.0,1430,-502860.0
2025-10-10,29980,不動産業,78.1,1206.0,1145.7,SL(-5%),2025-10-20,10000000.0,1430,9500000.0,1430,-502860.0
2025-08-08,48280,情報･通信業,89.9,1188.0,1306.8,TP(+10%),2025-10-27,10000000.0,1430,10999999.999999998,1430,997139.9999999981
2025-09-10,36710,情報･通信業,68.3,363.0,399.3,TP(+10%),2025-10-27,10000000.0,1430,11000000.0,1430,997140.0
2025-10-20,70710,サービス業,82.2,517.0,568.7,TP(+10%),2025-10-21,10000000.0,1430,11000000.0,1430,997140.0
2025-10-20,25860,食料品,81.9,265.0,251.8,SL(-5%),2025-10-21,10000000.0,1430,9501886.79245283,1430,-500973.2075471692
2025-10-20,44170,情報･通信業,71.7,4135.0,4548.5,TP(+10%),2025-10-21,10000000.0,1430,11000000.0,1430,997140.0
2025-10-20,29780,不動産業,66.5,585.0,555.8,SL(-5%),2025-10-21,10000000.0,1430,9500854.7008547,1430,-502005.29914529994
2025-10-20,20370,その他,66.5,1553.0,1475.3,SL(-5%),2025-10-21,10000000.0,1430,9499678.04249839,1430,-503181.95750161074
2025-10-20,325A0,繊維製品,70.1,1466.6666666666665,1393.3,SL(-5%),2025-10-23,10000000.0,1430,9499772.727272728,1430,-503087.27272727154
2025-10-20,338A0,情報･通信業,69.7,4255.0,4680.5,TP(+10%),2025-10-21,10000000.0,1430,11000000.0,1430,997140.0
2025-10-20,44980,情報･通信業,67.5,1493.0,1418.3,SL(-5%),2025-10-23,10000000.0,1430,9499665.103817817,1430,-503194.8961821832
2025-10-20,38230,情報･通信業,73.4,58.0,63.8,TP(+10%),2025-10-23,10000000.0,1430,10999999.999999998,1430,997139.9999999981
2025-09-05,29010,食料品,63.0,674.0,640.3,SL(-5%),2025-10-28,10000000.0,1430,9500000.0,1430,-502860.0
2025-10-20,92290,サービス業,68.2,572.0,543.4,SL(-5%),2025-10-28,10000000.0,1430,9500000.0,1430,-502860.0
2025-10-21,70350,サービス業,91.7,248.0,235.6,SL(-5%),2025-10-22,10000000.0,1430,9500000.0,1430,-502860.0
2025-10-21,44990,情報･通信業,90.8,2920.0,2774.0,SL(-5%),2025-10-23,10000000.0,1430,9500000.0,1430,-502860.0
2025-10-21,95620,サービス業,74.8,833.3333333333333,791.7,SL(-5%),2025-10-27,10000000.0,1430,9500400.000000002,1430,-502459.99999999814
2025-10-21,89950,不動産業,82.6,1111.0,1222.1,TP(+10%),2025-10-22,10000000.0,1430,10999999.999999998,1430,997139.9999999981
2025-10-21,37470,情報･通信業,80.2,814.0,895.4,TP(+10%),2025-10-22,10000000.0,1430,11000000.0,1430,997140.0
2025-10-21,338A0,情報･通信業,77.4,4225.0,4013.8,SL(-5%),2025-10-22,10000000.0,1430,9500118.343195267,1430,-502741.656804733
2025-10-21,76150,小売業,76.9,188.0,206.8,TP(+10%),2025-10-22,10000000.0,1430,11000000.0,1430,997140.0
2025-10-21,25860,食料品,70.8,274.0,260.3,SL(-5%),2025-10-22,10000000.0,1430,9500000.0,1430,-502860.0
2025-10-09,81660,小売業,78.0,104.0,98.8,SL(-5%),2025-10-29,10000000.0,1430,9500000.0,1430,-502860.0
2025-10-09,48250,情報･通信業,78.5,2157.5,2049.6,SL(-5%),2025-10-29,10000000.0,1430,9499884.125144843,1430,-502975.874855157
2025-10-20,45820,医薬品,68.5,126.0,119.7,SL(-5%),2025-10-29,10000000.0,1430,9500000.0,1430,-502860.0
2025-10-21,70710,サービス業,75.1,570.0,541.5,SL(-5%),2025-10-29,10000000.0,1430,9500000.0,1430,-502860.0
2025-10-22,288A0,サービス業,71.1,168.0,159.6,SL(-5%),2025-10-24,10000000.0,1430,9500000.0,1430,-502860.0
2025-10-22,55780,情報･通信業,80.7,1226.6666666666665,1165.3,SL(-5%),2025-10-23,10000000.0,1430,9499728.260869566,1430,-503131.73913043365
2025-10-22,65740,サービス業,86.6,199.0,189.0,SL(-5%),2025-10-23,10000000.0,1430,9497487.43718593,1430,-505372.5628140699
2025-10-22,92410,サービス業,77.3,2173.0,2064.3,SL(-5%),2025-10-24,10000000.0,1430,9499769.903359411,1430,-503090.0966405887
2025-10-22,44990,情報･通信業,71.1,2850.0,2707.5,SL(-5%),2025-10-23,10000000.0,1430,9500000.0,1430,-502860.0
2025-10-22,89950,不動産業,77.2,1112.0,1056.4,SL(-5%),2025-10-23,10000000.0,1430,9500000.0,1430,-502860.0
2025-10-22,99730,小売業,71.2,26.0,24.7,SL(-5%),2025-10-23,10000000.0,1430,9500000.0,1430,-502860.0
2025-10-22,81050,卸売業,76.8,644.0,708.4,TP(+10%),2025-10-23,10000000.0,1430,10999999.999999998,1430,997139.9999999981
2025-10-22,70350,サービス業,68.9,234.0,222.3,SL(-5%),2025-10-27,10000000.0,1430,9500000.0,1430,-502860.0
2025-10-22,99840,情報･通信業,64.9,5925.0,5628.8,SL(-5%),2025-10-23,10000000.0,1430,9500084.388185654,1430,-502775.61181434616
2025-10-22,81070,繊維製品,60.6,45.0,42.8,SL(-5%),2025-10-24,10000000.0,1430,9511111.11111111,1430,-491748.8888888899
2025-10-22,25860,食料品,65.9,252.0,239.4,SL(-5%),2025-10-23,10000000.0,1430,9500000.0,1430,-502860.0
2025-10-22,76150,小売業,76.3,207.0,196.6,SL(-5%),2025-10-23,10000000.0,1430,9497584.541062802,1430,-505275.4589371979
2025-10-22,95650,サービス業,68.8,861.0,817.9,SL(-5%),2025-10-30,10000000.0,1430,9499419.279907085,1430,-503440.720092915
2025-10-22,79460,その他製品,72.5,330.6,363.7,TP(+10%),2025-10-30,10000000.0,1430,11001209.921355112,1430,998349.9213551115
2025-10-23,45960,医薬品,89.3,66.0,62.7,SL(-5%),2025-10-24,10000000.0,1430,9500000.0,1430,-502860.0
2025-10-23,39140,情報･通信業,86.3,2750.0,3025.0,TP(+10%),2025-10-28,10000000.0,1430,11000000.0,1430,997140.0
2025-10-23,63350,機械,77.0,483.0,531.3,TP(+10%),2025-10-24,10000000.0,1430,10999999.999999998,1430,997139.9999999981
2025-10-23,81050,卸売業,77.7,620.0,682.0,TP(+10%),2025-10-24,10000000.0,1430,11000000.0,1430,997140.0
2025-10-23,37470,情報･通信業,73.7,844.0,801.8,SL(-5%),2025-10-24,10000000.0,1430,9500000.0,1430,-502860.0
2025-10-23,44990,情報･通信業,72.6,2460.0,2337.0,SL(-5%),2025-10-24,10000000.0,1430,9500000.0,1430,-502860.0
2025-08-14,65920,電気機器,71.8,1216.25,1337.9,TP(+10%),2025-10-31,10000000.0,1430,11000205.549845839,1430,997345.5498458389
2025-08-29,48120,情報･通信業,70.7,2203.333333333333,2423.7,TP(+10%),2025-10-31,10000000.0,1430,11000151.285930408,1430,997291.2859304082
2025-10-22,38040,情報･通信業,65.8,685.3333333333333,651.1,SL(-5%),2025-10-31,10000000.0,1430,9500486.38132296,1430,-502373.61867704056
2025-10-24,24590,サービス業,90.6,324.0,307.8,SL(-5%),2025-10-27,10000000.0,1430,9500000.0,1430,-502860.0
2025-10-24,52470,情報･通信業,82.0,831.0,789.4,SL(-5%),2025-10-29,10000000.0,1430,9499398.315282792,1430,-503461.68471720815
2025-10-24,36640,情報･通信業,78.0,56.0,61.6,TP(+10%),2025-10-27,10000000.0,1430,11000000.0,1430,997140.0
2025-10-24,39140,情報･通信業,64.8,2785.0,3063.5,TP(+10%),2025-10-28,10000000.0,1430,11000000.0,1430,997140.0
2025-10-24,93990,情報･通信業,85.6,150.0,142.5,SL(-5%),2025-10-27,10000000.0,1430,9500000.0,1430,-502860.0
2025-10-24,41070,化学,70.3,3195.0,3035.2,SL(-5%),2025-10-29,10000000.0,1430,9499843.505477307,1430,-503016.49452269264
2025-10-20,60850,サービス業,85.5,26.5,29.2,TP(+10%),2025-11-04,10000000.0,1430,11018867.9245283,1430,1016007.9245283008
2025-10-27,24590,サービス業,78.2,324.0,356.4,TP(+10%),2025-10-28,10000000.0,1430,10999999.999999998,1430,997139.9999999981
2025-10-27,92410,サービス業,84.5,2380.0,2261.0,SL(-5%),2025-10-28,10000000.0,1430,9500000.0,1430,-502860.0
2025-10-27,45750,医薬品,76.5,865.0,821.8,SL(-5%),2025-11-04,10000000.0,1430,9500578.03468208,1430,-502281.96531791985
2025-10-27,23150,情報･通信業,77.7,106.0,100.7,SL(-5%),2025-10-28,10000000.0,1430,9500000.0,1430,-502860.0
2025-10-27,55270,不動産業,67.4,821.0,779.9,SL(-5%),2025-10-30,10000000.0,1430,9499390.986601705,1430,-503469.01339829527
2025-10-27,65620,サービス業,68.0,1306.0,1240.7,SL(-5%),2025-10-29,10000000.0,1430,9500000.0,1430,-502860.0
2025-10-27,281A0,情報･通信業,69.5,691.0,656.4,SL(-5%),2025-10-29,10000000.0,1430,9499276.410998553,1430,-503583.58900144696
2025-10-27,46640,サービス業,69.4,689.0,654.5,SL(-5%),2025-10-29,10000000.0,1430,9499274.310595065,1430,-503585.68940493464
2025-10-27,44990,情報･通信業,73.6,2700.0,2565.0,SL(-5%),2025-10-28,10000000.0,1430,9500000.0,1430,-502860.0
2025-10-27,24370,サービス業,62.7,283.0,268.8,SL(-5%),2025-10-30,10000000.0,1430,9498233.215547703,1430,-504626.7844522968
2025-10-27,93480,サービス業,67.1,496.0,471.2,SL(-5%),2025-10-29,10000000.0,1430,9500000.0,1430,-502860.0
2025-10-27,52460,情報･通信業,76.7,809.0,768.5,SL(-5%),2025-10-28,10000000.0,1430,9499381.95302843,1430,-503478.0469715707
2025-07-09,73620,サービス業,73.6,830.0,788.5,SL(-5%),2025-11-07,10000000.0,1430,9500000.0,1430,-502860.0
2025-08-12,31430,卸売業,96.0,701.6666666666666,771.8,TP(+10%),2025-11-10,10000000.0,1430,10999524.940617578,1430,996664.9406175781
2025-08-21,39610,その他,83.4,641.0,608.9,SL(-5%),2025-11-06,10000000.0,1430,9499219.968798751,1430,-503640.031201249
2025-09-16,39300,情報･通信業,75.8,995.0,945.2,SL(-5%),2025-11-06,10000000.0,1430,9499497.487437187,1430,-503362.51256281324
2025-09-22,41790,情報･通信業,65.6,288.0,273.6,SL(-5%),2025-11-06,10000000.0,1430,9500000.0,1430,-502860.0
2025-10-20,21640,サービス業,83.5,116.65585495675317,110.8,SL(-5%),2025-11-06,10000000.0,1430,9498023.056028858,1430,-504836.9439711422
2025-10-20,37410,情報･通信業,65.8,2478.0,2725.8,TP(+10%),2025-11-11,10000000.0,1430,11000000.0,1430,997140.0
2025-10-22,20370,その他,74.1,1600.0,1520.0,SL(-5%),2025-11-11,10000000.0,1430,9500000.0,1430,-502860.0
2025-10-28,27640,小売業,91.5,115.0,109.2,SL(-5%),2025-11-06,10000000.0,1430,9495652.173913045,1430,-507207.82608695515
2025-10-28,44900,情報･通信業,91.2,618.0,587.1,SL(-5%),2025-11-06,10000000.0,1430,9500000.0,1430,-502860.0
2025-10-28,92410,サービス業,75.8,2203.0,2423.3,TP(+10%),2025-11-12,10000000.0,1430,11000000.0,1430,997140.0
2025-10-28,37780,情報･通信業,63.1,3335.0,3168.2,SL(-5%),2025-11-06,10000000.0,1430,9499850.074962517,1430,-503009.92503748275
2025-10-28,29980,不動産業,75.9,1036.0,984.2,SL(-5%),2025-11-06,10000000.0,1430,9500000.0,1430,-502860.0
2025-07-29,22670,食料品,66.5,2400.0,2640.0,TP(+10%),2025-11-13,10000000.0,1430,11000000.0,1430,997140.0
2025-10-22,74090,輸送用機器,70.4,975.0,1072.5,TP(+10%),2025-11-14,10000000.0,1430,11000000.0,1430,997140.0
2025-10-24,290A0,情報･通信業,70.6,958.0,910.1,SL(-5%),2025-11-14,10000000.0,1430,9500000.0,1430,-502860.0
2025-11-06,39280,情報･通信業,90.1,277.0,304.7,TP(+10%),2025-11-10,10000000.0,1430,10999999.999999998,1430,997139.9999999981
2025-11-06,36980,情報･通信業,86.6,1073.0,1180.3,TP(+10%),2025-11-10,10000000.0,1430,10999999.999999998,1430,997139.9999999981
2025-11-06,72360,輸送用機器,75.8,887.0,842.6,SL(-5%),2025-11-10,10000000.0,1430,9499436.302142052,1430,-503423.697857948
2025-11-06,81110,繊維製品,80.8,2738.5,3012.4,TP(+10%),2025-11-10,10000000.0,1430,11000182.581705313,1430,997322.5817053132
2025-11-06,45630,医薬品,71.0,80.0,76.0,SL(-5%),2025-11-10,10000000.0,1430,9500000.0,1430,-502860.0
2025-11-06,81360,卸売業,73.6,1286.8000000000002,1222.5,SL(-5%),2025-11-10,10000000.0,1430,9500310.848616721,1430,-502549.1513832789
2025-11-06,69930,小売業,75.3,45.0,42.8,SL(-5%),2025-11-10,10000000.0,1430,9511111.11111111,1430,-491748.8888888899
2025-11-06,31950,小売業,71.7,615.0,584.2,SL(-5%),2025-11-10,10000000.0,1430,9499186.991869919,1430,-503673.008130081
2025-11-06,79460,その他製品,80.2,447.20000000000005,424.8,SL(-5%),2025-11-10,10000000.0,1430,9499105.545617172,1430,-503754.4543828275
2025-11-06,68340,電気機器,73.4,2198.0,2088.1,SL(-5%),2025-11-10,10000000.0,1430,9500000.0,1430,-502860.0
2025-05-13,22640,食料品,75.4,833.75,917.1,TP(+10%),2025-11-17,10000000.0,1430,10999700.149925038,1430,996840.1499250382
2025-11-10,31430,卸売業,79.7,770.0,731.5,SL(-5%),2025-11-11,10000000.0,1430,9500000.0,1430,-502860.0
2025-11-10,45980,医薬品,78.8,476.0,523.6,TP(+10%),2025-11-17,10000000.0,1430,11000000.0,1430,997140.0
2025-11-10,95620,サービス業,77.6,851.0,808.4,SL(-5%),2025-11-17,10000000.0,1430,9499412.455934195,1430,-503447.54406580515
2025-11-10,30770,小売業,65.7,568.0,539.6,SL(-5%),2025-11-17,10000000.0,1430,9500000.0,1430,-502860.0
2025-11-10,27000,卸売業,70.5,3740.0,3553.0,SL(-5%),2025-11-11,10000000.0,1430,9500000.0,1430,-502860.0
2025-11-10,43160,情報･通信業,75.4,995.0,945.2,SL(-5%),2025-11-11,10000000.0,1430,9499497.487437187,1430,-503362.51256281324
2025-11-10,33230,卸売業,64.2,94.0,89.3,SL(-5%),2025-11-14,10000000.0,1430,9500000.0,1430,-502860.0
2025-11-10,58010,非鉄金属,80.5,945.6,898.3,SL(-5%),2025-11-12,10000000.0,1430,9499788.494077833,1430,-503071.50592216663
2025-11-10,37980,情報･通信業,71.3,656.0,623.2,SL(-5%),2025-11-17,10000000.0,1430,9500000.0,1430,-502860.0
2025-11-10,330A0,情報･通信業,66.5,939.0,1032.9,TP(+10%),2025-11-13,10000000.0,1430,11000000.0,1430,997140.0
2025-11-06,39080,情報･通信業,63.5,312.0,296.4,SL(-5%),2025-11-18,10000000.0,1430,9500000.0,1430,-502860.0
2025-11-10,15180,その他製品,68.7,1353.0,1285.3,SL(-5%),2025-11-18,10000000.0,1430,9499630.450849963,1430,-503229.54915003665
2025-11-11,38030,情報･通信業,96.8,856.0,941.6,TP(+10%),2025-11-12,10000000.0,1430,11000000.0,1430,997140.0
2025-11-11,39850,情報･通信業,82.0,253.0,240.3,SL(-5%),2025-11-12,10000000.0,1430,9498023.71541502,1430,-504836.28458498046
2025-11-11,79460,その他製品,91.6,510.40000000000003,484.9,SL(-5%),2025-11-13,10000000.0,1430,9500391.849529779,1430,-502468.1504702214
2025-11-11,39970,情報･通信業,83.4,501.0,475.9,SL(-5%),2025-11-12,10000000.0,1430,9499001.996007983,1430,-503858.00399201736
2025-11-11,27430,その他,86.5,84.0,79.8,SL(-5%),2025-11-12,10000000.0,1430,9500000.0,1430,-502860.0
2025-11-11,241A0,情報･通信業,73.1,775.0,736.2,SL(-5%),2025-11-12,10000000.0,1430,9499354.838709679,1430,-503505.1612903215
2025-11-11,29700,不動産業,77.6,1104.0,1048.8,SL(-5%),2025-11-12,10000000.0,1430,9500000.0,1430,-502860.0
2025-11-11,58920,小売業,76.1,2760.0,3036.0,TP(+10%),2025-11-14,10000000.0,1430,11000000.0,1430,997140.0
2025-11-11,31100,ガラス･土石製品,72.1,2452.0,2697.2,TP(+10%),2025-11-12,10000000.0,1430,10999999.999999998,1430,997139.9999999981
2025-11-11,24320,情報･通信業,64.5,2674.5,2540.8,SL(-5%),2025-11-17,10000000.0,1430,9500093.475415966,1430,-502766.52458403446
2025-11-11,45930,医薬品,69.7,425.0,467.5,TP(+10%),2025-11-13,10000000.0,1430,11000000.0,1430,997140.0
2025-11-11,40560,情報･通信業,68.0,506.0,480.7,SL(-5%),2025-11-13,10000000.0,1430,9500000.0,1430,-502860.0
2025-11-11,81070,繊維製品,62.3,44.0,41.8,SL(-5%),2025-11-13,10000000.0,1430,9500000.0,1430,-502860.0
2025-11-11,30700,卸売業,76.2,93.0,102.3,TP(+10%),2025-11-12,10000000.0,1430,10999999.999999998,1430,997139.9999999981
2025-11-11,48750,医薬品,73.2,237.0,260.7,TP(+10%),2025-11-12,10000000.0,1430,10999999.999999998,1430,997139.9999999981
2025-11-11,31430,卸売業,66.5,739.0,702.0,SL(-5%),2025-11-17,10000000.0,1430,9499323.410013532,1430,-503536.58998646773
2025-11-11,27000,卸売業,66.6,3430.0,3258.5,SL(-5%),2025-11-13,10000000.0,1430,9500000.0,1430,-502860.0
2025-11-11,47840,サービス業,70.2,825.0,907.5,TP(+10%),2025-11-12,10000000.0,1430,11000000.0,1430,997140.0
2025-11-11,58010,非鉄金属,71.8,954.7,907.0,SL(-5%),2025-11-12,10000000.0,1430,9500366.607311197,1430,-502493.3926888034
2025-10-24,29610,金属製品,86.5,1103.75,1048.6,SL(-5%),2025-11-21,10000000.0,1430,9500339.750849376,1430,-502520.2491506245
2025-11-10,43890,情報･通信業,70.4,808.0,767.6,SL(-5%),2025-11-19,10000000.0,1430,9500000.0,1430,-502860.0
2025-11-12,38030,情報･通信業,93.3,1006.0,955.7,SL(-5%),2025-11-13,10000000.0,1430,9500000.0,1430,-502860.0
2025-11-12,95570,サービス業,78.5,299.0,284.1,SL(-5%),2025-11-17,10000000.0,1430,9501672.240802677,1430,-501187.75919732265
2025-11-12,30700,卸売業,88.4,94.0,89.3,SL(-5%),2025-11-17,10000000.0,1430,9500000.0,1430,-502860.0
2025-11-12,39970,情報･通信業,87.4,424.0,402.8,SL(-5%),2025-11-13,10000000.0,1430,9500000.0,1430,-502860.0
2025-11-12,92410,サービス業,84.3,2290.0,2175.5,SL(-5%),2025-11-17,10000000.0,1430,9500000.0,1430,-502860.0
2025-11-12,67070,電気機器,63.6,6018.0,5717.1,SL(-5%),2025-11-13,10000000.0,1430,9500000.0,1430,-502860.0
2025-11-12,36720,情報･通信業,63.9,70.0,66.5,SL(-5%),2025-11-14,10000000.0,1430,9500000.0,1430,-502860.0
2025-11-12,19090,機械,71.0,2140.0,2033.0,SL(-5%),2025-11-14,10000000.0,1430,9500000.0,1430,-502860.0
2025-11-12,34360,金属製品,67.9,1176.0,1293.6,TP(+10%),2025-11-14,10000000.0,1430,10999999.999999998,1430,997139.9999999981
2025-11-12,52550,情報･通信業,67.3,176.0,167.2,SL(-5%),2025-11-14,10000000.0,1430,9500000.0,1430,-502860.0
2025-11-12,31100,ガラス･土石製品,74.1,2700.0,2565.0,SL(-5%),2025-11-14,10000000.0,1430,9500000.0,1430,-502860.0
2025-11-12,47840,サービス業,75.5,890.0,845.5,SL(-5%),2025-11-14,10000000.0,1430,9500000.0,1430,-502860.0
2025-11-12,99730,小売業,68.8,27.0,25.6,SL(-5%),2025-11-17,10000000.0,1430,9481481.481481481,1430,-521378.51851851866
2025-11-12,89120,不動産業,77.9,163.0,154.8,SL(-5%),2025-11-18,10000000.0,1430,9496932.515337424,1430,-505927.48466257565
2025-11-12,64640,機械,63.7,379.0,360.1,SL(-5%),2025-11-18,10000000.0,1430,9501319.261213722,1430,-501540.7387862783
2025-11-12,39640,情報･通信業,66.6,985.5,936.2,SL(-5%),2025-11-17,10000000.0,1430,9499746.32166413,1430,-503113.6783358697
2025-11-12,52730,ガラス･土石製品,68.5,1930.0,1833.5,SL(-5%),2025-11-13,10000000.0,1430,9500000.0,1430,-502860.0
2025-10-10,76490,小売業,63.6,1671.0,1838.1,TP(+10%),2025-11-20,10000000.0,1430,10999999.999999998,1430,997139.9999999981
2025-11-11,44220,情報･通信業,74.0,163.66666666666666,155.5,SL(-5%),2025-11-20,10000000.0,1430,9501018.3299389,1430,-501841.6700611003
2025-11-13,81070,繊維製品,83.1,37.0,35.1,SL(-5%),2025-11-14,10000000.0,1430,9486486.486486487,1430,-516373.5135135129
2025-11-13,73590,サービス業,88.1,380.0,361.0,SL(-5%),2025-11-14,10000000.0,1430,9500000.0,1430,-502860.0
2025-11-13,41650,情報･通信業,77.2,910.0,864.5,SL(-5%),2025-11-14,10000000.0,1430,9500000.0,1430,-502860.0
2025-11-13,38030,情報･通信業,90.4,776.0,737.2,SL(-5%),2025-11-14,10000000.0,1430,9500000.0,1430,-502860.0
2025-11-13,44190,情報･通信業,71.2,948.0,1042.8,TP(+10%),2025-11-18,10000000.0,1430,10999999.999999998,1430,997139.9999999981
2025-11-13,265A0,情報･通信業,73.8,1059.0,1006.0,SL(-5%),2025-11-14,10000000.0,1430,9499527.856468366,1430,-503332.14353163354
2025-11-13,23230,情報･通信業,79.1,264.66666666666663,251.4,SL(-5%),2025-11-14,10000000.0,1430,9498740.554156173,1430,-504119.445843827
2025-11-13,38560,電気機器,76.3,760.0,722.0,SL(-5%),2025-11-19,10000000.0,1430,9500000.0,1430,-502860.0
2025-11-13,93380,その他,76.0,2380.0,2261.0,SL(-5%),2025-11-17,10000000.0,1430,9500000.0,1430,-502860.0
2025-11-13,97040,サービス業,74.2,63.0,59.8,SL(-5%),2025-11-17,10000000.0,1430,9492063.492063493,1430,-510796.50793650746
2025-11-13,29860,不動産業,72.1,2696.6666666666665,2561.8,SL(-5%),2025-11-17,10000000.0,1430,9499876.390605686,1430,-502983.60939431377
2025-11-13,88940,不動産業,78.8,59.0,56.0,SL(-5%),2025-11-17,10000000.0,1430,9491525.423728814,1430,-511334.57627118565
2025-11-13,48880,医薬品,68.0,289.0,274.6,SL(-5%),2025-11-14,10000000.0,1430,9501730.10380623,1430,-501129.8961937707
2025-11-13,198A0,情報･通信業,75.1,245.0,232.8,SL(-5%),2025-11-14,10000000.0,1430,9502040.81632653,1430,-500819.18367346935
2025-11-13,51370,情報･通信業,83.2,518.0,569.8,TP(+10%),2025-11-14,10000000.0,1430,10999999.999999998,1430,997139.9999999981
2025-11-13,43870,情報･通信業,64.1,636.0,604.2,SL(-5%),2025-11-17,10000000.0,1430,9500000.0,1430,-502860.0
2025-10-21,36810,その他,74.4,138.0,131.1,SL(-5%),2025-11-21,10000000.0,1430,9500000.0,1430,-502860.0
2025-11-13,76150,小売業,82.7,165.0,156.8,SL(-5%),2025-11-21,10000000.0,1430,9503030.303030305,1430,-499829.6969696954
2025-11-14,95650,サービス業,92.1,904.0,858.8,SL(-5%),2025-11-18,10000000.0,1430,9500000.0,1430,-502860.0
2025-11-14,32370,不動産業,90.2,85.0,80.8,SL(-5%),2025-11-17,10000000.0,1430,9505882.352941176,1430,-496977.6470588241
2025-11-14,21960,その他,84.9,243.0,230.8,SL(-5%),2025-11-17,10000000.0,1430,9497942.386831276,1430,-504917.6131687239
2025-11-14,51370,情報･通信業,83.4,540.0,513.0,SL(-5%),2025-11-17,10000000.0,1430,9500000.0,1430,-502860.0
2025-11-14,40690,情報･通信業,78.1,1438.0,1366.1,SL(-5%),2025-11-17,10000000.0,1430,9500000.0,1430,-502860.0
2025-11-14,92040,空運業,74.4,397.0,377.1,SL(-5%),2025-11-18,10000000.0,1430,9498740.554156171,1430,-504119.44584382884
2025-11-14,70410,サービス業,73.0,336.0,319.2,SL(-5%),2025-11-20,10000000.0,1430,9500000.0,1430,-502860.0
2025-11-14,34960,不動産業,79.4,5420.0,5149.0,SL(-5%),2025-11-17,10000000.0,1430,9500000.0,1430,-502860.0
2025-11-14,269A0,情報･通信業,75.2,2535.0,2408.2,SL(-5%),2025-11-17,10000000.0,1430,9499802.761341222,1430,-503057.23865877837
2025-11-14,55920,情報･通信業,82.6,2909.0,2763.5,SL(-5%),2025-11-17,10000000.0,1430,9499828.119628739,1430,-503031.8803712614
2025-11-14,73560,サービス業,76.0,165.0,156.8,SL(-5%),2025-11-17,10000000.0,1430,9503030.303030305,1430,-499829.6969696954
2025-11-14,49140,化学,80.8,1590.0,1510.5,SL(-5%),2025-11-17,10000000.0,1430,9500000.0,1430,-502860.0
2025-11-14,83450,銀行業,78.1,1187.5,1128.1,SL(-5%),2025-11-18,10000000.0,1430,9499789.47368421,1430,-503070.52631578967
2025-11-14,65630,サービス業,71.2,637.0,605.1,SL(-5%),2025-11-19,10000000.0,1430,9499215.070643643,1430,-503644.9293563571
2025-11-14,66560,電気機器,69.0,582.0,640.2,TP(+10%),2025-11-17,10000000.0,1430,11000000.0,1430,997140.0
2025-11-14,68340,電気機器,70.7,2724.0,2587.8,SL(-5%),2025-11-18,10000000.0,1430,9500000.0,1430,-502860.0
2025-11-14,81070,繊維製品,72.4,35.0,33.2,SL(-5%),2025-11-17,10000000.0,1430,9485714.285714285,1430,-517145.71428571455
2025-11-14,68360,電気機器,79.5,1150.0,1092.5,SL(-5%),2025-11-18,10000000.0,1430,9500000.0,1430,-502860.0
2025-11-14,70590,サービス業,73.9,955.0,907.2,SL(-5%),2025-11-17,10000000.0,1430,9499476.439790577,1430,-503383.5602094233
2025-11-14,99410,卸売業,75.6,731.0,694.4,SL(-5%),2025-11-17,10000000.0,1430,9499316.005471956,1430,-503543.994528044
2025-11-14,58920,小売業,70.3,2846.0,2703.7,SL(-5%),2025-11-18,10000000.0,1430,9500000.0,1430,-502860.0
2025-11-14,41650,情報･通信業,67.8,848.0,805.6,SL(-5%),2025-11-18,10000000.0,1430,9500000.0,1430,-502860.0
2025-11-14,50290,情報･通信業,67.2,1110.0,1054.5,SL(-5%),2025-11-17,10000000.0,1430,9500000.0,1430,-502860.0
2025-11-14,71150,卸売業,70.0,2377.0,2258.2,SL(-5%),2025-11-19,10000000.0,1430,9500210.349179637,1430,-502649.6508203633
2025-11-14,93270,倉庫･運輸関連業,68.7,298.0,283.1,SL(-5%),2025-11-17,10000000.0,1430,9500000.0,1430,-502860.0
2025-11-14,74090,輸送用機器,79.9,1153.3333333333333,1268.7,TP(+10%),2025-11-17,10000000.0,1430,11000289.01734104,1430,997429.0173410401
2025-11-14,330A0,情報･通信業,68.9,1037.0,985.1,SL(-5%),2025-11-18,10000000.0,1430,9499517.839922855,1430,-503342.1600771453
2025-11-14,40730,情報･通信業,65.1,646.0,613.7,SL(-5%),2025-11-17,10000000.0,1430,9500000.0,1430,-502860.0
2025-11-14,130A0,医薬品,64.6,538.0,511.1,SL(-5%),2025-11-17,10000000.0,1430,9500000.0,1430,-502860.0
2025-11-14,25860,食料品,77.5,187.0,177.7,SL(-5%),2025-11-17,10000000.0,1430,9502673.796791444,1430,-500186.2032085564
2025-11-14,91450,陸運業,70.3,848.0,805.6,SL(-5%),2025-11-17,10000000.0,1430,9500000.0,1430,-502860.0
2025-11-14,44460,情報･通信業,74.5,1036.0,984.2,SL(-5%),2025-11-18,10000000.0,1430,9500000.0,1430,-502860.0
2025-08-07,41830,化学,75.8,1804.5,1985.0,TP(+10%),2025-12-01,10000000.0,1430,11000277.085065115,1430,997417.0850651152
2025-08-07,19680,建設業,77.0,2090.0,2299.0,TP(+10%),2025-11-28,10000000.0,1430,11000000.0,1430,997140.0
2025-09-12,74220,卸売業,67.4,552.0,524.4,SL(-5%),2025-11-26,10000000.0,1430,9500000.0,1430,-502860.0
2025-10-09,79010,その他製品,67.7,817.0,898.7,TP(+10%),2025-11-27,10000000.0,1430,11000000.0,1430,997140.0
2025-10-28,15150,鉱業,67.9,1653.0,1818.3,TP(+10%),2025-11-27,10000000.0,1430,11000000.0,1430,997140.0
2025-11-06,83930,銀行業,72.7,1002.0,1102.2,TP(+10%),2025-11-27,10000000.0,1430,11000000.0,1430,997140.0
2025-11-10,64600,機械,62.9,2485.0,2733.5,TP(+10%),2025-11-27,10000000.0,1430,11000000.0,1430,997140.0
2025-11-11,49330,化学,72.0,1472.0,1398.4,SL(-5%),2025-12-01,10000000.0,1430,9500000.0,1430,-502860.0
2025-11-11,22640,食料品,74.1,875.0,962.5,TP(+10%),2025-11-26,10000000.0,1430,11000000.0,1430,997140.0
2025-11-11,19820,建設業,64.5,2147.5,2362.2,TP(+10%),2025-11-27,10000000.0,1430,10999767.17112922,1430,996907.1711292192
2025-11-12,63510,機械,66.2,2034.0,2237.4,TP(+10%),2025-11-26,10000000.0,1430,11000000.0,1430,997140.0
2025-11-13,42880,情報･通信業,92.0,605.0,665.5,TP(+10%),2025-11-26,10000000.0,1430,11000000.0,1430,997140.0
2025-11-13,45870,医薬品,74.3,1630.0,1793.0,TP(+10%),2025-11-28,10000000.0,1430,11000000.0,1430,997140.0
2025-11-14,98230,小売業,90.3,1319.0,1450.9,TP(+10%),2025-11-26,10000000.0,1430,11000000.0,1430,997140.0
2025-11-14,142A0,サービス業,67.0,731.0,694.4,SL(-5%),2025-11-26,10000000.0,1430,9499316.005471956,1430,-503543.994528044
2025-11-14,40220,化学,71.3,987.0,1085.7,TP(+10%),2025-11-27,10000000.0,1430,11000000.0,1430,997140.0
2025-11-14,48490,サービス業,66.6,1368.0,1504.8,TP(+10%),2025-11-28,10000000.0,1430,10999999.999999998,1430,997139.9999999981
2025-11-17,51380,情報･通信業,91.5,735.0,698.2,SL(-5%),2025-11-26,10000000.0,1430,9499319.727891156,1430,-503540.27210884355
2025-11-17,206A0,医薬品,92.2,201.0,190.9,SL(-5%),2025-11-26,10000000.0,1430,9497512.437810946,1430,-505347.56218905374
2025-11-17,52550,情報･通信業,90.1,199.0,189.0,SL(-5%),2025-12-01,10000000.0,1430,9497487.43718593,1430,-505372.5628140699
2025-11-17,96100,サービス業,87.7,155.0,170.5,TP(+10%),2025-11-27,10000000.0,1430,11000000.0,1430,997140.0
2025-11-17,21960,その他,75.7,180.0,171.0,SL(-5%),2025-11-26,10000000.0,1430,9500000.0,1430,-502860.0
2025-11-17,352A0,サービス業,82.8,928.0,881.6,SL(-5%),2025-11-26,10000000.0,1430,9500000.0,1430,-502860.0
2025-11-17,40530,情報･通信業,71.6,503.0,477.8,SL(-5%),2025-12-01,10000000.0,1430,9499005.964214712,1430,-503854.0357852876
2025-11-17,149A0,情報･通信業,78.5,793.0,753.3,SL(-5%),2025-12-02,10000000.0,1430,9499369.48297604,1430,-503490.5170239601
2025-11-17,50330,情報･通信業,76.1,765.0,841.5,TP(+10%),2025-12-02,10000000.0,1430,11000000.0,1430,997140.0
2025-11-17,44200,情報･通信業,77.2,499.0,474.0,SL(-5%),2025-11-26,10000000.0,1430,9498997.995991984,1430,-503862.0040080156
2025-11-17,40190,情報･通信業,80.3,964.0,915.8,SL(-5%),2025-11-26,10000000.0,1430,9500000.0,1430,-502860.0
2025-11-17,76850,卸売業,68.9,1880.0,2068.0,TP(+10%),2025-11-26,10000000.0,1430,11000000.0,1430,997140.0
2025-11-17,42600,情報･通信業,67.6,322.0,305.9,SL(-5%),2025-11-26,10000000.0,1430,9500000.0,1430,-502860.0
2025-11-17,70820,サービス業,74.1,1156.0,1098.2,SL(-5%),2025-11-26,10000000.0,1430,9500000.0,1430,-502860.0
2025-11-17,303A0,情報･通信業,85.9,1078.0,1024.1,SL(-5%),2025-11-26,10000000.0,1430,9500000.0,1430,-502860.0
2025-11-17,21340,サービス業,88.2,25.0,27.5,TP(+10%),2025-11-26,10000000.0,1430,11000000.0,1430,997140.0
2025-11-17,44490,その他,73.1,978.0,1075.8,TP(+10%),2025-11-26,10000000.0,1430,10999999.999999998,1430,997139.9999999981
2025-11-17,92110,サービス業,69.1,1649.0,1566.5,SL(-5%),2025-12-01,10000000.0,1430,9499696.785930866,1430,-503163.2140691336
2025-11-17,70480,サービス業,72.3,196.0,186.2,SL(-5%),2025-11-26,10000000.0,1430,9500000.0,1430,-502860.0
2025-11-17,87980,保険業,86.9,232.0,220.4,SL(-5%),2025-11-26,10000000.0,1430,9500000.0,1430,-502860.0
2025-11-17,93450,サービス業,72.3,722.0,794.2,TP(+10%),2025-11-26,10000000.0,1430,11000000.0,1430,997140.0
2025-11-17,50270,情報･通信業,78.9,673.0,639.4,SL(-5%),2025-11-26,10000000.0,1430,9500742.94205052,1430,-502117.05794947967
2025-11-17,26670,卸売業,67.7,196.0,186.2,SL(-5%),2025-11-26,10000000.0,1430,9500000.0,1430,-502860.0
2025-11-17,31330,小売業,74.4,578.0,549.1,SL(-5%),2025-11-26,10000000.0,1430,9500000.0,1430,-502860.0
2025-11-17,60810,サービス業,67.1,205.0,194.8,SL(-5%),2025-11-26,10000000.0,1430,9502439.024390245,1430,-500420.97560975514
2025-11-17,76940,小売業,80.1,700.0,665.0,SL(-5%),2025-11-26,10000000.0,1430,9500000.0,1430,-502860.0
2025-11-17,44480,情報･通信業,69.3,354.0,389.4,TP(+10%),2025-11-26,10000000.0,1430,10999999.999999998,1430,997139.9999999981
2025-11-17,88940,不動産業,76.9,52.0,57.2,TP(+10%),2025-11-28,10000000.0,1430,11000000.0,1430,997140.0
2025-11-17,49350,化学,82.5,370.6,407.7,TP(+10%),2025-11-27,10000000.0,1430,11001079.330814894,1430,998219.3308148943
2025-11-17,52540,情報･通信業,66.4,3360.0,3192.0,SL(-5%),2025-11-26,10000000.0,1430,9500000.0,1430,-502860.0
2025-11-17,74090,輸送用機器,77.6,1255.0,1192.2,SL(-5%),2025-11-26,10000000.0,1430,9499601.593625499,1430,-503258.40637450106
2025-11-17,77070,精密機器,63.1,204.0,193.8,SL(-5%),2025-12-02,10000000.0,1430,9500000.0,1430,-502860.0
2025-11-17,38400,情報･通信業,75.4,68.0,74.8,TP(+10%),2025-11-26,10000000.0,1430,10999999.999999998,1430,997139.9999999981
2025-11-17,87460,証券･商品先物取引業,72.6,437.0,415.1,SL(-5%),2025-11-26,10000000.0,1430,9498855.835240275,1430,-504004.16475972533
2025-11-17,14910,非鉄金属,68.7,760.0,722.0,SL(-5%),2025-11-26,10000000.0,1430,9500000.0,1430,-502860.0
2025-11-17,62270,機械,67.0,1643.3333333333333,1561.2,SL(-5%),2025-11-26,10000000.0,1430,9500202.839756593,1430,-502657.1602434069
2025-11-17,247A0,化学,69.7,1489.0,1414.5,SL(-5%),2025-11-26,10000000.0,1430,9499664.204163868,1430,-503195.795836132
2025-11-17,36720,情報･通信業,63.7,64.0,60.8,SL(-5%),2025-11-26,10000000.0,1430,9500000.0,1430,-502860.0
2025-11-17,60290,サービス業,66.9,160.0,176.0,TP(+10%),2025-11-28,10000000.0,1430,11000000.0,1430,997140.0
2025-11-17,36240,情報･通信業,69.7,95.0,90.2,SL(-5%),2025-11-26,10000000.0,1430,9494736.842105264,1430,-508123.15789473616
2025-11-17,55350,不動産業,75.5,408.0,387.6,SL(-5%),2025-11-26,10000000.0,1430,9500000.0,1430,-502860.0
2025-11-17,93270,倉庫･運輸関連業,66.7,276.0,262.2,SL(-5%),2025-11-26,10000000.0,1430,9500000.0,1430,-502860.0
2025-11-17,69930,小売業,78.9,48.0,52.8,TP(+10%),2025-11-26,10000000.0,1430,10999999.999999998,1430,997139.9999999981
2025-11-17,37980,情報･通信業,71.7,619.0,588.0,SL(-5%),2025-11-26,10000000.0,1430,9499192.245557351,1430,-503667.75444264896
2025-11-17,40690,情報･通信業,65.7,1425.0,1353.8,SL(-5%),2025-12-02,10000000.0,1430,9500350.877192982,1430,-502509.12280701846
2025-11-17,27430,その他,77.0,64.0,70.4,TP(+10%),2025-11-26,10000000.0,1430,11000000.0,1430,997140.0
2025-11-17,72730,輸送用機器,76.7,874.0,830.3,SL(-5%),2025-11-27,10000000.0,1430,9500000.0,1430,-502860.0
2025-11-17,32370,不動産業,63.4,73.0,69.3,SL(-5%),2025-11-26,10000000.0,1430,9493150.684931505,1430,-509709.3150684945
2025-11-17,55920,情報･通信業,67.6,2721.0,2584.9,SL(-5%),2025-12-02,10000000.0,1430,9499816.244027931,1430,-503043.75597206876
2025-11-17,37770,情報･通信業,67.2,48.0,45.6,SL(-5%),2025-11-26,10000000.0,1430,9500000.0,1430,-502860.0
2025-11-17,38250,小売業,69.6,272.0,258.4,SL(-5%),2025-11-26,10000000.0,1430,9500000.0,1430,-502860.0
2025-11-17,51370,情報･通信業,68.0,524.0,497.8,SL(-5%),2025-11-26,10000000.0,1430,9500000.0,1430,-502860.0
2025-11-14,45930,医薬品,69.2,463.0,439.8,SL(-5%),2025-12-03,10000000.0,1430,9498920.086393088,1430,-503939.9136069119
2025-11-17,41920,情報･通信業,71.3,313.0,297.3,SL(-5%),2025-12-03,10000000.0,1430,9498402.555910543,1430,-504457.4440894574
2025-11-17,91620,サービス業,70.6,312.0,296.4,SL(-5%),2025-12-03,10000000.0,1430,9500000.0,1430,-502860.0
2025-11-17,34150,小売業,63.8,402.0,442.2,TP(+10%),2025-12-03,10000000.0,1430,11000000.0,1430,997140.0
2025-11-26,71380,小売業,96.5,189.0,179.5,SL(-5%),2025-11-27,10000000.0,1430,9497354.497354498,1430,-505505.50264550187
2025-11-26,67310,電気機器,88.6,420.0,399.0,SL(-5%),2025-12-03,10000000.0,1430,9500000.0,1430,-502860.0
2025-11-26,93270,倉庫･運輸関連業,87.7,224.0,246.4,TP(+10%),2025-11-28,10000000.0,1430,11000000.0,1430,997140.0
2025-11-26,73560,サービス業,84.3,176.0,167.2,SL(-5%),2025-11-27,10000000.0,1430,9500000.0,1430,-502860.0
2025-11-26,52430,情報･通信業,75.9,1586.0,1744.6,TP(+10%),2025-11-27,10000000.0,1430,10999999.999999998,1430,997139.9999999981
2025-11-26,63470,機械,79.5,266.0,292.6,TP(+10%),2025-11-27,10000000.0,1430,11000000.0,1430,997140.0
2025-11-26,60850,サービス業,85.9,38.1,36.2,SL(-5%),2025-11-27,10000000.0,1430,9501312.335958006,1430,-501547.66404199414
2025-11-26,31890,小売業,78.9,442.0,419.9,SL(-5%),2025-12-01,10000000.0,1430,9500000.0,1430,-502860.0
2025-11-26,302A0,サービス業,73.6,617.5,586.6,SL(-5%),2025-12-03,10000000.0,1430,9499595.141700406,1430,-503264.8582995944
2025-11-26,77760,精密機器,65.8,309.0,293.6,SL(-5%),2025-12-02,10000000.0,1430,9501618.122977346,1430,-501241.8770226538
2025-11-26,338A0,情報･通信業,78.0,3205.0,3044.8,SL(-5%),2025-12-01,10000000.0,1430,9500156.00624025,1430,-502703.99375974946
2025-11-26,23150,情報･通信業,68.8,105.0,115.5,TP(+10%),2025-11-27,10000000.0,1430,11000000.0,1430,997140.0
2025-11-13,60630,サービス業,62.8,952.0,904.4,SL(-5%),2025-12-04,10000000.0,1430,9500000.0,1430,-502860.0
2025-11-17,366A0,サービス業,72.4,1282.5,1218.4,SL(-5%),2025-12-04,10000000.0,1430,9500194.93177388,1430,-502665.0682261195
2025-11-17,60390,サービス業,72.6,1156.0,1098.2,SL(-5%),2025-12-04,10000000.0,1430,9500000.0,1430,-502860.0
2025-11-17,45960,医薬品,82.7,51.0,48.4,SL(-5%),2025-12-04,10000000.0,1430,9490196.078431372,1430,-512663.9215686284
2025-11-27,79010,その他製品,92.8,913.0,1004.3,TP(+10%),2025-11-28,10000000.0,1430,10999999.999999998,1430,997139.9999999981
2025-11-27,61730,その他,90.3,211.0,232.1,TP(+10%),2025-12-01,10000000.0,1430,11000000.0,1430,997140.0
2025-11-27,34090,繊維製品,85.3,136.0,129.2,SL(-5%),2025-11-28,10000000.0,1430,9500000.0,1430,-502860.0
2025-11-27,29340,食料品,68.9,1566.0,1487.7,SL(-5%),2025-12-01,10000000.0,1430,9500000.0,1430,-502860.0
2025-11-27,73760,サービス業,72.4,723.0,686.9,SL(-5%),2025-11-28,10000000.0,1430,9500691.562932227,1430,-502168.4370677732
2025-11-27,99730,小売業,77.4,28.0,30.8,TP(+10%),2025-11-28,10000000.0,1430,11000000.0,1430,997140.0
2025-11-27,23450,情報･通信業,75.7,245.0,232.8,SL(-5%),2025-11-28,10000000.0,1430,9502040.81632653,1430,-500819.18367346935
2025-11-27,153A0,情報･通信業,65.4,1372.0,1509.2,TP(+10%),2025-11-28,10000000.0,1430,11000000.0,1430,997140.0
2025-11-27,71380,小売業,72.4,174.0,165.3,SL(-5%),2025-11-28,10000000.0,1430,9500000.0,1430,-502860.0
2025-11-27,52430,情報･通信業,70.8,1750.0,1662.5,SL(-5%),2025-11-28,10000000.0,1430,9500000.0,1430,-502860.0
2025-11-27,49350,化学,79.3,409.8,389.3,SL(-5%),2025-12-02,10000000.0,1430,9499755.97852611,1430,-503104.02147389017
2025-11-27,93270,倉庫･運輸関連業,65.9,235.0,223.2,SL(-5%),2025-12-03,10000000.0,1430,9497872.340425532,1430,-504987.6595744677
2025-11-27,89380,不動産業,62.5,490.0,465.5,SL(-5%),2025-12-01,10000000.0,1430,9500000.0,1430,-502860.0
2025-11-27,87980,保険業,81.7,250.0,237.5,SL(-5%),2025-12-01,10000000.0,1430,9500000.0,1430,-502860.0
2025-11-27,21640,サービス業,74.4,110.16467065868264,104.7,SL(-5%),2025-12-01,10000000.0,1430,9503954.341622502,1430,-498905.6583774984
2025-11-27,264A0,サービス業,80.7,662.0,728.2,TP(+10%),2025-11-28,10000000.0,1430,11000000.0,1430,997140.0
2025-11-17,44160,情報･通信業,63.3,806.0,765.7,SL(-5%),2025-12-05,10000000.0,1430,9500000.0,1430,-502860.0
2025-11-28,79010,その他製品,93.5,849.0,806.5,SL(-5%),2025-12-02,10000000.0,1430,9499411.071849234,1430,-503448.9281507656
2025-11-28,73760,サービス業,88.4,717.3333333333333,681.5,SL(-5%),2025-12-03,10000000.0,1430,9500464.684014872,1430,-502395.3159851283
2025-11-28,44270,情報･通信業,88.5,322.0,305.9,SL(-5%),2025-12-01,10000000.0,1430,9500000.0,1430,-502860.0
2025-11-28,38230,情報･通信業,82.9,55.0,60.5,TP(+10%),2025-12-01,10000000.0,1430,11000000.0,1430,997140.0
2025-11-28,264A0,サービス業,76.5,695.0,660.2,SL(-5%),2025-12-01,10000000.0,1430,9499280.575539568,1430,-503579.42446043156
2025-11-28,27430,その他,88.6,39.0,37.0,SL(-5%),2025-12-01,10000000.0,1430,9487179.487179486,1430,-515680.5128205139
2025-11-28,73560,サービス業,80.8,174.0,165.3,SL(-5%),2025-12-01,10000000.0,1430,9500000.0,1430,-502860.0
2025-11-28,153A0,情報･通信業,68.2,1440.0,1368.0,SL(-5%),2025-12-02,10000000.0,1430,9500000.0,1430,-502860.0
2025-11-28,21340,サービス業,83.4,38.0,41.8,TP(+10%),2025-12-01,10000000.0,1430,10999999.999999998,1430,997139.9999999981
2025-11-28,168A0,その他製品,63.2,1319.0,1253.0,SL(-5%),2025-12-02,10000000.0,1430,9499620.924943138,1430,-503239.0750568621
2025-11-28,39970,情報･通信業,83.7,406.0,385.7,SL(-5%),2025-12-01,10000000.0,1430,9500000.0,1430,-502860.0
2025-11-28,61730,その他,70.4,213.0,234.3,TP(+10%),2025-12-01,10000000.0,1430,11000000.0,1430,997140.0
2025-11-28,87980,保険業,71.2,251.0,238.4,SL(-5%),2025-12-01,10000000.0,1430,9498007.96812749,1430,-504852.0318725109
2025-11-28,57210,非鉄金属,82.4,169.11066398390344,160.7,SL(-5%),2025-12-01,10000000.0,1430,9502653.245764323,1430,-500206.7542356774
2025-11-28,39050,情報･通信業,77.7,2377.0,2258.2,SL(-5%),2025-12-01,10000000.0,1430,9500210.349179637,1430,-502649.6508203633
2025-11-28,45960,医薬品,65.9,54.0,51.3,SL(-5%),2025-12-01,10000000.0,1430,9500000.0,1430,-502860.0
2025-11-28,42880,情報･通信業,65.3,707.0,671.6,SL(-5%),2025-12-02,10000000.0,1430,9499292.7864215,1430,-503567.21357849985
2025-11-28,58560,その他,69.9,30.0,33.0,TP(+10%),2025-12-01,10000000.0,1430,11000000.0,1430,997140.0
2025-11-28,34090,繊維製品,65.5,131.0,124.4,SL(-5%),2025-12-02,10000000.0,1430,9496183.206106871,1430,-506676.79389312863
2025-11-28,71380,小売業,75.6,182.0,172.9,SL(-5%),2025-12-01,10000000.0,1430,9500000.0,1430,-502860.0
2025-11-28,70780,サービス業,65.4,417.0,396.1,SL(-5%),2025-12-02,10000000.0,1430,9498800.959232613,1430,-504059.04076738656
2025-11-28,36720,情報･通信業,63.7,60.0,57.0,SL(-5%),2025-12-03,10000000.0,1430,9500000.0,1430,-502860.0
2025-10-10,37790,情報･通信業,85.2,191.0,181.4,SL(-5%),2025-12-08,10000000.0,1430,9497382.19895288,1430,-505477.80104712024
2025-11-17,52160,ガラス･土石製品,75.6,123.0,135.3,TP(+10%),2025-12-08,10000000.0,1430,11000000.0,1430,997140.0
2025-11-17,80060,卸売業,66.5,1694.0,1609.3,SL(-5%),2025-12-08,10000000.0,1430,9500000.0,1430,-502860.0
2025-11-17,95570,サービス業,64.7,275.0,261.2,SL(-5%),2025-12-08,10000000.0,1430,9498181.818181818,1430,-504678.18181818165
2025-11-27,89460,不動産業,63.4,79.0,75.0,SL(-5%),2025-12-08,10000000.0,1430,9493670.88607595,1430,-509189.1139240507
2025-11-28,88360,不動産業,64.6,33.0,31.3,SL(-5%),2025-12-08,10000000.0,1430,9484848.484848484,1430,-518011.5151515156
2025-12-01,206A0,医薬品,85.4,226.0,248.6,TP(+10%),2025-12-02,10000000.0,1430,11000000.0,1430,997140.0
2025-12-01,64330,機械,87.7,399.0,438.9,TP(+10%),2025-12-02,10000000.0,1430,10999999.999999998,1430,997139.9999999981
2025-12-01,38230,情報･通信業,90.2,63.0,59.8,SL(-5%),2025-12-02,10000000.0,1430,9492063.492063493,1430,-510796.50793650746
2025-12-01,45720,医薬品,76.1,245.0,232.8,SL(-5%),2025-12-05,10000000.0,1430,9502040.81632653,1430,-500819.18367346935
2025-12-01,44240,情報･通信業,82.0,363.0,399.3,TP(+10%),2025-12-02,10000000.0,1430,11000000.0,1430,997140.0
2025-12-01,48890,医薬品,69.6,1910.0,1814.5,SL(-5%),2025-12-02,10000000.0,1430,9500000.0,1430,-502860.0
2025-12-01,190A0,医薬品,82.2,110.0,104.5,SL(-5%),2025-12-03,10000000.0,1430,9500000.0,1430,-502860.0
2025-12-01,198A0,情報･通信業,83.0,173.0,164.3,SL(-5%),2025-12-03,10000000.0,1430,9497109.826589596,1430,-505750.1734104045
2025-12-01,55970,情報･通信業,77.2,1488.0,1413.6,SL(-5%),2025-12-02,10000000.0,1430,9500000.0,1430,-502860.0
2025-12-01,31210,サービス業,64.6,225.0,213.8,SL(-5%),2025-12-02,10000000.0,1430,9502222.222222224,1430,-500637.7777777761
2025-12-01,58560,その他,73.9,34.0,32.3,SL(-5%),2025-12-02,10000000.0,1430,9500000.0,1430,-502860.0
2025-12-01,61730,その他,73.1,237.0,225.1,SL(-5%),2025-12-02,10000000.0,1430,9497890.29535865,1430,-504969.7046413496
2025-12-01,43890,情報･通信業,71.1,840.0,798.0,SL(-5%),2025-12-03,10000000.0,1430,9500000.0,1430,-502860.0
2025-12-01,23150,情報･通信業,76.4,113.0,107.3,SL(-5%),2025-12-02,10000000.0,1430,9495575.221238937,1430,-507284.7787610628
2025-12-01,21340,サービス業,81.8,39.0,37.0,SL(-5%),2025-12-02,10000000.0,1430,9487179.487179486,1430,-515680.5128205139
2025-12-01,44270,情報･通信業,70.3,309.0,293.6,SL(-5%),2025-12-03,10000000.0,1430,9501618.122977346,1430,-501241.8770226538
2025-12-01,27430,その他,76.9,35.0,38.5,TP(+10%),2025-12-02,10000000.0,1430,11000000.0,1430,997140.0
2025-12-01,218A0,精密機器,67.8,1449.0,1376.5,SL(-5%),2025-12-03,10000000.0,1430,9499654.934437543,1430,-503205.06556245685
2025-12-01,66190,電気機器,62.2,199.0,189.0,SL(-5%),2025-12-08,10000000.0,1430,9497487.43718593,1430,-505372.5628140699
2025-12-01,81430,繊維製品,62.1,230.0,218.5,SL(-5%),2025-12-03,10000000.0,1430,9500000.0,1430,-502860.0
2025-12-01,50340,情報･通信業,67.3,2714.0,2578.3,SL(-5%),2025-12-02,10000000.0,1430,9500000.0,1430,-502860.0
2025-09-16,39760,情報･通信業,70.3,395.0,375.2,SL(-5%),2025-12-15,10000000.0,1430,9498734.17721519,1430,-504125.8227848094
2025-09-22,65770,サービス業,76.3,2061.0,1957.9,SL(-5%),2025-12-12,10000000.0,1430,9499757.399320718,1430,-503102.6006792821
2025-11-13,61810,サービス業,74.2,113.0,124.3,TP(+10%),2025-12-11,10000000.0,1430,11000000.0,1430,997140.0
2025-11-17,31370,小売業,92.3,190.0,209.0,TP(+10%),2025-12-15,10000000.0,1430,11000000.0,1430,997140.0
2025-11-17,58890,小売業,66.2,1877.0,2064.7,TP(+10%),2025-12-12,10000000.0,1430,10999999.999999998,1430,997139.9999999981
2025-11-17,36610,情報･通信業,68.2,869.0,825.5,SL(-5%),2025-12-11,10000000.0,1430,9499424.626006905,1430,-503435.373993095
2025-11-26,98120,小売業,66.6,272.0,299.2,TP(+10%),2025-12-12,10000000.0,1430,10999999.999999998,1430,997139.9999999981
2025-11-28,41790,情報･通信業,91.8,294.0,323.4,TP(+10%),2025-12-11,10000000.0,1430,10999999.999999998,1430,997139.9999999981
2025-11-28,76150,小売業,66.7,155.0,147.2,SL(-5%),2025-12-11,10000000.0,1430,9496774.193548387,1430,-506085.8064516131
2025-12-02,66660,電気機器,90.3,413.0,392.3,SL(-5%),2025-12-09,10000000.0,1430,9498789.346246975,1430,-504070.65375302546
2025-12-02,64330,機械,89.6,430.0,473.0,TP(+10%),2025-12-09,10000000.0,1430,11000000.0,1430,997140.0
2025-12-02,89380,不動産業,82.4,464.0,440.8,SL(-5%),2025-12-09,10000000.0,1430,9500000.0,1430,-502860.0
2025-12-02,206A0,医薬品,85.1,196.0,186.2,SL(-5%),2025-12-09,10000000.0,1430,9500000.0,1430,-502860.0
2025-12-02,44240,情報･通信業,83.9,339.0,372.9,TP(+10%),2025-12-09,10000000.0,1430,10999999.999999998,1430,997139.9999999981
2025-12-02,48820,医薬品,74.8,300.0,285.0,SL(-5%),2025-12-09,10000000.0,1430,9500000.0,1430,-502860.0
2025-12-02,45720,医薬品,66.7,246.0,233.7,SL(-5%),2025-12-09,10000000.0,1430,9500000.0,1430,-502860.0
2025-12-02,57210,非鉄金属,85.7,159.71562709590881,151.7,SL(-5%),2025-12-09,10000000.0,1430,9498131.319918027,1430,-504728.68008197285
2025-12-02,81050,卸売業,83.5,355.0,337.2,SL(-5%),2025-12-09,10000000.0,1430,9498591.549295774,1430,-504268.45070422627
2025-12-02,37190,情報･通信業,79.3,296.0,281.2,SL(-5%),2025-12-09,10000000.0,1430,9500000.0,1430,-502860.0
2025-12-02,303A0,情報･通信業,78.5,1036.0,1139.6,TP(+10%),2025-12-09,10000000.0,1430,10999999.999999998,1430,997139.9999999981
2025-12-02,45920,医薬品,78.2,1756.0,1931.6,TP(+10%),2025-12-10,10000000.0,1430,10999999.999999998,1430,997139.9999999981
2025-12-02,52430,情報･通信業,73.8,1590.0,1510.5,SL(-5%),2025-12-10,10000000.0,1430,9500000.0,1430,-502860.0
2025-12-02,92290,サービス業,69.7,405.0,384.8,SL(-5%),2025-12-09,10000000.0,1430,9501234.567901235,1430,-501625.4320987649
2025-12-02,198A0,情報･通信業,75.7,168.0,184.8,TP(+10%),2025-12-09,10000000.0,1430,11000000.0,1430,997140.0
2025-12-02,402A0,輸送用機器,70.1,506.0,480.7,SL(-5%),2025-12-09,10000000.0,1430,9500000.0,1430,-502860.0
2025-12-02,45860,医薬品,63.2,120.0,114.0,SL(-5%),2025-12-10,10000000.0,1430,9500000.0,1430,-502860.0
2025-12-02,36670,情報･通信業,68.5,67.0,63.6,SL(-5%),2025-12-09,10000000.0,1430,9492537.313432837,1430,-510322.6865671631
2025-12-02,29860,不動産業,66.9,2530.0,2403.5,SL(-5%),2025-12-11,10000000.0,1430,9500000.0,1430,-502860.0
2025-10-24,48910,医薬品,67.5,138.0,131.1,SL(-5%),2025-12-16,10000000.0,1430,9500000.0,1430,-502860.0
2025-11-14,30830,小売業,75.8,663.0,729.3,TP(+10%),2025-12-16,10000000.0,1430,10999999.999999998,1430,997139.9999999981
2025-11-28,78860,化学,67.0,886.0,841.7,SL(-5%),2025-12-16,10000000.0,1430,9500000.0,1430,-502860.0
2025-12-09,52520,情報･通信業,93.4,555.0,527.2,SL(-5%),2025-12-10,10000000.0,1430,9499099.0990991,1430,-503760.90090090036
2025-12-09,52160,ガラス･土石製品,90.5,197.0,187.1,SL(-5%),2025-12-10,10000000.0,1430,9497461.92893401,1430,-505398.07106599025
2025-12-09,45940,医薬品,92.7,55.0,52.2,SL(-5%),2025-12-10,10000000.0,1430,9490909.090909092,1430,-511950.90909090824
2025-12-09,98780,小売業,91.0,570.0,541.5,SL(-5%),2025-12-10,10000000.0,1430,9500000.0,1430,-502860.0
2025-12-09,198A0,情報･通信業,95.8,242.0,266.2,TP(+10%),2025-12-10,10000000.0,1430,10999999.999999998,1430,997139.9999999981
2025-12-09,65580,サービス業,78.9,650.0,715.0,TP(+10%),2025-12-11,10000000.0,1430,11000000.0,1430,997140.0
2025-12-09,61730,その他,88.3,238.0,261.8,TP(+10%),2025-12-10,10000000.0,1430,11000000.0,1430,997140.0
2025-12-09,34750,不動産業,72.1,1119.0,1230.9,TP(+10%),2025-12-16,10000000.0,1430,11000000.0,1430,997140.0
2025-12-09,53410,ガラス･土石製品,85.5,248.0,272.8,TP(+10%),2025-12-11,10000000.0,1430,11000000.0,1430,997140.0
2025-12-09,38250,小売業,88.9,250.0,275.0,TP(+10%),2025-12-12,10000000.0,1430,11000000.0,1430,997140.0
2025-12-09,23750,サービス業,67.7,225.0,247.5,TP(+10%),2025-12-12,10000000.0,1430,11000000.0,1430,997140.0
2025-12-09,219A0,医薬品,75.4,2224.0,2112.8,SL(-5%),2025-12-10,10000000.0,1430,9500000.0,1430,-502860.0
2025-12-09,77940,その他製品,69.1,402.0,381.9,SL(-5%),2025-12-15,10000000.0,1430,9500000.0,1430,-502860.0
2025-12-09,48830,医薬品,70.1,59.0,56.0,SL(-5%),2025-12-16,10000000.0,1430,9491525.423728814,1430,-511334.57627118565
2025-12-09,93990,情報･通信業,79.8,85.0,93.5,TP(+10%),2025-12-10,10000000.0,1430,11000000.0,1430,997140.0
2025-12-09,53370,ガラス･土石製品,74.0,595.0,565.2,SL(-5%),2025-12-15,10000000.0,1430,9499159.663865548,1430,-503700.3361344524
2025-12-09,45700,医薬品,77.7,1785.0,1695.8,SL(-5%),2025-12-10,10000000.0,1430,9500280.112044817,1430,-502579.88795518316
2025-12-09,44240,情報･通信業,79.9,352.0,334.4,SL(-5%),2025-12-10,10000000.0,1430,9500000.0,1430,-502860.0
2025-12-09,303A0,情報･通信業,81.8,1161.0,1103.0,SL(-5%),2025-12-10,10000000.0,1430,9500430.663221361,1430,-502429.3367786389
2025-12-09,29980,不動産業,79.9,856.0,813.2,SL(-5%),2025-12-11,10000000.0,1430,9500000.0,1430,-502860.0
2025-12-09,190A0,医薬品,69.8,113.0,124.3,TP(+10%),2025-12-12,10000000.0,1430,11000000.0,1430,997140.0
2025-12-09,51340,情報･通信業,63.4,818.0,777.1,SL(-5%),2025-12-12,10000000.0,1430,9500000.0,1430,-502860.0
2025-12-09,336A0,情報･通信業,66.9,598.0,568.1,SL(-5%),2025-12-11,10000000.0,1430,9500000.0,1430,-502860.0
2025-12-09,29010,食料品,65.3,377.0,414.7,TP(+10%),2025-12-11,10000000.0,1430,10999999.999999998,1430,997139.9999999981
2025-12-09,47840,サービス業,72.0,675.0,641.2,SL(-5%),2025-12-12,10000000.0,1430,9499259.25925926,1430,-503600.7407407407
2025-11-10,21950,サービス業,69.2,316.0,300.2,SL(-5%),2025-12-17,10000000.0,1430,9500000.0,1430,-502860.0
2025-11-17,48880,医薬品,70.9,244.0,231.8,SL(-5%),2025-12-17,10000000.0,1430,9500000.0,1430,-502860.0
2025-11-26,99410,卸売業,62.2,653.0,620.4,SL(-5%),2025-12-18,10000000.0,1430,9500765.696784073,1430,-502094.3032159265
2025-11-28,74220,卸売業,77.6,542.0,514.9,SL(-5%),2025-12-18,10000000.0,1430,9500000.0,1430,-502860.0
2025-12-02,48890,医薬品,63.9,1775.0,1686.2,SL(-5%),2025-12-18,10000000.0,1430,9499718.309859155,1430,-503141.69014084525
2025-12-09,78150,その他製品,72.4,450.0,427.5,SL(-5%),2025-12-18,10000000.0,1430,9500000.0,1430,-502860.0
2025-12-10,24590,サービス業,92.0,286.0,271.7,SL(-5%),2025-12-12,10000000.0,1430,9500000.0,1430,-502860.0
2025-12-10,52440,情報･通信業,90.4,227.0,215.6,SL(-5%),2025-12-16,10000000.0,1430,9497797.356828194,1430,-505062.6431718059
2025-12-10,24370,サービス業,90.3,291.0,320.1,TP(+10%),2025-12-12,10000000.0,1430,11000000.0,1430,997140.0
2025-12-10,61730,その他,90.1,254.0,279.4,TP(+10%),2025-12-12,10000000.0,1430,10999999.999999998,1430,997139.9999999981
2025-12-10,14360,建設業,80.4,788.6666666666666,749.2,SL(-5%),2025-12-12,10000000.0,1430,9499577.345731193,1430,-503282.6542688068
2025-12-10,198A0,情報･通信業,91.7,224.0,246.4,TP(+10%),2025-12-12,10000000.0,1430,11000000.0,1430,997140.0
2025-12-10,218A0,精密機器,87.9,1210.0,1149.5,SL(-5%),2025-12-12,10000000.0,1430,9500000.0,1430,-502860.0
2025-12-10,34090,繊維製品,87.6,117.0,111.1,SL(-5%),2025-12-12,10000000.0,1430,9495726.495726496,1430,-507133.504273504
2025-12-10,27430,その他,90.6,54.0,51.3,SL(-5%),2025-12-12,10000000.0,1430,9500000.0,1430,-502860.0
2025-12-10,41920,情報･通信業,83.8,321.0,304.9,SL(-5%),2025-12-12,10000000.0,1430,9498442.367601246,1430,-504417.63239875436
2025-12-10,52520,情報･通信業,70.7,532.0,585.2,TP(+10%),2025-12-16,10000000.0,1430,11000000.0,1430,997140.0
2025-12-10,98780,小売業,71.8,522.0,495.9,SL(-5%),2025-12-12,10000000.0,1430,9500000.0,1430,-502860.0
2025-12-10,70310,サービス業,66.6,630.0,693.0,TP(+10%),2025-12-16,10000000.0,1430,11000000.0,1430,997140.0
2025-12-10,45930,医薬品,81.5,341.0,323.9,SL(-5%),2025-12-12,10000000.0,1430,9498533.724340176,1430,-504326.2756598238
2025-12-10,45920,医薬品,69.1,1955.0,1857.2,SL(-5%),2025-12-12,10000000.0,1430,9499744.245524297,1430,-503115.75447570346
2025-12-10,23230,情報･通信業,78.6,278.0,264.1,SL(-5%),2025-12-15,10000000.0,1430,9500000.0,1430,-502860.0
2025-12-10,77940,その他製品,70.9,413.0,392.3,SL(-5%),2025-12-12,10000000.0,1430,9498789.346246975,1430,-504070.65375302546
2025-12-10,89380,不動産業,80.6,394.0,374.3,SL(-5%),2025-12-15,10000000.0,1430,9500000.0,1430,-502860.0
2025-12-10,60290,サービス業,74.3,187.0,177.7,SL(-5%),2025-12-12,10000000.0,1430,9502673.796791444,1430,-500186.2032085564
2025-12-10,66660,電気機器,72.1,412.0,453.2,TP(+10%),2025-12-12,10000000.0,1430,11000000.0,1430,997140.0
2025-12-10,23750,サービス業,65.2,231.0,254.1,TP(+10%),2025-12-12,10000000.0,1430,11000000.0,1430,997140.0
2025-12-10,67210,電気機器,68.1,99.0,94.0,SL(-5%),2025-12-16,10000000.0,1430,9494949.494949495,1430,-507910.5050505046
2025-12-10,37770,情報･通信業,76.0,42.0,46.2,TP(+10%),2025-12-16,10000000.0,1430,11000000.0,1430,997140.0
2025-12-10,33500,卸売業,78.1,471.0,447.4,SL(-5%),2025-12-12,10000000.0,1430,9498938.428874733,1430,-503921.5711252671
2025-12-10,48820,医薬品,70.4,309.0,293.6,SL(-5%),2025-12-12,10000000.0,1430,9501618.122977346,1430,-501241.8770226538
2025-08-04,28970,食料品,69.6,2680.5,2948.6,TP(+10%),2025-12-19,10000000.0,1430,11000186.532363364,1430,997326.5323633645
2025-11-11,66480,電気機器,67.5,1790.0,1969.0,TP(+10%),2025-12-19,10000000.0,1430,11000000.0,1430,997140.0
2025-11-14,71200,卸売業,73.1,858.0,943.8,TP(+10%),2025-12-19,10000000.0,1430,10999999.999999998,1430,997139.9999999981
2025-12-12,98120,小売業,92.2,267.0,253.6,SL(-5%),2025-12-18,10000000.0,1430,9498127.340823969,1430,-504732.6591760311
2025-12-12,81430,繊維製品,91.2,211.0,200.4,SL(-5%),2025-12-16,10000000.0,1430,9497630.331753556,1430,-505229.6682464443
2025-12-12,45910,医薬品,89.4,78.0,74.1,SL(-5%),2025-12-15,10000000.0,1430,9500000.0,1430,-502860.0
2025-12-12,23750,サービス業,87.9,236.0,224.2,SL(-5%),2025-12-16,10000000.0,1430,9500000.0,1430,-502860.0
2025-12-12,190A0,医薬品,95.3,106.0,100.7,SL(-5%),2025-12-17,10000000.0,1430,9500000.0,1430,-502860.0
2025-12-12,44220,情報･通信業,85.7,190.0,180.5,SL(-5%),2025-12-15,10000000.0,1430,9500000.0,1430,-502860.0
2025-12-12,215A0,サービス業,72.7,1345.0,1277.8,SL(-5%),2025-12-17,10000000.0,1430,9500371.747211896,1430,-502488.2527881041
2025-12-12,30700,卸売業,88.5,78.0,74.1,SL(-5%),2025-12-17,10000000.0,1430,9500000.0,1430,-502860.0
2025-12-12,43800,情報･通信業,68.0,689.5,655.0,SL(-5%),2025-12-16,10000000.0,1430,9499637.418419145,1430,-503222.58158085495
2025-12-12,45930,医薬品,84.9,288.0,316.8,TP(+10%),2025-12-15,10000000.0,1430,11000000.0,1430,997140.0
2025-12-12,64440,機械,75.5,128.0,121.6,SL(-5%),2025-12-17,10000000.0,1430,9500000.0,1430,-502860.0
2025-12-12,92130,サービス業,74.1,736.0,809.6,TP(+10%),2025-12-16,10000000.0,1430,11000000.0,1430,997140.0
2025-12-12,168A0,その他製品,69.3,1353.0,1488.3,TP(+10%),2025-12-16,10000000.0,1430,10999999.999999998,1430,997139.9999999981
2025-12-12,198A0,情報･通信業,84.3,284.0,269.8,SL(-5%),2025-12-15,10000000.0,1430,9500000.0,1430,-502860.0
2025-12-12,350A0,電気･ガス業,70.4,776.0,737.2,SL(-5%),2025-12-16,10000000.0,1430,9500000.0,1430,-502860.0
2025-12-12,66190,電気機器,71.0,163.0,154.8,SL(-5%),2025-12-16,10000000.0,1430,9496932.515337424,1430,-505927.48466257565
2025-12-12,89950,不動産業,67.9,919.0,1010.9,TP(+10%),2025-12-15,10000000.0,1430,11000000.0,1430,997140.0
2025-12-12,95650,サービス業,66.9,890.0,845.5,SL(-5%),2025-12-17,10000000.0,1430,9500000.0,1430,-502860.0
2025-12-12,61770,サービス業,75.5,117.0,128.7,TP(+10%),2025-12-19,10000000.0,1430,10999999.999999998,1430,997139.9999999981
2025-12-12,62760,電気機器,79.3,328.0,311.6,SL(-5%),2025-12-16,10000000.0,1430,9500000.0,1430,-502860.0
2025-12-12,55320,不動産業,64.3,2320.0,2204.0,SL(-5%),2025-12-15,10000000.0,1430,9500000.0,1430,-502860.0
2025-12-12,91660,サービス業,69.4,748.0,710.6,SL(-5%),2025-12-15,10000000.0,1430,9500000.0,1430,-502860.0
2025-12-12,278A0,精密機器,70.4,2339.0,2222.0,SL(-5%),2025-12-16,10000000.0,1430,9499786.23343309,1430,-503073.76656690985
2025-11-10,19790,建設業,64.6,3090.0,3399.0,TP(+10%),2025-12-22,10000000.0,1430,11000000.0,1430,997140.0
2025-11-17,91590,サービス業,71.0,1760.0,1672.0,SL(-5%),2025-12-23,10000000.0,1430,9500000.0,1430,-502860.0
2025-11-17,40730,情報･通信業,67.3,580.0,551.0,SL(-5%),2025-12-22,10000000.0,1430,9500000.0,1430,-502860.0
2025-12-09,74620,小売業,74.3,247.5,272.2,TP(+10%),2025-12-24,10000000.0,1430,10997979.797979798,1430,995119.7979797982
2025-12-12,137A0,情報･通信業,70.7,1062.0,1008.9,SL(-5%),2025-12-23,10000000.0,1430,9500000.0,1430,-502860.0
2025-12-12,303A0,情報･通信業,86.6,965.0,916.8,SL(-5%),2025-12-24,10000000.0,1430,9500518.134715026,1430,-502341.86528497376
2025-12-12,73780,サービス業,68.5,1322.0,1454.2,TP(+10%),2025-12-22,10000000.0,1430,11000000.0,1430,997140.0
2025-12-15,55910,情報･通信業,90.8,1262.0,1198.9,SL(-5%),2025-12-18,10000000.0,1430,9500000.0,1430,-502860.0
2025-12-15,21640,サービス業,96.1,122.40518962075849,116.3,SL(-5%),2025-12-18,10000000.0,1430,9501231.145536078,1430,-501628.85446392186
2025-12-15,89950,不動産業,80.8,1069.0,1175.9,TP(+10%),2025-12-18,10000000.0,1430,11000000.0,1430,997140.0
2025-12-15,44220,情報･通信業,86.2,178.33333333333331,169.4,SL(-5%),2025-12-18,10000000.0,1430,9499065.42056075,1430,-503794.57943925075
2025-12-15,29780,不動産業,79.0,456.0,433.2,SL(-5%),2025-12-18,10000000.0,1430,9500000.0,1430,-502860.0
2025-12-15,48920,医薬品,81.3,592.0,562.4,SL(-5%),2025-12-18,10000000.0,1430,9500000.0,1430,-502860.0
2025-12-15,57210,非鉄金属,84.8,201.99329309188465,222.2,TP(+10%),2025-12-18,10000000.0,1430,11000365.239796529,1430,997505.2397965286
2025-12-15,92400,サービス業,76.8,549.0,521.5,SL(-5%),2025-12-18,10000000.0,1430,9499089.253187614,1430,-503770.74681238644
2025-12-15,23450,情報･通信業,84.5,204.0,193.8,SL(-5%),2025-12-18,10000000.0,1430,9500000.0,1430,-502860.0
2025-12-15,52480,情報･通信業,71.8,501.0,475.9,SL(-5%),2025-12-18,10000000.0,1430,9499001.996007983,1430,-503858.00399201736
2025-12-15,38250,小売業,81.9,315.0,299.2,SL(-5%),2025-12-18,10000000.0,1430,9498412.698412698,1430,-504447.30158730224
2025-12-15,76030,小売業,73.7,165.0,156.8,SL(-5%),2025-12-18,10000000.0,1430,9503030.303030305,1430,-499829.6969696954
2025-12-15,340A0,情報･通信業,73.7,431.0,409.4,SL(-5%),2025-12-18,10000000.0,1430,9498839.907192575,1430,-504020.0928074252
2025-12-15,276A0,不動産業,82.0,2980.0,2831.0,SL(-5%),2025-12-18,10000000.0,1430,9500000.0,1430,-502860.0
2025-12-15,36860,情報･通信業,61.6,126.0,138.6,TP(+10%),2025-12-18,10000000.0,1430,10999999.999999998,1430,997139.9999999981
2025-11-17,81150,卸売業,79.0,1250.0,1375.0,TP(+10%),2025-12-25,10000000.0,1430,11000000.0,1430,997140.0
2025-11-17,70590,サービス業,73.7,902.0,992.2,TP(+10%),2025-12-25,10000000.0,1430,11000000.0,1430,997140.0
2025-12-12,82090,その他,90.5,295.0,280.2,SL(-5%),2025-12-25,10000000.0,1430,9498305.084745761,1430,-504554.915254239
2025-12-15,80130,繊維製品,66.4,275.0,302.5,TP(+10%),2025-12-25,10000000.0,1430,11000000.0,1430,997140.0
2025-12-18,36700,情報･通信業,77.3,2115.0,2009.2,SL(-5%),2025-12-22,10000000.0,1430,9499763.593380615,1430,-503096.4066193849
2025-12-18,83030,銀行業,77.7,1800.0,1710.0,SL(-5%),2025-12-22,10000000.0,1430,9500000.0,1430,-502860.0
2025-12-18,78150,その他製品,78.9,394.0,374.3,SL(-5%),2025-12-19,10000000.0,1430,9500000.0,1430,-502860.0
2025-12-18,48820,医薬品,75.1,216.0,205.2,SL(-5%),2025-12-22,10000000.0,1430,9500000.0,1430,-502860.0
2025-12-18,92350,サービス業,73.0,659.0,626.0,SL(-5%),2025-12-22,10000000.0,1430,9499241.274658574,1430,-503618.7253414262
2025-12-18,31370,小売業,79.0,212.0,233.2,TP(+10%),2025-12-19,10000000.0,1430,10999999.999999998,1430,997139.9999999981
2025-12-18,78870,その他製品,72.1,1688.0,1856.8,TP(+10%),2025-12-22,10000000.0,1430,11000000.0,1430,997140.0
2025-12-18,247A0,化学,75.7,1588.0,1746.8,TP(+10%),2025-12-19,10000000.0,1430,11000000.0,1430,997140.0
2025-12-18,61730,その他,79.8,221.0,243.1,TP(+10%),2025-12-19,10000000.0,1430,11000000.0,1430,997140.0
2025-12-18,89380,不動産業,80.8,360.0,396.0,TP(+10%),2025-12-19,10000000.0,1430,11000000.0,1430,997140.0
2025-12-18,57210,非鉄金属,81.0,225.48088531187125,248.0,TP(+10%),2025-12-19,10000000.0,1430,10998715.019988576,1430,995855.019988576
2025-12-18,65730,サービス業,69.7,64.0,70.4,TP(+10%),2025-12-19,10000000.0,1430,11000000.0,1430,997140.0
2025-12-18,56180,情報･通信業,69.3,345.0,379.5,TP(+10%),2025-12-19,10000000.0,1430,11000000.0,1430,997140.0
2025-12-18,92130,サービス業,73.8,807.0,766.6,SL(-5%),2025-12-22,10000000.0,1430,9499380.421313507,1430,-503479.5786864925
2025-12-18,44460,情報･通信業,75.6,1081.0,1027.0,SL(-5%),2025-12-22,10000000.0,1430,9500462.534690103,1430,-502397.46530989744
2025-04-22,16940,その他,62.2,1998.5,2198.4,TP(+10%),2025-12-29,10000000.0,1430,11000250.18764073,1430,997390.1876407303
2025-07-16,49200,化学,86.1,1065.0,1171.5,TP(+10%),2025-12-29,10000000.0,1430,11000000.0,1430,997140.0
2025-11-10,79140,その他製品,70.3,1437.0,1580.7,TP(+10%),2025-12-26,10000000.0,1430,11000000.0,1430,997140.0
2025-11-14,44860,情報･通信業,73.4,760.0,722.0,SL(-5%),2025-12-29,10000000.0,1430,9500000.0,1430,-502860.0
2025-11-17,71330,小売業,70.6,1065.0,1171.5,TP(+10%),2025-12-29,10000000.0,1430,11000000.0,1430,997140.0
2025-11-26,44490,その他,68.6,1165.0,1281.5,TP(+10%),2025-12-29,10000000.0,1430,11000000.0,1430,997140.0
2025-12-12,27210,卸売業,82.8,179.0,196.9,TP(+10%),2025-12-29,10000000.0,1430,11000000.0,1430,997140.0
2025-12-12,76920,電気･ガス業,71.1,96.0,105.6,TP(+10%),2025-12-29,10000000.0,1430,10999999.999999998,1430,997139.9999999981
2025-12-18,53370,ガラス･土石製品,81.9,512.0,563.2,TP(+10%),2025-12-26,10000000.0,1430,11000000.0,1430,997140.0
2025-12-18,280A0,卸売業,65.4,939.0,1032.9,TP(+10%),2025-12-26,10000000.0,1430,11000000.0,1430,997140.0
2025-12-19,39360,情報･通信業,93.5,163.0,154.8,SL(-5%),2025-12-23,10000000.0,1430,9496932.515337424,1430,-505927.48466257565
2025-12-19,175A0,情報･通信業,93.1,838.0,796.1,SL(-5%),2025-12-23,10000000.0,1430,9500000.0,1430,-502860.0
2025-12-19,41990,情報･通信業,91.5,819.0,778.0,SL(-5%),2025-12-23,10000000.0,1430,9499389.4993895,1430,-503470.5006105006
2025-12-19,56180,情報･通信業,92.9,333.0,366.3,TP(+10%),2025-12-23,10000000.0,1430,11000000.0,1430,997140.0
2025-12-19,45650,医薬品,77.6,754.0,829.4,TP(+10%),2025-12-25,10000000.0,1430,10999999.999999998,1430,997139.9999999981
2025-12-19,31370,小売業,80.6,213.0,234.3,TP(+10%),2025-12-24,10000000.0,1430,11000000.0,1430,997140.0
2025-12-19,47840,サービス業,83.5,759.0,834.9,TP(+10%),2025-12-23,10000000.0,1430,10999999.999999998,1430,997139.9999999981
2025-12-19,78150,その他製品,68.9,366.0,402.6,TP(+10%),2025-12-29,10000000.0,1430,11000000.0,1430,997140.0
2025-12-19,65730,サービス業,81.1,67.0,73.7,TP(+10%),2025-12-24,10000000.0,1430,11000000.0,1430,997140.0
2025-12-19,184A0,情報･通信業,65.7,455.0,432.2,SL(-5%),2025-12-23,10000000.0,1430,9498901.098901099,1430,-503958.9010989014
2025-12-19,48920,医薬品,73.2,560.0,616.0,TP(+10%),2025-12-24,10000000.0,1430,11000000.0,1430,997140.0
2025-12-19,247A0,化学,79.1,1729.0,1642.5,SL(-5%),2025-12-23,10000000.0,1430,9499710.81550029,1430,-503149.1844997108
2025-12-19,206A0,医薬品,80.1,167.0,158.7,SL(-5%),2025-12-23,10000000.0,1430,9502994.011976046,1430,-499865.9880239535
2025-12-19,64250,機械,67.4,765.0,841.5,TP(+10%),2025-12-29,10000000.0,1430,11000000.0,1430,997140.0
2025-12-19,61730,その他,78.3,217.0,238.7,TP(+10%),2025-12-23,10000000.0,1430,10999999.999999998,1430,997139.9999999981
2025-12-19,93270,倉庫･運輸関連業,79.9,213.0,202.3,SL(-5%),2025-12-23,10000000.0,1430,9497652.582159625,1430,-505207.41784037463
2025-12-19,92130,サービス業,67.7,792.0,752.4,SL(-5%),2025-12-29,10000000.0,1430,9500000.0,1430,-502860.0
2025-12-19,66590,電気機器,69.2,46.0,43.7,SL(-5%),2025-12-24,10000000.0,1430,9500000.0,1430,-502860.0
2025-12-19,72730,輸送用機器,72.9,741.0,703.9,SL(-5%),2025-12-24,10000000.0,1430,9499325.236167341,1430,-503534.76383265853
2025-12-18,29700,不動産業,80.9,894.0,849.3,SL(-5%),2025-12-30,10000000.0,1430,9500000.0,1430,-502860.0
2025-12-23,48330,サービス業,98.9,80.0,76.0,SL(-5%),2025-12-24,10000000.0,1430,9500000.0,1430,-502860.0
2025-12-23,71380,小売業,94.6,394.0,433.4,TP(+10%),2025-12-24,10000000.0,1430,10999999.999999998,1430,997139.9999999981
2025-12-23,60290,サービス業,90.9,200.0,220.0,TP(+10%),2025-12-24,10000000.0,1430,11000000.0,1430,997140.0
2025-12-23,23230,情報･通信業,87.7,291.0,320.1,TP(+10%),2025-12-26,10000000.0,1430,11000000.0,1430,997140.0
2025-12-23,38560,電気機器,91.0,415.0,394.2,SL(-5%),2025-12-24,10000000.0,1430,9498795.18072289,1430,-504064.8192771096
2025-12-23,47840,サービス業,86.3,830.0,913.0,TP(+10%),2025-12-24,10000000.0,1430,11000000.0,1430,997140.0
2025-12-23,38030,情報･通信業,88.4,576.0,547.2,SL(-5%),2025-12-24,10000000.0,1430,9500000.0,1430,-502860.0
2025-12-23,31330,小売業,80.5,458.0,503.8,TP(+10%),2025-12-26,10000000.0,1430,11000000.0,1430,997140.0
2025-12-23,41990,情報･通信業,76.5,875.0,962.5,TP(+10%),2025-12-25,10000000.0,1430,11000000.0,1430,997140.0
2025-12-23,402A0,輸送用機器,75.4,474.0,521.4,TP(+10%),2025-12-24,10000000.0,1430,10999999.999999998,1430,997139.9999999981
2025-12-23,36670,情報･通信業,83.0,60.0,57.0,SL(-5%),2025-12-25,10000000.0,1430,9500000.0,1430,-502860.0
2025-12-23,338A0,情報･通信業,74.1,2670.0,2536.5,SL(-5%),2025-12-25,10000000.0,1430,9500000.0,1430,-502860.0
2025-12-23,77740,精密機器,61.9,484.0,532.4,TP(+10%),2025-12-29,10000000.0,1430,10999999.999999998,1430,997139.9999999981
2025-12-23,77460,精密機器,75.3,301.0,331.1,TP(+10%),2025-12-25,10000000.0,1430,11000000.0,1430,997140.0
2025-12-23,89380,不動産業,70.5,435.0,413.2,SL(-5%),2025-12-24,10000000.0,1430,9498850.574712643,1430,-504009.4252873566
2025-12-23,48890,医薬品,68.0,1530.0,1453.5,SL(-5%),2025-12-25,10000000.0,1430,9500000.0,1430,-502860.0
2025-12-23,36470,情報･通信業,62.7,114.0,125.4,TP(+10%),2025-12-30,10000000.0,1430,11000000.0,1430,997140.0
2025-11-10,41160,化学,71.8,948.75,1043.6,TP(+10%),2026-01-05,10000000.0,1430,10999736.495388668,1430,996876.495388668
2025-11-14,87500,保険業,69.4,1219.0,1340.9,TP(+10%),2026-01-05,10000000.0,1430,11000000.0,1430,997140.0
2025-12-12,95560,サービス業,74.8,4015.0,3814.2,SL(-5%),2026-01-05,10000000.0,1430,9499875.466998754,1430,-502984.53300124593
2025-12-19,50270,情報･通信業,81.3,625.0,593.8,SL(-5%),2026-01-05,10000000.0,1430,9500800.0,1430,-502060.0
2025-12-19,36970,情報･通信業,73.3,1014.0,963.3,SL(-5%),2026-01-05,10000000.0,1430,9500000.0,1430,-502860.0
2025-12-24,70420,サービス業,76.6,645.0,709.5,TP(+10%),2025-12-25,10000000.0,1430,11000000.0,1430,997140.0
2025-12-24,26670,卸売業,87.5,166.0,182.6,TP(+10%),2025-12-30,10000000.0,1430,10999999.999999998,1430,997139.9999999981
2025-12-24,37190,情報･通信業,87.6,278.0,264.1,SL(-5%),2025-12-25,10000000.0,1430,9500000.0,1430,-502860.0
2025-12-24,92350,サービス業,80.5,729.0,692.5,SL(-5%),2025-12-25,10000000.0,1430,9499314.128943758,1430,-503545.8710562419
2025-12-24,71380,小売業,85.6,474.0,521.4,TP(+10%),2025-12-25,10000000.0,1430,10999999.999999998,1430,997139.9999999981
2025-12-24,14910,非鉄金属,83.8,919.0,873.0,SL(-5%),2025-12-25,10000000.0,1430,9499455.930359086,1430,-503404.069640914
2025-12-24,76940,小売業,76.8,577.0,634.7,TP(+10%),2025-12-26,10000000.0,1430,11000000.0,1430,997140.0
2025-12-24,47840,サービス業,87.5,980.0,1078.0,TP(+10%),2025-12-25,10000000.0,1430,11000000.0,1430,997140.0
2025-12-24,31890,小売業,82.4,272.0,258.4,SL(-5%),2025-12-25,10000000.0,1430,9500000.0,1430,-502860.0
2025-12-24,87460,証券･商品先物取引業,82.2,305.0,335.5,TP(+10%),2025-12-25,10000000.0,1430,11000000.0,1430,997140.0
2025-12-24,48330,サービス業,81.8,70.0,66.5,SL(-5%),2025-12-25,10000000.0,1430,9500000.0,1430,-502860.0
2025-12-24,60290,サービス業,78.1,193.0,183.3,SL(-5%),2025-12-26,10000000.0,1430,9497409.32642487,1430,-505450.67357512936
2025-12-24,41990,情報･通信業,72.0,917.0,1008.7,TP(+10%),2025-12-25,10000000.0,1430,11000000.0,1430,997140.0
2025-12-24,67210,電気機器,74.5,106.0,100.7,SL(-5%),2025-12-26,10000000.0,1430,9500000.0,1430,-502860.0
2025-12-24,65730,サービス業,72.7,73.0,69.3,SL(-5%),2025-12-26,10000000.0,1430,9493150.684931505,1430,-509709.3150684945
2025-12-24,402A0,輸送用機器,72.6,515.0,489.2,SL(-5%),2025-12-29,10000000.0,1430,9499029.126213592,1430,-503830.87378640845
2025-12-24,36860,情報･通信業,73.1,131.0,124.4,SL(-5%),2025-12-26,10000000.0,1430,9496183.206106871,1430,-506676.79389312863
2025-12-24,65740,サービス業,75.9,104.0,114.4,TP(+10%),2025-12-26,10000000.0,1430,11000000.0,1430,997140.0
2025-11-11,66380,電気機器,73.3,1531.0,1684.1,TP(+10%),2026-01-06,10000000.0,1430,10999999.999999998,1430,997139.9999999981
2025-12-19,61820,サービス業,70.9,424.0,466.4,TP(+10%),2026-01-06,10000000.0,1430,10999999.999999998,1430,997139.9999999981
2025-12-19,21600,医薬品,68.7,2332.0,2565.2,TP(+10%),2026-01-06,10000000.0,1430,10999999.999999998,1430,997139.9999999981
2025-12-23,71480,証券･商品先物取引業,81.5,1774.0,1951.4,TP(+10%),2026-01-06,10000000.0,1430,11000000.0,1430,997140.0
2025-12-23,52460,情報･通信業,68.5,562.0,618.2,TP(+10%),2026-01-06,10000000.0,1430,11000000.0,1430,997140.0
2025-12-24,70740,サービス業,76.3,198.0,217.8,TP(+10%),2026-01-06,10000000.0,1430,11000000.0,1430,997140.0
2025-12-24,73810,銀行業,80.6,788.0,866.8,TP(+10%),2026-01-06,10000000.0,1430,10999999.999999998,1430,997139.9999999981
2025-12-25,130A0,医薬品,91.0,601.0,570.9,SL(-5%),2025-12-26,10000000.0,1430,9499168.053244593,1430,-503691.9467554074
2025-12-25,23450,情報･通信業,90.9,245.0,232.8,SL(-5%),2025-12-26,10000000.0,1430,9502040.81632653,1430,-500819.18367346935
2025-12-25,47840,サービス業,88.3,981.0,1079.1,TP(+10%),2025-12-26,10000000.0,1430,10999999.999999998,1430,997139.9999999981
2025-12-25,87460,証券･商品先物取引業,82.9,320.0,352.0,TP(+10%),2026-01-06,10000000.0,1430,11000000.0,1430,997140.0
2025-12-25,37770,情報･通信業,76.4,48.0,52.8,TP(+10%),2025-12-29,10000000.0,1430,10999999.999999998,1430,997139.9999999981
2025-12-25,18440,建設業,83.1,494.0,543.4,TP(+10%),2025-12-29,10000000.0,1430,10999999.999999998,1430,997139.9999999981
2025-12-25,290A0,情報･通信業,68.4,1154.0,1096.3,SL(-5%),2026-01-05,10000000.0,1430,9500000.0,1430,-502860.0
2025-12-25,71380,小売業,81.3,407.0,447.7,TP(+10%),2025-12-26,10000000.0,1430,11000000.0,1430,997140.0
2025-12-25,402A0,輸送用機器,66.2,537.0,510.1,SL(-5%),2025-12-26,10000000.0,1430,9499068.901303539,1430,-503791.09869646095
2025-12-25,23420,サービス業,78.9,282.0,267.9,SL(-5%),2025-12-26,10000000.0,1430,9500000.0,1430,-502860.0
2025-12-25,14910,非鉄金属,67.1,877.0,964.7,TP(+10%),2025-12-29,10000000.0,1430,11000000.0,1430,997140.0
2025-12-25,80060,卸売業,69.8,1681.0,1596.9,SL(-5%),2026-01-05,10000000.0,1430,9499702.55800119,1430,-503157.4419988096
2025-12-25,48830,医薬品,69.3,58.0,55.1,SL(-5%),2025-12-29,10000000.0,1430,9500000.0,1430,-502860.0
2025-12-25,55350,不動産業,74.3,416.0,395.2,SL(-5%),2025-12-29,10000000.0,1430,9500000.0,1430,-502860.0
2025-12-25,40560,情報･通信業,65.0,405.0,384.8,SL(-5%),2025-12-29,10000000.0,1430,9501234.567901235,1430,-501625.4320987649
2025-12-25,37190,情報･通信業,75.1,262.0,248.9,SL(-5%),2025-12-26,10000000.0,1430,9500000.0,1430,-502860.0
2025-10-09,23030,情報･通信業,81.0,1184.5,1303.0,TP(+10%),2026-01-07,10000000.0,1430,11000422.11903757,1430,997562.1190375704
2025-12-12,70670,サービス業,89.2,980.0,1078.0,TP(+10%),2026-01-07,10000000.0,1430,11000000.0,1430,997140.0
2025-12-12,39850,情報･通信業,65.9,215.0,236.5,TP(+10%),2026-01-07,10000000.0,1430,11000000.0,1430,997140.0
2025-12-15,30830,小売業,61.6,718.0,789.8,TP(+10%),2026-01-07,10000000.0,1430,10999999.999999998,1430,997139.9999999981
2025-12-18,78590,その他製品,80.6,156.0,171.6,TP(+10%),2026-01-07,10000000.0,1430,10999999.999999998,1430,997139.9999999981
2025-12-19,83030,銀行業,68.6,1731.0,1904.1,TP(+10%),2026-01-07,10000000.0,1430,10999999.999999998,1430,997139.9999999981
2025-12-26,76940,小売業,88.9,660.0,726.0,TP(+10%),2025-12-29,10000000.0,1430,11000000.0,1430,997140.0
2025-12-26,130A0,医薬品,81.9,540.0,513.0,SL(-5%),2025-12-29,10000000.0,1430,9500000.0,1430,-502860.0
2025-12-26,23450,情報･通信業,84.4,249.0,236.5,SL(-5%),2025-12-29,10000000.0,1430,9497991.967871487,1430,-504868.03212851286
2025-12-26,47840,サービス業,78.7,1095.0,1040.2,SL(-5%),2025-12-29,10000000.0,1430,9499543.378995433,1430,-503316.62100456655
2025-12-26,338A0,情報･通信業,71.1,2605.0,2474.8,SL(-5%),2025-12-30,10000000.0,1430,9500191.938579654,1430,-502668.0614203457
2025-12-26,87460,証券･商品先物取引業,75.4,330.0,363.0,TP(+10%),2026-01-06,10000000.0,1430,11000000.0,1430,997140.0
2025-12-26,23340,サービス業,70.4,429.0,407.5,SL(-5%),2025-12-30,10000000.0,1430,9498834.498834498,1430,-504025.5011655018
2025-12-26,65740,サービス業,74.2,117.0,111.1,SL(-5%),2025-12-30,10000000.0,1430,9495726.495726496,1430,-507133.504273504
2025-12-26,18440,建設業,69.9,516.0,567.6,TP(+10%),2025-12-29,10000000.0,1430,11000000.0,1430,997140.0
2025-12-26,89950,不動産業,76.8,1657.0,1574.1,SL(-5%),2025-12-29,10000000.0,1430,9499698.249849124,1430,-503161.7501508761
2025-12-26,280A0,卸売業,71.4,1135.0,1248.5,TP(+10%),2025-12-29,10000000.0,1430,11000000.0,1430,997140.0
2025-12-26,92350,サービス業,68.0,710.0,674.5,SL(-5%),2025-12-30,10000000.0,1430,9500000.0,1430,-502860.0
2025-12-26,352A0,サービス業,63.8,992.0,1091.2,TP(+10%),2025-12-30,10000000.0,1430,11000000.0,1430,997140.0
2025-12-01,36950,情報･通信業,63.5,2096.0,1991.2,SL(-5%),2026-01-08,10000000.0,1430,9500000.0,1430,-502860.0
2025-12-15,78310,その他製品,78.5,83.0,91.3,TP(+10%),2026-01-08,10000000.0,1430,10999999.999999998,1430,997139.9999999981
2025-12-18,27640,小売業,67.0,118.0,129.8,TP(+10%),2026-01-08,10000000.0,1430,11000000.0,1430,997140.0
2025-12-23,65210,電気機器,63.3,1504.0,1654.4,TP(+10%),2026-01-08,10000000.0,1430,11000000.0,1430,997140.0
2025-12-25,40110,情報･通信業,69.0,2900.0,3190.0,TP(+10%),2026-01-08,10000000.0,1430,11000000.0,1430,997140.0
2025-12-29,67210,電気機器,93.6,119.0,113.0,SL(-5%),2025-12-30,10000000.0,1430,9495798.31932773,1430,-507061.6806722693
2025-12-29,280A0,卸売業,90.5,1212.0,1333.2,TP(+10%),2025-12-30,10000000.0,1430,11000000.0,1430,997140.0
2025-12-29,53410,ガラス･土石製品,92.8,246.0,233.7,SL(-5%),2025-12-30,10000000.0,1430,9500000.0,1430,-502860.0
2025-12-29,87980,保険業,86.2,207.0,227.7,TP(+10%),2025-12-30,10000000.0,1430,10999999.999999998,1430,997139.9999999981
2025-12-29,66560,電気機器,79.8,600.0,570.0,SL(-5%),2025-12-30,10000000.0,1430,9500000.0,1430,-502860.0
2025-12-29,14910,非鉄金属,69.4,1038.0,986.1,SL(-5%),2025-12-30,10000000.0,1430,9500000.0,1430,-502860.0
2025-12-29,37770,情報･通信業,79.7,53.0,50.3,SL(-5%),2025-12-30,10000000.0,1430,9490566.037735848,1430,-512293.96226415224
2025-12-29,62640,機械,66.1,1096.5,1206.2,TP(+10%),2026-01-05,10000000.0,1430,11000455.99635203,1430,997595.99635203
2025-12-29,49330,化学,63.5,1411.0,1340.5,SL(-5%),2025-12-30,10000000.0,1430,9500354.358610913,1430,-502505.64138908684
2025-12-29,71380,小売業,78.8,525.0,498.8,SL(-5%),2025-12-30,10000000.0,1430,9500952.38095238,1430,-501907.6190476194
2025-12-29,18440,建設業,77.0,575.0,546.2,SL(-5%),2025-12-30,10000000.0,1430,9499130.43478261,1430,-503729.56521739066
2025-12-29,52620,ガラス･土石製品,67.2,1552.0,1474.4,SL(-5%),2026-01-07,10000000.0,1430,9500000.0,1430,-502860.0
2025-12-29,34090,繊維製品,81.4,116.0,127.6,TP(+10%),2026-01-06,10000000.0,1430,10999999.999999998,1430,997139.9999999981
2025-12-29,48120,情報･通信業,78.7,2741.0,2603.9,SL(-5%),2025-12-30,10000000.0,1430,9499817.584823059,1430,-503042.4151769411
2025-12-29,70780,サービス業,76.5,365.0,346.8,SL(-5%),2025-12-30,10000000.0,1430,9501369.8630137,1430,-501490.13698630035
2025-12-29,130A0,医薬品,72.5,512.0,486.4,SL(-5%),2025-12-30,10000000.0,1430,9500000.0,1430,-502860.0
2025-12-29,23420,サービス業,76.1,332.0,365.2,TP(+10%),2025-12-30,10000000.0,1430,10999999.999999998,1430,997139.9999999981
2025-12-29,39970,情報･通信業,77.6,490.0,465.5,SL(-5%),2025-12-30,10000000.0,1430,9500000.0,1430,-502860.0
2025-12-29,74090,輸送用機器,76.3,1113.5,1057.8,SL(-5%),2025-12-30,10000000.0,1430,9499775.482712168,1430,-503084.51728783175
2025-12-29,69930,小売業,79.9,81.0,89.1,TP(+10%),2025-12-30,10000000.0,1430,10999999.999999998,1430,997139.9999999981
2025-11-26,33910,小売業,83.8,2750.0,2612.5,SL(-5%),2026-01-09,10000000.0,1430,9500000.0,1430,-502860.0
2025-12-15,48840,医薬品,75.1,382.0,420.2,TP(+10%),2026-01-09,10000000.0,1430,10999999.999999998,1430,997139.9999999981
2025-12-25,48930,医薬品,63.8,134.0,147.4,TP(+10%),2026-01-09,10000000.0,1430,11000000.0,1430,997140.0
2025-12-26,23230,情報･通信業,78.9,326.0,358.6,TP(+10%),2026-01-09,10000000.0,1430,11000000.0,1430,997140.0
2025-12-26,53370,ガラス･土石製品,81.6,502.0,552.2,TP(+10%),2026-01-09,10000000.0,1430,11000000.0,1430,997140.0
2025-12-30,36810,その他,93.3,131.0,144.1,TP(+10%),2026-01-05,10000000.0,1430,10999999.999999998,1430,997139.9999999981
2025-12-30,76940,小売業,91.3,782.0,742.9,SL(-5%),2026-01-05,10000000.0,1430,9500000.0,1430,-502860.0
2025-12-30,65370,サービス業,90.5,357.0,392.7,TP(+10%),2026-01-05,10000000.0,1430,10999999.999999998,1430,997139.9999999981
2025-12-30,77760,精密機器,84.1,259.0,284.9,TP(+10%),2026-01-05,10000000.0,1430,10999999.999999998,1430,997139.9999999981
2025-12-30,70640,サービス業,78.1,1293.0,1422.3,TP(+10%),2026-01-08,10000000.0,1430,10999999.999999998,1430,997139.9999999981
2025-12-30,87980,保険業,72.5,287.0,315.7,TP(+10%),2026-01-05,10000000.0,1430,10999999.999999998,1430,997139.9999999981
2025-12-30,52870,ガラス･土石製品,69.7,1109.0,1053.5,SL(-5%),2026-01-07,10000000.0,1430,9499549.143372407,1430,-503310.8566275928
2025-12-30,70630,サービス業,74.6,126.0,119.7,SL(-5%),2026-01-05,10000000.0,1430,9500000.0,1430,-502860.0
2025-12-30,14910,非鉄金属,68.0,916.0,1007.6,TP(+10%),2026-01-07,10000000.0,1430,11000000.0,1430,997140.0
2025-12-30,45700,医薬品,81.7,1895.0,1800.2,SL(-5%),2026-01-06,10000000.0,1430,9499736.147757256,1430,-503123.8522427436
2025-12-30,67310,電気機器,81.8,340.0,374.0,TP(+10%),2026-01-06,10000000.0,1430,11000000.0,1430,997140.0
2025-12-30,52620,ガラス･土石製品,70.2,1519.0,1443.0,SL(-5%),2026-01-07,10000000.0,1430,9499670.836076366,1430,-503189.1639236342
2025-12-30,89950,不動産業,78.5,1630.0,1548.5,SL(-5%),2026-01-05,10000000.0,1430,9500000.0,1430,-502860.0
2025-12-30,81050,卸売業,84.7,228.0,250.8,TP(+10%),2026-01-05,10000000.0,1430,11000000.0,1430,997140.0
2025-12-30,41070,化学,79.8,4690.0,4455.5,SL(-5%),2026-01-09,10000000.0,1430,9500000.0,1430,-502860.0
2025-12-30,23420,サービス業,76.8,305.0,289.8,SL(-5%),2026-01-05,10000000.0,1430,9501639.344262296,1430,-501220.65573770367
2025-12-30,60630,サービス業,64.1,921.0,1013.1,TP(+10%),2026-01-06,10000000.0,1430,11000000.0,1430,997140.0
2025-12-10,80570,卸売業,70.8,2026.0,2228.6,TP(+10%),2026-01-13,10000000.0,1430,10999999.999999998,1430,997139.9999999981
2025-12-24,38560,電気機器,70.5,385.0,423.5,TP(+10%),2026-01-13,10000000.0,1430,11000000.0,1430,997140.0
2025-12-29,31130,証券･商品先物取引業,90.1,71.0,78.1,TP(+10%),2026-01-13,10000000.0,1430,10999999.999999998,1430,997139.9999999981
2026-01-05,31890,小売業,95.0,282.0,267.9,SL(-5%),2026-01-08,10000000.0,1430,9500000.0,1430,-502860.0
2026-01-05,76940,小売業,85.0,795.0,755.2,SL(-5%),2026-01-06,10000000.0,1430,9499371.06918239,1430,-503488.93081760965
2026-01-05,87980,保険業,87.0,259.0,246.0,SL(-5%),2026-01-06,10000000.0,1430,9498069.498069499,1430,-504790.5019305013
2026-01-05,16890,その他,70.6,889.0,844.5,SL(-5%),2026-01-09,10000000.0,1430,9499437.570303712,1430,-503422.42969628796
2026-01-05,36810,その他,82.6,140.0,133.0,SL(-5%),2026-01-06,10000000.0,1430,9500000.0,1430,-502860.0
2026-01-05,77760,精密機器,83.3,279.0,265.1,SL(-5%),2026-01-07,10000000.0,1430,9501792.11469534,1430,-501067.8853046596
2026-01-05,43890,情報･通信業,64.7,923.0,876.8,SL(-5%),2026-01-06,10000000.0,1430,9499458.288190681,1430,-503401.7118093185
2026-01-05,52530,情報･通信業,66.9,1658.0,1823.8,TP(+10%),2026-01-09,10000000.0,1430,11000000.0,1430,997140.0
2026-01-05,81050,卸売業,75.3,237.0,260.7,TP(+10%),2026-01-06,10000000.0,1430,10999999.999999998,1430,997139.9999999981
2026-01-05,23380,情報･通信業,74.0,311.0,342.1,TP(+10%),2026-01-06,10000000.0,1430,11000000.0,1430,997140.0
2026-01-05,33500,卸売業,77.1,468.0,514.8,TP(+10%),2026-01-06,10000000.0,1430,10999999.999999998,1430,997139.9999999981
2026-01-05,69930,小売業,75.5,131.0,124.4,SL(-5%),2026-01-06,10000000.0,1430,9496183.206106871,1430,-506676.79389312863
2026-01-05,70130,機械,67.3,3002.0,3302.2,TP(+10%),2026-01-13,10000000.0,1430,10999999.999999998,1430,997139.9999999981
2026-01-05,31950,小売業,65.8,555.0,610.5,TP(+10%),2026-01-06,10000000.0,1430,11000000.0,1430,997140.0
2025-11-17,77440,精密機器,70.5,1757.0,1932.7,TP(+10%),2026-01-14,10000000.0,1430,11000000.0,1430,997140.0
2025-12-24,48820,医薬品,75.2,220.0,242.0,TP(+10%),2026-01-14,10000000.0,1430,11000000.0,1430,997140.0
2025-12-25,41120,化学,67.5,2159.0,2374.9,TP(+10%),2026-01-14,10000000.0,1430,11000000.0,1430,997140.0
2025-12-25,17110,建設業,67.0,236.0,259.6,TP(+10%),2026-01-14,10000000.0,1430,11000000.0,1430,997140.0
2025-12-29,42650,情報･通信業,67.4,323.0,306.8,SL(-5%),2026-01-14,10000000.0,1430,9498452.0123839,1430,-504407.9876160994
2025-12-30,92440,サービス業,62.6,931.0,1024.1,TP(+10%),2026-01-14,10000000.0,1430,10999999.999999998,1430,997139.9999999981
2026-01-06,48880,医薬品,93.1,292.0,277.4,SL(-5%),2026-01-07,10000000.0,1430,9500000.0,1430,-502860.0
2026-01-06,67310,電気機器,94.8,500.0,550.0,TP(+10%),2026-01-07,10000000.0,1430,11000000.0,1430,997140.0
2026-01-06,60630,サービス業,82.9,980.0,931.0,SL(-5%),2026-01-13,10000000.0,1430,9500000.0,1430,-502860.0
2026-01-06,93270,倉庫･運輸関連業,89.1,241.0,228.9,SL(-5%),2026-01-07,10000000.0,1430,9497925.31120332,1430,-504934.6887966804
2026-01-06,81050,卸売業,90.1,244.0,231.8,SL(-5%),2026-01-07,10000000.0,1430,9500000.0,1430,-502860.0
2026-01-06,241A0,情報･通信業,74.7,526.0,578.6,TP(+10%),2026-01-07,10000000.0,1430,11000000.0,1430,997140.0
2026-01-06,76030,小売業,87.8,167.0,158.7,SL(-5%),2026-01-13,10000000.0,1430,9502994.011976046,1430,-499865.9880239535
2026-01-06,39050,情報･通信業,76.8,2147.0,2361.7,TP(+10%),2026-01-08,10000000.0,1430,10999999.999999998,1430,997139.9999999981
2026-01-06,36670,情報･通信業,76.0,61.0,67.1,TP(+10%),2026-01-07,10000000.0,1430,10999999.999999998,1430,997139.9999999981
2026-01-06,137A0,情報･通信業,65.6,1018.0,967.1,SL(-5%),2026-01-13,10000000.0,1430,9500000.0,1430,-502860.0
2026-01-06,21600,医薬品,66.6,2480.0,2356.0,SL(-5%),2026-01-07,10000000.0,1430,9500000.0,1430,-502860.0
2026-01-06,23380,情報･通信業,82.4,336.0,369.6,TP(+10%),2026-01-09,10000000.0,1430,11000000.0,1430,997140.0
2026-01-06,31950,小売業,69.6,614.0,583.3,SL(-5%),2026-01-07,10000000.0,1430,9500000.0,1430,-502860.0
2026-01-06,93990,情報･通信業,85.1,79.0,75.0,SL(-5%),2026-01-08,10000000.0,1430,9493670.88607595,1430,-509189.1139240507
2026-01-06,87460,証券･商品先物取引業,79.8,353.0,335.3,SL(-5%),2026-01-07,10000000.0,1430,9498583.5694051,1430,-504276.4305949006
2026-01-06,70740,サービス業,66.8,210.0,231.0,TP(+10%),2026-01-08,10000000.0,1430,11000000.0,1430,997140.0
2026-01-06,26670,卸売業,61.7,205.0,225.5,TP(+10%),2026-01-07,10000000.0,1430,11000000.0,1430,997140.0
2026-01-06,52460,情報･通信業,69.1,659.0,626.0,SL(-5%),2026-01-14,10000000.0,1430,9499241.274658574,1430,-503618.7253414262
2026-01-06,14910,非鉄金属,66.1,989.0,1087.9,TP(+10%),2026-01-08,10000000.0,1430,11000000.0,1430,997140.0
2025-11-13,50350,情報･通信業,78.8,407.0,447.7,TP(+10%),2026-01-15,10000000.0,1430,11000000.0,1430,997140.0
2025-11-17,39830,情報･通信業,66.6,2058.0,2263.8,TP(+10%),2026-01-15,10000000.0,1430,11000000.0,1430,997140.0
2025-12-19,55750,情報･通信業,70.5,625.0,687.5,TP(+10%),2026-01-15,10000000.0,1430,11000000.0,1430,997140.0
2025-12-23,70480,サービス業,66.6,175.0,192.5,TP(+10%),2026-01-15,10000000.0,1430,11000000.0,1430,997140.0
2025-12-24,48920,医薬品,83.3,588.0,646.8,TP(+10%),2026-01-15,10000000.0,1430,10999999.999999998,1430,997139.9999999981
2025-12-24,48130,情報･通信業,68.2,574.0,631.4,TP(+10%),2026-01-15,10000000.0,1430,10999999.999999998,1430,997139.9999999981
2025-12-25,64250,機械,62.4,806.0,765.7,SL(-5%),2026-01-15,10000000.0,1430,9500000.0,1430,-502860.0
2025-12-26,43760,情報･通信業,66.9,151.0,166.1,TP(+10%),2026-01-15,10000000.0,1430,10999999.999999998,1430,997139.9999999981
2025-12-30,36470,情報･通信業,84.1,120.0,114.0,SL(-5%),2026-01-15,10000000.0,1430,9500000.0,1430,-502860.0
2025-12-30,30770,小売業,63.4,501.0,551.1,TP(+10%),2026-01-15,10000000.0,1430,11000000.0,1430,997140.0
2026-01-06,61820,サービス業,64.4,461.0,507.1,TP(+10%),2026-01-15,10000000.0,1430,11000000.0,1430,997140.0
2026-01-06,31890,小売業,71.0,274.0,301.4,TP(+10%),2026-01-15,10000000.0,1430,10999999.999999998,1430,997139.9999999981
2026-01-07,241A0,情報･通信業,92.4,626.0,688.6,TP(+10%),2026-01-08,10000000.0,1430,11000000.0,1430,997140.0
2026-01-07,26730,小売業,89.1,208.0,228.8,TP(+10%),2026-01-15,10000000.0,1430,11000000.0,1430,997140.0
2026-01-07,67310,電気機器,87.7,490.0,465.5,SL(-5%),2026-01-08,10000000.0,1430,9500000.0,1430,-502860.0
2026-01-07,218A0,精密機器,79.4,1537.0,1690.7,TP(+10%),2026-01-08,10000000.0,1430,11000000.0,1430,997140.0
2026-01-07,48880,医薬品,77.5,245.0,232.8,SL(-5%),2026-01-14,10000000.0,1430,9502040.81632653,1430,-500819.18367346935
2026-01-07,36670,情報･通信業,78.5,71.0,67.5,SL(-5%),2026-01-08,10000000.0,1430,9507042.253521126,1430,-495817.74647887424
2026-01-07,45630,医薬品,72.9,65.0,61.8,SL(-5%),2026-01-13,10000000.0,1430,9507692.307692306,1430,-495167.6923076939
2026-01-07,15150,鉱業,73.8,2648.0,2912.8,TP(+10%),2026-01-13,10000000.0,1430,11000000.0,1430,997140.0
2026-01-07,65740,サービス業,82.6,136.0,129.2,SL(-5%),2026-01-08,10000000.0,1430,9500000.0,1430,-502860.0
2026-01-07,25860,食料品,81.5,150.0,142.5,SL(-5%),2026-01-08,10000000.0,1430,9500000.0,1430,-502860.0
2026-01-07,70780,サービス業,79.0,411.0,390.4,SL(-5%),2026-01-08,10000000.0,1430,9498783.454987833,1430,-504076.5450121667
2026-01-07,57290,非鉄金属,63.6,2850.0,3135.0,TP(+10%),2026-01-15,10000000.0,1430,11000000.0,1430,997140.0
2026-01-07,338A0,情報･通信業,75.0,2745.0,3019.5,TP(+10%),2026-01-08,10000000.0,1430,11000000.0,1430,997140.0
2026-01-07,70670,サービス業,65.8,1089.0,1197.9,TP(+10%),2026-01-08,10000000.0,1430,11000000.0,1430,997140.0
2026-01-07,33500,卸売業,73.9,531.0,504.4,SL(-5%),2026-01-08,10000000.0,1430,9499058.380414313,1430,-503801.6195856873
2026-01-07,62270,機械,65.4,1770.0,1947.0,TP(+10%),2026-01-08,10000000.0,1430,11000000.0,1430,997140.0
2025-12-12,63090,機械,69.5,1755.0,1930.5,TP(+10%),2026-01-16,10000000.0,1430,11000000.0,1430,997140.0
2025-12-19,73590,サービス業,93.7,297.0,326.7,TP(+10%),2026-01-16,10000000.0,1430,10999999.999999998,1430,997139.9999999981
2025-12-30,66560,電気機器,67.6,567.0,623.7,TP(+10%),2026-01-16,10000000.0,1430,11000000.0,1430,997140.0
2026-01-08,70740,サービス業,91.8,242.0,229.9,SL(-5%),2026-01-09,10000000.0,1430,9500000.0,1430,-502860.0
2026-01-08,62320,機械,82.4,1234.0,1172.3,SL(-5%),2026-01-09,10000000.0,1430,9500000.0,1430,-502860.0
2026-01-08,241A0,情報･通信業,93.3,726.0,689.7,SL(-5%),2026-01-09,10000000.0,1430,9500000.0,1430,-502860.0
2026-01-08,60850,サービス業,94.2,34.5,38.0,TP(+10%),2026-01-09,10000000.0,1430,11014492.753623188,1430,1011632.7536231875
2026-01-08,92410,サービス業,90.6,1741.0,1653.9,SL(-5%),2026-01-15,10000000.0,1430,9499712.808730615,1430,-503147.1912693847
2026-01-08,76890,卸売業,72.5,488.0,463.6,SL(-5%),2026-01-09,10000000.0,1430,9500000.0,1430,-502860.0
2026-01-08,48330,サービス業,90.4,83.0,91.3,TP(+10%),2026-01-09,10000000.0,1430,10999999.999999998,1430,997139.9999999981
2026-01-08,338A0,情報･通信業,81.8,2650.0,2915.0,TP(+10%),2026-01-13,10000000.0,1430,11000000.0,1430,997140.0
2026-01-08,62270,機械,81.2,2016.6666666666665,2218.3,TP(+10%),2026-01-15,10000000.0,1430,10999834.710743804,1430,996974.7107438035
2026-01-08,218A0,精密機器,77.6,1570.0,1491.5,SL(-5%),2026-01-09,10000000.0,1430,9500000.0,1430,-502860.0
2026-01-08,33910,小売業,78.1,2655.5,2522.7,SL(-5%),2026-01-09,10000000.0,1430,9499905.85577104,1430,-502954.14422895946
2026-01-08,65210,電気機器,69.9,1759.0,1671.0,SL(-5%),2026-01-13,10000000.0,1430,9499715.747583855,1430,-503144.25241614506
2026-01-08,31100,ガラス･土石製品,81.9,2376.0,2613.6,TP(+10%),2026-01-13,10000000.0,1430,10999999.999999998,1430,997139.9999999981
2026-01-08,36920,情報･通信業,72.2,8280.0,7866.0,SL(-5%),2026-01-09,10000000.0,1430,9500000.0,1430,-502860.0
2026-01-08,70640,サービス業,71.3,1399.0,1329.0,SL(-5%),2026-01-14,10000000.0,1430,9499642.60185847,1430,-503217.3981415294
2026-01-08,77110,精密機器,63.3,6590.0,6260.5,SL(-5%),2026-01-09,10000000.0,1430,9500000.0,1430,-502860.0
2026-01-08,67310,電気機器,77.1,480.0,528.0,TP(+10%),2026-01-09,10000000.0,1430,11000000.0,1430,997140.0
2025-11-27,39080,情報･通信業,93.6,284.0,312.4,TP(+10%),2026-01-19,10000000.0,1430,10999999.999999998,1430,997139.9999999981
2026-01-05,277A0,サービス業,72.2,2755.0,3030.5,TP(+10%),2026-01-19,10000000.0,1430,11000000.0,1430,997140.0
2026-01-07,67860,サービス業,75.4,56.0,61.6,TP(+10%),2026-01-19,10000000.0,1430,11000000.0,1430,997140.0
2026-01-07,39050,情報･通信業,71.4,2200.0,2090.0,SL(-5%),2026-01-19,10000000.0,1430,9500000.0,1430,-502860.0
2026-01-08,93480,サービス業,77.6,516.0,567.6,TP(+10%),2026-01-19,10000000.0,1430,11000000.0,1430,997140.0
2026-01-09,35590,卸売業,81.9,519.0,570.9,TP(+10%),2026-01-13,10000000.0,1430,10999999.999999998,1430,997139.9999999981
2026-01-09,95570,サービス業,93.2,284.0,269.8,SL(-5%),2026-01-14,10000000.0,1430,9500000.0,1430,-502860.0
2026-01-09,36810,その他,91.7,154.0,169.4,TP(+10%),2026-01-13,10000000.0,1430,11000000.0,1430,997140.0
2026-01-09,60850,サービス業,99.0,39.900000000000006,43.9,TP(+10%),2026-01-13,10000000.0,1430,11002506.265664158,1430,999646.2656641584
2026-01-09,55970,情報･通信業,92.4,1620.0,1539.0,SL(-5%),2026-01-14,10000000.0,1430,9500000.0,1430,-502860.0
2026-01-09,387A0,情報･通信業,89.4,1780.0,1691.0,SL(-5%),2026-01-14,10000000.0,1430,9500000.0,1430,-502860.0
2026-01-09,278A0,精密機器,84.0,3000.0,2850.0,SL(-5%),2026-01-13,10000000.0,1430,9500000.0,1430,-502860.0
2026-01-09,241A0,情報･通信業,89.3,684.0,649.8,SL(-5%),2026-01-13,10000000.0,1430,9500000.0,1430,-502860.0
2026-01-09,48330,サービス業,90.7,106.0,100.7,SL(-5%),2026-01-13,10000000.0,1430,9500000.0,1430,-502860.0
2026-01-09,61730,その他,81.3,235.0,258.5,TP(+10%),2026-01-13,10000000.0,1430,11000000.0,1430,997140.0
2026-01-09,94250,情報･通信業,74.4,453.0,430.3,SL(-5%),2026-01-13,10000000.0,1430,9498896.247240618,1430,-503963.7527593821
2026-01-09,70630,サービス業,79.5,147.0,139.7,SL(-5%),2026-01-13,10000000.0,1430,9503401.360544218,1430,-499458.63945578225
2026-01-09,52530,情報･通信業,72.9,1904.0,1808.8,SL(-5%),2026-01-14,10000000.0,1430,9500000.0,1430,-502860.0
2026-01-09,23230,情報･通信業,82.3,416.66666666666663,395.8,SL(-5%),2026-01-13,10000000.0,1430,9499200.000000002,1430,-503659.99999999814
2026-01-09,73600,サービス業,65.5,924.0,877.8,SL(-5%),2026-01-13,10000000.0,1430,9500000.0,1430,-502860.0
2026-01-09,31100,ガラス･土石製品,77.2,2508.0,2758.8,TP(+10%),2026-01-16,10000000.0,1430,11000000.0,1430,997140.0
2026-01-09,62320,機械,69.0,1180.0,1121.0,SL(-5%),2026-01-14,10000000.0,1430,9500000.0,1430,-502860.0
2026-01-09,93270,倉庫･運輸関連業,79.8,251.0,276.1,TP(+10%),2026-01-16,10000000.0,1430,11000000.0,1430,997140.0
2026-01-09,65730,サービス業,81.0,83.0,91.3,TP(+10%),2026-01-14,10000000.0,1430,10999999.999999998,1430,997139.9999999981
2026-01-09,36670,情報･通信業,73.4,67.0,63.6,SL(-5%),2026-01-13,10000000.0,1430,9492537.313432837,1430,-510322.6865671631
2026-01-09,67310,電気機器,80.0,550.0,522.5,SL(-5%),2026-01-13,10000000.0,1430,9500000.0,1430,-502860.0
2026-01-09,65740,サービス業,78.1,136.0,149.6,TP(+10%),2026-01-13,10000000.0,1430,10999999.999999998,1430,997139.9999999981
2026-01-09,30700,卸売業,74.2,86.0,94.6,TP(+10%),2026-01-15,10000000.0,1430,10999999.999999998,1430,997139.9999999981
2026-01-09,52430,情報･通信業,63.8,1950.0,1852.5,SL(-5%),2026-01-13,10000000.0,1430,9500000.0,1430,-502860.0
2026-01-09,87830,その他金融業,67.1,274.0,260.3,SL(-5%),2026-01-16,10000000.0,1430,9500000.0,1430,-502860.0
2025-11-11,49220,化学,73.3,5059.0,5564.9,TP(+10%),2026-01-20,10000000.0,1430,10999999.999999998,1430,997139.9999999981
2025-12-15,35390,小売業,71.5,1605.0,1765.5,TP(+10%),2026-01-20,10000000.0,1430,11000000.0,1430,997140.0
2025-12-25,40740,情報･通信業,68.3,716.0,680.2,SL(-5%),2026-01-20,10000000.0,1430,9500000.0,1430,-502860.0
2025-12-30,53410,ガラス･土石製品,63.4,239.0,227.0,SL(-5%),2026-01-20,10000000.0,1430,9497907.949790794,1430,-504952.0502092056
2026-01-08,25860,食料品,79.6,145.0,159.5,TP(+10%),2026-01-20,10000000.0,1430,11000000.0,1430,997140.0
2026-01-09,26730,小売業,78.4,218.0,207.1,SL(-5%),2026-01-20,10000000.0,1430,9500000.0,1430,-502860.0
2026-01-13,137A0,情報･通信業,79.4,872.0,828.4,SL(-5%),2026-01-14,10000000.0,1430,9500000.0,1430,-502860.0
2026-01-13,56120,鉄鋼,79.1,1888.0,2076.8,TP(+10%),2026-01-15,10000000.0,1430,11000000.0,1430,997140.0
2026-01-13,60850,サービス業,92.4,46.0,43.7,SL(-5%),2026-01-14,10000000.0,1430,9500000.0,1430,-502860.0
2026-01-13,65740,サービス業,87.4,133.0,146.3,TP(+10%),2026-01-15,10000000.0,1430,11000000.0,1430,997140.0
2026-01-13,338A0,情報･通信業,72.8,3010.0,3311.0,TP(+10%),2026-01-15,10000000.0,1430,11000000.0,1430,997140.0
2026-01-13,31100,ガラス･土石製品,67.7,2520.0,2772.0,TP(+10%),2026-01-16,10000000.0,1430,11000000.0,1430,997140.0
2026-01-13,67860,サービス業,68.5,57.0,54.1,SL(-5%),2026-01-15,10000000.0,1430,9491228.07017544,1430,-511631.9298245609
2026-01-13,278A0,精密機器,71.6,2861.0,2717.9,SL(-5%),2026-01-14,10000000.0,1430,9499825.235931493,1430,-503034.76406850666
2026-01-13,38560,電気機器,81.8,456.0,501.6,TP(+10%),2026-01-14,10000000.0,1430,11000000.0,1430,997140.0
2026-01-13,66190,電気機器,64.9,168.0,159.6,SL(-5%),2026-01-14,10000000.0,1430,9500000.0,1430,-502860.0
2026-01-13,73600,サービス業,62.2,880.0,836.0,SL(-5%),2026-01-14,10000000.0,1430,9500000.0,1430,-502860.0
2026-01-13,30700,卸売業,75.6,84.0,92.4,TP(+10%),2026-01-15,10000000.0,1430,11000000.0,1430,997140.0
2025-10-28,40800,その他,68.7,426.0,404.7,SL(-5%),2026-01-21,10000000.0,1430,9500000.0,1430,-502860.0
2025-12-12,33700,小売業,72.7,324.0,356.4,TP(+10%),2026-01-21,10000000.0,1430,10999999.999999998,1430,997139.9999999981
2025-12-19,36390,情報･通信業,82.8,255.0,280.5,TP(+10%),2026-01-21,10000000.0,1430,11000000.0,1430,997140.0
2026-01-06,335A0,情報･通信業,66.9,429.0,407.5,SL(-5%),2026-01-21,10000000.0,1430,9498834.498834498,1430,-504025.5011655018
2026-01-09,82670,小売業,65.0,2182.0,2400.2,TP(+10%),2026-01-21,10000000.0,1430,10999999.999999998,1430,997139.9999999981
2026-01-13,78870,その他製品,69.1,2020.0,1919.0,SL(-5%),2026-01-21,10000000.0,1430,9500000.0,1430,-502860.0
2026-01-13,58920,小売業,72.1,2850.0,2707.5,SL(-5%),2026-01-21,10000000.0,1430,9500000.0,1430,-502860.0
2026-01-14,44220,情報･通信業,85.9,400.0,440.0,TP(+10%),2026-01-15,10000000.0,1430,11000000.0,1430,997140.0
2026-01-14,65730,サービス業,86.9,92.0,87.4,SL(-5%),2026-01-15,10000000.0,1430,9500000.0,1430,-502860.0
2026-01-14,59670,金属製品,71.0,534.0,507.3,SL(-5%),2026-01-15,10000000.0,1430,9500000.0,1430,-502860.0
2026-01-14,325A0,繊維製品,67.6,1415.0,1344.2,SL(-5%),2026-01-21,10000000.0,1430,9499646.643109541,1430,-503213.3568904586
2026-01-14,39350,情報･通信業,74.5,816.0,775.2,SL(-5%),2026-01-19,10000000.0,1430,9500000.0,1430,-502860.0
2026-01-14,77760,精密機器,68.4,320.0,352.0,TP(+10%),2026-01-15,10000000.0,1430,11000000.0,1430,997140.0
2026-01-14,55970,情報･通信業,77.0,1613.0,1774.3,TP(+10%),2026-01-15,10000000.0,1430,11000000.0,1430,997140.0
2026-01-14,33500,卸売業,77.7,605.0,574.8,SL(-5%),2026-01-19,10000000.0,1430,9500826.446280992,1430,-502033.55371900834
2026-01-14,65210,電気機器,66.7,1621.0,1783.1,TP(+10%),2026-01-16,10000000.0,1430,10999999.999999998,1430,997139.9999999981
2026-01-14,87460,証券･商品先物取引業,73.3,455.0,432.2,SL(-5%),2026-01-15,10000000.0,1430,9498901.098901099,1430,-503958.9010989014
2026-01-14,48330,サービス業,83.0,122.0,115.9,SL(-5%),2026-01-15,10000000.0,1430,9500000.0,1430,-502860.0
2026-01-14,77940,その他製品,66.6,475.0,522.5,TP(+10%),2026-01-15,10000000.0,1430,11000000.0,1430,997140.0
2025-12-10,288A0,サービス業,69.9,127.0,139.7,TP(+10%),2026-01-22,10000000.0,1430,10999999.999999998,1430,997139.9999999981
2026-01-07,69550,電気機器,77.6,386.0,424.6,TP(+10%),2026-01-22,10000000.0,1430,11000000.0,1430,997140.0
2026-01-15,414A0,情報･通信業,68.5,1064.0,1010.8,SL(-5%),2026-01-20,10000000.0,1430,9500000.0,1430,-502860.0
2026-01-15,27910,小売業,72.9,5340.0,5073.0,SL(-5%),2026-01-16,10000000.0,1430,9500000.0,1430,-502860.0
2026-01-15,55970,情報･通信業,82.0,1872.0,2059.2,TP(+10%),2026-01-16,10000000.0,1430,10999999.999999998,1430,997139.9999999981
2026-01-15,43160,情報･通信業,81.8,1019.0,968.0,SL(-5%),2026-01-16,10000000.0,1430,9499509.322865555,1430,-503350.67713444494
2026-01-15,77760,精密機器,82.3,345.0,327.8,SL(-5%),2026-01-19,10000000.0,1430,9501449.275362318,1430,-501410.7246376816
2026-01-15,78590,その他製品,81.2,189.0,207.9,TP(+10%),2026-01-16,10000000.0,1430,11000000.0,1430,997140.0
2026-01-15,45980,医薬品,70.9,268.0,254.6,SL(-5%),2026-01-16,10000000.0,1430,9500000.0,1430,-502860.0
2026-01-15,50260,情報･通信業,67.0,788.0,748.6,SL(-5%),2026-01-19,10000000.0,1430,9500000.0,1430,-502860.0
2026-01-15,336A0,情報･通信業,79.9,674.0,640.3,SL(-5%),2026-01-16,10000000.0,1430,9500000.0,1430,-502860.0
2026-01-15,36970,情報･通信業,71.8,871.3,827.7,SL(-5%),2026-01-16,10000000.0,1430,9499598.301388731,1430,-503261.6986112688
2026-01-15,338A0,情報･通信業,81.8,3300.0,3135.0,SL(-5%),2026-01-20,10000000.0,1430,9500000.0,1430,-502860.0
2026-01-15,31890,小売業,80.6,310.0,294.5,SL(-5%),2026-01-16,10000000.0,1430,9500000.0,1430,-502860.0
2026-01-15,73200,その他金融業,67.0,1561.0,1482.9,SL(-5%),2026-01-21,10000000.0,1430,9499679.692504805,1430,-503180.3074951954
2026-01-15,14910,非鉄金属,67.9,1182.0,1122.9,SL(-5%),2026-01-20,10000000.0,1430,9500000.0,1430,-502860.0
2026-01-15,276A0,不動産業,67.9,2833.0,2691.3,SL(-5%),2026-01-19,10000000.0,1430,9499823.508648077,1430,-503036.491351923
2026-01-15,190A0,医薬品,69.8,125.0,118.8,SL(-5%),2026-01-19,10000000.0,1430,9504000.0,1430,-498860.0
2026-01-15,48910,医薬品,66.6,157.0,149.2,SL(-5%),2026-01-20,10000000.0,1430,9503184.713375796,1430,-499675.28662420437
2026-01-15,24840,情報･通信業,65.5,146.0,138.7,SL(-5%),2026-01-16,10000000.0,1430,9500000.0,1430,-502860.0
2026-01-15,65730,サービス業,66.2,90.0,85.5,SL(-5%),2026-01-16,10000000.0,1430,9500000.0,1430,-502860.0
2026-01-15,278A0,精密機器,74.0,2823.0,2681.8,SL(-5%),2026-01-16,10000000.0,1430,9499822.883457314,1430,-503037.1165426858
2026-01-15,26730,小売業,61.8,229.0,217.5,SL(-5%),2026-01-19,10000000.0,1430,9497816.593886463,1430,-505043.406113537
2026-01-15,92290,サービス業,79.1,420.0,399.0,SL(-5%),2026-01-19,10000000.0,1430,9500000.0,1430,-502860.0
2026-01-15,18440,建設業,71.2,667.0,733.7,TP(+10%),2026-01-16,10000000.0,1430,11000000.0,1430,997140.0
2026-01-13,15150,鉱業,63.9,2930.0,3223.0,TP(+10%),2026-01-23,10000000.0,1430,11000000.0,1430,997140.0
2026-01-16,42600,情報･通信業,90.8,335.0,318.2,SL(-5%),2026-01-19,10000000.0,1430,9498507.462686567,1430,-504352.53731343336
2026-01-16,66340,電気機器,89.2,145.0,137.8,SL(-5%),2026-01-19,10000000.0,1430,9503448.27586207,1430,-499411.7241379302
2026-01-16,38530,情報･通信業,84.8,1080.0,1026.0,SL(-5%),2026-01-19,10000000.0,1430,9500000.0,1430,-502860.0
2026-01-16,45960,医薬品,85.0,48.0,52.8,TP(+10%),2026-01-19,10000000.0,1430,10999999.999999998,1430,997139.9999999981
2026-01-16,198A0,情報･通信業,87.6,270.0,297.0,TP(+10%),2026-01-19,10000000.0,1430,11000000.0,1430,997140.0
2026-01-16,18440,建設業,82.2,706.0,670.7,SL(-5%),2026-01-19,10000000.0,1430,9500000.0,1430,-502860.0
2026-01-16,38560,電気機器,82.6,603.0,572.9,SL(-5%),2026-01-19,10000000.0,1430,9500829.187396351,1430,-502030.81260364875
2026-01-16,62280,機械,70.1,803.0,762.8,SL(-5%),2026-01-21,10000000.0,1430,9499377.334993772,1430,-503482.6650062278
2026-01-16,55970,情報･通信業,78.4,1916.0,1820.2,SL(-5%),2026-01-20,10000000.0,1430,9500000.0,1430,-502860.0
2026-01-16,78590,その他製品,79.7,189.0,179.5,SL(-5%),2026-01-21,10000000.0,1430,9497354.497354498,1430,-505505.50264550187
2026-01-16,92410,サービス業,83.2,1718.0,1889.8,TP(+10%),2026-01-19,10000000.0,1430,11000000.0,1430,997140.0
2026-01-16,24840,情報･通信業,69.0,133.0,146.3,TP(+10%),2026-01-19,10000000.0,1430,11000000.0,1430,997140.0
2026-01-16,21640,サービス業,75.3,92.73120425815037,102.0,TP(+10%),2026-01-23,10000000.0,1430,10999533.632286996,1430,996673.6322869956
2026-01-16,65210,電気機器,66.5,1780.0,1691.0,SL(-5%),2026-01-19,10000000.0,1430,9500000.0,1430,-502860.0
2026-01-16,98780,小売業,65.7,577.0,548.1,SL(-5%),2026-01-22,10000000.0,1430,9499133.448873483,1430,-503726.55112651736
2026-01-16,43820,情報･通信業,63.5,915.0,869.2,SL(-5%),2026-01-20,10000000.0,1430,9499453.551912569,1430,-503406.4480874315
2026-01-05,44180,情報･通信業,65.7,1142.0,1084.9,SL(-5%),2026-01-26,10000000.0,1430,9500000.0,1430,-502860.0
2026-01-07,50290,情報･通信業,65.8,1082.0,1027.9,SL(-5%),2026-01-26,10000000.0,1430,9500000.0,1430,-502860.0
2026-01-13,51290,情報･通信業,67.8,370.0,407.0,TP(+10%),2026-01-26,10000000.0,1430,11000000.0,1430,997140.0
2026-01-14,26290,その他,68.9,3944.0,3746.8,SL(-5%),2026-01-26,10000000.0,1430,9500000.0,1430,-502860.0
2026-01-16,336A0,情報･通信業,72.4,664.0,630.8,SL(-5%),2026-01-26,10000000.0,1430,9500000.0,1430,-502860.0
2026-01-19,45960,医薬品,92.6,67.0,63.6,SL(-5%),2026-01-20,10000000.0,1430,9492537.313432837,1430,-510322.6865671631
2026-01-19,130A0,医薬品,86.6,558.0,530.1,SL(-5%),2026-01-20,10000000.0,1430,9500000.0,1430,-502860.0
2026-01-19,73590,サービス業,84.4,331.0,314.4,SL(-5%),2026-01-21,10000000.0,1430,9498489.425981872,1430,-504370.5740181282
2026-01-19,92410,サービス業,85.6,1855.0,1762.2,SL(-5%),2026-01-22,10000000.0,1430,9499730.458221024,1430,-503129.5417789761
2026-01-19,39080,情報･通信業,67.5,302.0,332.2,TP(+10%),2026-01-21,10000000.0,1430,10999999.999999998,1430,997139.9999999981
2026-01-19,66340,電気機器,70.9,135.0,128.2,SL(-5%),2026-01-21,10000000.0,1430,9496296.296296297,1430,-506563.70370370336
2026-01-19,67860,サービス業,69.3,61.0,57.9,SL(-5%),2026-01-21,10000000.0,1430,9491803.278688524,1430,-511056.7213114761
2026-01-19,44900,情報･通信業,73.2,629.0,597.5,SL(-5%),2026-01-21,10000000.0,1430,9499205.08744038,1430,-503654.9125596192
2026-01-19,198A0,情報･通信業,82.3,350.0,385.0,TP(+10%),2026-01-20,10000000.0,1430,11000000.0,1430,997140.0
2026-01-19,93480,サービス業,74.4,604.0,573.8,SL(-5%),2026-01-20,10000000.0,1430,9500000.0,1430,-502860.0
2026-01-19,93270,倉庫･運輸関連業,76.7,246.0,270.6,TP(+10%),2026-01-20,10000000.0,1430,11000000.0,1430,997140.0
2026-01-19,52460,情報･通信業,66.8,761.0,722.9,SL(-5%),2026-01-22,10000000.0,1430,9499342.96977661,1430,-503517.0302233901
2025-12-12,29910,不動産業,83.3,655.0,622.2,SL(-5%),2026-01-27,10000000.0,1430,9499236.641221374,1430,-503623.3587786257
2026-01-08,70930,サービス業,77.5,540.0,594.0,TP(+10%),2026-01-27,10000000.0,1430,11000000.0,1430,997140.0
2026-01-09,48840,医薬品,74.3,408.0,387.6,SL(-5%),2026-01-27,10000000.0,1430,9500000.0,1430,-502860.0
2026-01-19,77090,精密機器,65.2,197.0,187.1,SL(-5%),2026-01-27,10000000.0,1430,9497461.92893401,1430,-505398.07106599025
2026-01-19,27910,小売業,64.2,5400.0,5130.0,SL(-5%),2026-01-27,10000000.0,1430,9500000.0,1430,-502860.0
2026-01-20,33230,卸売業,91.0,105.0,115.5,TP(+10%),2026-01-21,10000000.0,1430,11000000.0,1430,997140.0
2026-01-20,37470,情報･通信業,90.3,854.0,811.3,SL(-5%),2026-01-21,10000000.0,1430,9500000.0,1430,-502860.0
2026-01-20,38530,情報･通信業,92.0,1332.0,1265.4,SL(-5%),2026-01-21,10000000.0,1430,9500000.0,1430,-502860.0
2026-01-20,52160,ガラス･土石製品,81.6,151.0,143.4,SL(-5%),2026-01-21,10000000.0,1430,9496688.741721855,1430,-506171.2582781445
2026-01-20,93270,倉庫･運輸関連業,82.5,245.0,232.8,SL(-5%),2026-01-21,10000000.0,1430,9502040.81632653,1430,-500819.18367346935
2026-01-20,198A0,情報･通信業,85.4,303.0,287.8,SL(-5%),2026-01-21,10000000.0,1430,9498349.834983498,1430,-504510.16501650214
2026-01-20,45960,医薬品,83.0,59.0,64.9,TP(+10%),2026-01-21,10000000.0,1430,11000000.0,1430,997140.0
2026-01-20,24400,サービス業,70.3,173.0,164.3,SL(-5%),2026-01-27,10000000.0,1430,9497109.826589596,1430,-505750.1734104045
2026-01-20,37780,情報･通信業,64.6,2880.0,2736.0,SL(-5%),2026-01-21,10000000.0,1430,9500000.0,1430,-502860.0
2026-01-20,29360,食料品,71.6,402.0,442.2,TP(+10%),2026-01-27,10000000.0,1430,11000000.0,1430,997140.0
2026-01-20,299A0,サービス業,69.3,1222.0,1160.9,SL(-5%),2026-01-23,10000000.0,1430,9500000.0,1430,-502860.0
2026-01-20,130A0,医薬品,71.8,525.0,498.8,SL(-5%),2026-01-21,10000000.0,1430,9500952.38095238,1430,-501907.6190476194
2026-01-20,25860,食料品,72.3,165.0,156.8,SL(-5%),2026-01-22,10000000.0,1430,9503030.303030305,1430,-499829.6969696954
2025-11-17,39000,情報･通信業,90.8,799.0,759.0,SL(-5%),2026-01-28,10000000.0,1430,9499374.217772216,1430,-503485.7822277844
2025-12-25,45820,医薬品,80.3,91.0,86.5,SL(-5%),2026-01-29,10000000.0,1430,9505494.505494505,1430,-497365.49450549483
2026-01-05,95560,サービス業,66.4,3690.0,3505.5,SL(-5%),2026-01-29,10000000.0,1430,9500000.0,1430,-502860.0
2026-01-08,36940,情報･通信業,63.8,517.0,491.1,SL(-5%),2026-01-29,10000000.0,1430,9499032.882011605,1430,-503827.1179883946
2026-01-08,36950,情報･通信業,61.9,2049.0,1946.5,SL(-5%),2026-01-28,10000000.0,1430,9499755.97852611,1430,-503104.02147389017
2026-01-15,70780,サービス業,74.1,412.0,391.4,SL(-5%),2026-01-28,10000000.0,1430,9500000.0,1430,-502860.0
2026-01-16,36970,情報･通信業,65.2,836.2,794.4,SL(-5%),2026-01-29,10000000.0,1430,9500119.588615164,1430,-502740.41138483584
2026-01-21,33700,小売業,90.3,390.0,429.0,TP(+10%),2026-01-23,10000000.0,1430,11000000.0,1430,997140.0
2026-01-21,48810,医薬品,91.7,96.0,91.2,SL(-5%),2026-01-26,10000000.0,1430,9500000.0,1430,-502860.0
2026-01-21,33230,卸売業,89.5,106.0,100.7,SL(-5%),2026-01-23,10000000.0,1430,9500000.0,1430,-502860.0
2026-01-21,66960,電気機器,87.0,380.0,361.0,SL(-5%),2026-01-23,10000000.0,1430,9500000.0,1430,-502860.0
2026-01-21,51310,情報･通信業,82.1,164.0,155.8,SL(-5%),2026-01-28,10000000.0,1430,9500000.0,1430,-502860.0
2026-01-21,39080,情報･通信業,74.0,307.0,337.7,TP(+10%),2026-01-28,10000000.0,1430,10999999.999999998,1430,997139.9999999981
2026-01-21,21340,サービス業,86.6,40.0,44.0,TP(+10%),2026-01-23,10000000.0,1430,11000000.0,1430,997140.0
2026-01-21,45930,医薬品,75.1,367.0,348.6,SL(-5%),2026-01-28,10000000.0,1430,9498637.602179836,1430,-504222.3978201635
2026-01-21,38530,情報･通信業,68.0,1192.0,1311.2,TP(+10%),2026-01-26,10000000.0,1430,11000000.0,1430,997140.0
2026-01-21,45960,医薬品,80.2,60.0,66.0,TP(+10%),2026-01-23,10000000.0,1430,11000000.0,1430,997140.0
2026-01-21,29360,食料品,63.9,399.0,438.9,TP(+10%),2026-01-27,10000000.0,1430,10999999.999999998,1430,997139.9999999981
2026-01-21,37470,情報･通信業,63.3,750.0,712.5,SL(-5%),2026-01-28,10000000.0,1430,9500000.0,1430,-502860.0
2026-01-21,22160,食料品,60.4,1695.0,1610.2,SL(-5%),2026-01-28,10000000.0,1430,9499705.014749262,1430,-503154.9852507375
2025-11-12,40080,化学,73.5,1032.0,1135.2,TP(+10%),2026-02-09,10000000.0,1430,11000000.0,1430,997140.0
2025-12-25,71110,卸売業,67.0,528.0,580.8,TP(+10%),2026-02-06,10000000.0,1430,10999999.999999998,1430,997139.9999999981
2025-12-30,37790,情報･通信業,69.9,163.0,179.3,TP(+10%),2026-02-04,10000000.0,1430,11000000.0,1430,997140.0
2026-01-05,40190,情報･通信業,70.2,742.0,704.9,SL(-5%),2026-02-03,10000000.0,1430,9500000.0,1430,-502860.0
2026-01-06,18660,建設業,75.9,1475.0,1622.5,TP(+10%),2026-02-09,10000000.0,1430,11000000.0,1430,997140.0
2026-01-09,53370,ガラス･土石製品,64.8,543.0,597.3,TP(+10%),2026-02-04,10000000.0,1430,10999999.999999998,1430,997139.9999999981
2026-01-13,24360,サービス業,66.6,517.5,491.6,SL(-5%),2026-02-04,10000000.0,1430,9499516.908212561,1430,-503343.09178743884
2026-01-14,65480,サービス業,90.1,147.0,161.7,TP(+10%),2026-02-06,10000000.0,1430,10999999.999999998,1430,997139.9999999981
2026-01-14,14720,その他,85.2,112.0,106.4,SL(-5%),2026-02-05,10000000.0,1430,9500000.0,1430,-502860.0
2026-01-14,48120,情報･通信業,71.1,2515.0,2389.2,SL(-5%),2026-02-03,10000000.0,1430,9499801.192842942,1430,-503058.80715705827
2026-01-14,66140,電気機器,64.0,753.0,828.3,TP(+10%),2026-02-09,10000000.0,1430,10999999.999999998,1430,997139.9999999981
2026-01-15,28840,食料品,67.6,801.0,881.1,TP(+10%),2026-02-04,10000000.0,1430,11000000.0,1430,997140.0
2026-01-15,41760,情報･通信業,68.3,357.0,339.1,SL(-5%),2026-02-03,10000000.0,1430,9498599.43977591,1430,-504260.5602240898
2026-01-15,39860,情報･通信業,70.4,478.0,454.1,SL(-5%),2026-02-04,10000000.0,1430,9500000.0,1430,-502860.0
2026-01-16,99410,卸売業,66.5,672.0,739.2,TP(+10%),2026-02-09,10000000.0,1430,11000000.0,1430,997140.0
2026-01-16,29340,食料品,70.9,1398.0,1328.1,SL(-5%),2026-02-09,10000000.0,1430,9500000.0,1430,-502860.0
2026-01-21,39090,情報･通信業,65.8,295.0,280.2,SL(-5%),2026-02-05,10000000.0,1430,9498305.084745761,1430,-504554.915254239
2026-01-23,53810,ガラス･土石製品,90.6,551.0,606.1,TP(+10%),2026-02-03,10000000.0,1430,11000000.0,1430,997140.0
2026-01-23,30700,卸売業,97.5,87.0,95.7,TP(+10%),2026-02-03,10000000.0,1430,11000000.0,1430,997140.0
2026-01-23,21640,サービス業,85.6,108.31004657351964,119.1,TP(+10%),2026-02-03,10000000.0,1430,10996209.840899317,1430,993349.8408993166
2026-01-23,52400,情報･通信業,77.2,254.0,241.3,SL(-5%),2026-02-04,10000000.0,1430,9500000.0,1430,-502860.0
2026-01-23,21340,サービス業,82.6,41.0,38.9,SL(-5%),2026-02-03,10000000.0,1430,9487804.87804878,1430,-515055.12195122056
2026-01-23,45960,医薬品,74.5,66.0,72.6,TP(+10%),2026-02-03,10000000.0,1430,10999999.999999998,1430,997139.9999999981
2026-01-23,27210,卸売業,62.4,199.0,189.0,SL(-5%),2026-02-03,10000000.0,1430,9497487.43718593,1430,-505372.5628140699
2026-01-23,41690,情報･通信業,64.1,298.0,283.1,SL(-5%),2026-02-03,10000000.0,1430,9500000.0,1430,-502860.0
2025-12-29,89460,不動産業,65.6,77.0,84.7,TP(+10%),2026-02-10,10000000.0,1430,11000000.0,1430,997140.0
2026-02-03,38030,情報･通信業,96.9,839.0,922.9,TP(+10%),2026-02-04,10000000.0,1430,11000000.0,1430,997140.0
2026-02-03,276A0,不動産業,89.7,4190.0,4609.0,TP(+10%),2026-02-04,10000000.0,1430,11000000.0,1430,997140.0
2026-02-03,45750,医薬品,74.8,956.0,908.2,SL(-5%),2026-02-04,10000000.0,1430,9500000.0,1430,-502860.0
2026-02-03,24910,サービス業,77.1,477.0,453.1,SL(-5%),2026-02-09,10000000.0,1430,9498951.78197065,1430,-503908.21802935004
2026-02-03,20370,その他,70.9,1200.0,1140.0,SL(-5%),2026-02-04,10000000.0,1430,9500000.0,1430,-502860.0
2026-02-03,90820,陸運業,69.7,1378.0,1309.1,SL(-5%),2026-02-05,10000000.0,1430,9500000.0,1430,-502860.0
2026-02-03,93990,情報･通信業,84.8,47.0,44.6,SL(-5%),2026-02-05,10000000.0,1430,9489361.70212766,1430,-513498.2978723403
2025-05-14,69040,電気機器,72.0,454.0,499.4,TP(+10%),2026-02-12,10000000.0,1430,10999999.999999998,1430,997139.9999999981
2026-01-21,60630,サービス業,90.1,976.0,1073.6,TP(+10%),2026-02-12,10000000.0,1430,10999999.999999998,1430,997139.9999999981
2026-02-03,66960,電気機器,62.7,343.0,377.3,TP(+10%),2026-02-12,10000000.0,1430,11000000.0,1430,997140.0
2026-02-04,23710,サービス業,84.7,1874.0,1780.3,SL(-5%),2026-02-12,10000000.0,1430,9500000.0,1430,-502860.0
2026-02-04,39230,情報･通信業,74.9,740.6,814.7,TP(+10%),2026-02-10,10000000.0,1430,11000540.102619499,1430,997680.102619499
2026-02-04,38030,情報･通信業,83.4,880.0,836.0,SL(-5%),2026-02-05,10000000.0,1430,9500000.0,1430,-502860.0
2026-02-04,29800,不動産業,66.8,2603.0,2472.8,SL(-5%),2026-02-06,10000000.0,1430,9499807.913945448,1430,-503052.08605455235
2026-02-04,276A0,不動産業,81.4,4890.0,5379.0,TP(+10%),2026-02-05,10000000.0,1430,11000000.0,1430,997140.0
2026-02-04,26730,小売業,75.5,228.0,216.6,SL(-5%),2026-02-06,10000000.0,1430,9500000.0,1430,-502860.0
2026-02-04,299A0,サービス業,72.1,1045.0,992.8,SL(-5%),2026-02-06,10000000.0,1430,9500478.468899522,1430,-502381.531100478
2026-02-04,44430,情報･通信業,66.5,1230.0,1168.5,SL(-5%),2026-02-06,10000000.0,1430,9500000.0,1430,-502860.0
2026-02-04,446A0,サービス業,72.2,1260.0,1197.0,SL(-5%),2026-02-05,10000000.0,1430,9500000.0,1430,-502860.0
2026-02-04,93990,情報･通信業,74.8,46.0,43.7,SL(-5%),2026-02-05,10000000.0,1430,9500000.0,1430,-502860.0
2026-02-04,277A0,サービス業,72.4,2070.0,1966.5,SL(-5%),2026-02-06,10000000.0,1430,9500000.0,1430,-502860.0
2026-02-04,73830,その他金融業,67.6,414.0,455.4,TP(+10%),2026-02-10,10000000.0,1430,10999999.999999998,1430,997139.9999999981
2026-02-04,38400,情報･通信業,66.1,60.0,57.0,SL(-5%),2026-02-06,10000000.0,1430,9500000.0,1430,-502860.0
2026-02-04,60980,サービス業,61.5,7501.0,7125.9,SL(-5%),2026-02-05,10000000.0,1430,9499933.342221037,1430,-502926.65777896345
2026-02-04,47510,サービス業,62.6,1260.5,1386.6,TP(+10%),2026-02-09,10000000.0,1430,11000396.667988893,1430,997536.6679888926
2026-02-04,50270,情報･通信業,65.1,719.0,683.0,SL(-5%),2026-02-05,10000000.0,1430,9499304.589707928,1430,-503555.4102920722
2026-02-04,34150,小売業,62.0,372.0,409.2,TP(+10%),2026-02-12,10000000.0,1430,10999999.999999998,1430,997139.9999999981
2026-02-04,96970,情報･通信業,62.0,3190.0,3030.5,SL(-5%),2026-02-06,10000000.0,1430,9500000.0,1430,-502860.0
2025-11-14,73690,サービス業,90.4,573.0,544.4,SL(-5%),2026-02-13,10000000.0,1430,9500872.600349039,1430,-501987.39965096116
2025-11-17,65620,サービス業,67.4,1028.0,976.6,SL(-5%),2026-02-13,10000000.0,1430,9500000.0,1430,-502860.0
2026-01-09,48960,医薬品,66.3,715.0,679.2,SL(-5%),2026-02-13,10000000.0,1430,9499300.6993007,1430,-503559.3006992992
2026-01-19,42650,情報･通信業,70.7,314.0,298.3,SL(-5%),2026-02-13,10000000.0,1430,9500000.0,1430,-502860.0
2026-02-04,44780,情報･通信業,72.6,2275.0,2161.2,SL(-5%),2026-02-13,10000000.0,1430,9499780.21978022,1430,-503079.7802197803
2026-02-05,89950,不動産業,89.3,1517.0,1668.7,TP(+10%),2026-02-06,10000000.0,1430,11000000.0,1430,997140.0
2026-02-05,276A0,不動産業,82.0,4710.0,4474.5,SL(-5%),2026-02-06,10000000.0,1430,9500000.0,1430,-502860.0
2026-02-05,24130,サービス業,72.8,1760.0,1672.0,SL(-5%),2026-02-06,10000000.0,1430,9500000.0,1430,-502860.0
2026-02-05,57290,非鉄金属,79.3,2820.0,2679.0,SL(-5%),2026-02-13,10000000.0,1430,9500000.0,1430,-502860.0
2026-02-05,53370,ガラス･土石製品,69.3,628.0,690.8,TP(+10%),2026-02-06,10000000.0,1430,10999999.999999998,1430,997139.9999999981
2026-02-05,334A0,情報･通信業,64.3,871.5,827.9,SL(-5%),2026-02-13,10000000.0,1430,9499713.138267355,1430,-503146.86173264496
2026-02-05,81070,繊維製品,67.2,35.0,33.2,SL(-5%),2026-02-06,10000000.0,1430,9485714.285714285,1430,-517145.71428571455
2026-02-05,52420,情報･通信業,75.7,1127.0,1239.7,TP(+10%),2026-02-06,10000000.0,1430,11000000.0,1430,997140.0
2026-02-05,88360,不動産業,67.0,32.0,30.4,SL(-5%),2026-02-06,10000000.0,1430,9500000.0,1430,-502860.0
2026-02-05,81050,卸売業,83.7,233.0,221.3,SL(-5%),2026-02-06,10000000.0,1430,9497854.077253219,1430,-505005.92274678126
2026-02-05,277A0,サービス業,61.9,2180.0,2071.0,SL(-5%),2026-02-06,10000000.0,1430,9500000.0,1430,-502860.0
2026-02-05,44430,情報･通信業,64.7,1243.0,1180.8,SL(-5%),2026-02-06,10000000.0,1430,9499597.747385358,1430,-503262.25261464156
2026-02-05,50270,情報･通信業,65.9,679.0,645.0,SL(-5%),2026-02-13,10000000.0,1430,9499263.622974962,1430,-503596.377025038
2025-12-29,41670,情報･通信業,73.4,303.0,287.8,SL(-5%),2026-02-16,10000000.0,1430,9498349.834983498,1430,-504510.16501650214
2026-02-04,40190,情報･通信業,73.8,634.0,697.4,TP(+10%),2026-02-16,10000000.0,1430,10999999.999999998,1430,997139.9999999981
2026-02-04,37530,情報･通信業,65.5,163.0,154.8,SL(-5%),2026-02-16,10000000.0,1430,9496932.515337424,1430,-505927.48466257565
2026-02-04,92110,サービス業,66.2,1603.0,1522.8,SL(-5%),2026-02-16,10000000.0,1430,9499688.084840924,1430,-503171.91515907645
2026-02-04,145A0,情報･通信業,61.9,980.0,931.0,SL(-5%),2026-02-16,10000000.0,1430,9500000.0,1430,-502860.0
2026-02-04,30640,小売業,60.9,2127.0,2020.6,SL(-5%),2026-02-16,10000000.0,1430,9499764.927127408,1430,-503095.07287259214
2026-02-06,52420,情報･通信業,94.0,1195.0,1135.2,SL(-5%),2026-02-10,10000000.0,1430,9499581.58995816,1430,-503278.41004184075
2026-02-06,48810,医薬品,92.3,91.0,100.1,TP(+10%),2026-02-09,10000000.0,1430,10999999.999999998,1430,997139.9999999981
2026-02-06,41690,情報･通信業,87.2,289.0,274.6,SL(-5%),2026-02-09,10000000.0,1430,9501730.10380623,1430,-501129.8961937707
2026-02-06,53370,ガラス･土石製品,83.2,623.0,685.3,TP(+10%),2026-02-09,10000000.0,1430,10999999.999999998,1430,997139.9999999981
2026-02-06,89950,不動産業,87.1,1395.0,1325.2,SL(-5%),2026-02-09,10000000.0,1430,9499641.577060932,1430,-503218.4229390677
2026-02-06,51380,情報･通信業,75.3,829.0,787.5,SL(-5%),2026-02-13,10000000.0,1430,9499396.863691194,1430,-503463.136308806
2026-02-06,93990,情報･通信業,91.0,39.0,42.9,TP(+10%),2026-02-09,10000000.0,1430,10999999.999999998,1430,997139.9999999981
2026-02-06,36950,情報･通信業,71.9,1930.0,1833.5,SL(-5%),2026-02-12,10000000.0,1430,9500000.0,1430,-502860.0
2026-02-06,58560,その他,81.1,26.0,24.7,SL(-5%),2026-02-16,10000000.0,1430,9500000.0,1430,-502860.0
2026-02-06,81070,繊維製品,69.9,32.0,35.2,TP(+10%),2026-02-13,10000000.0,1430,11000000.0,1430,997140.0
2026-02-06,44140,情報･通信業,67.6,1512.0,1436.4,SL(-5%),2026-02-13,10000000.0,1430,9500000.0,1430,-502860.0
2026-02-06,31210,サービス業,65.9,246.0,233.7,SL(-5%),2026-02-12,10000000.0,1430,9500000.0,1430,-502860.0
2026-02-06,78780,その他製品,61.3,1067.0,1173.7,TP(+10%),2026-02-16,10000000.0,1430,11000000.0,1430,997140.0
2026-02-06,52400,情報･通信業,67.2,225.0,247.5,TP(+10%),2026-02-09,10000000.0,1430,11000000.0,1430,997140.0
2026-02-06,276A0,不動産業,76.6,4340.0,4123.0,SL(-5%),2026-02-09,10000000.0,1430,9500000.0,1430,-502860.0
2025-12-18,150A0,サービス業,67.0,420.0,399.0,SL(-5%),2026-02-17,10000000.0,1430,9500000.0,1430,-502860.0
2025-12-19,36240,情報･通信業,68.4,82.0,77.9,SL(-5%),2026-02-17,10000000.0,1430,9500000.0,1430,-502860.0
2025-12-24,78150,その他製品,65.8,372.0,409.2,TP(+10%),2026-02-17,10000000.0,1430,10999999.999999998,1430,997139.9999999981
2025-12-25,40730,情報･通信業,72.7,579.0,550.0,SL(-5%),2026-02-17,10000000.0,1430,9499136.442141624,1430,-503723.55785837583
2025-12-29,97040,サービス業,67.3,51.0,48.4,SL(-5%),2026-02-17,10000000.0,1430,9490196.078431372,1430,-512663.9215686284
2026-02-09,17980,建設業,93.3,1310.0,1441.0,TP(+10%),2026-02-17,10000000.0,1430,11000000.0,1430,997140.0
2026-02-09,48900,医薬品,77.9,287.0,272.6,SL(-5%),2026-02-13,10000000.0,1430,9498257.839721255,1430,-504602.160278745
2026-02-09,66140,電気機器,81.4,910.0,1001.0,TP(+10%),2026-02-10,10000000.0,1430,11000000.0,1430,997140.0
2026-02-09,48810,医薬品,78.6,105.0,99.8,SL(-5%),2026-02-12,10000000.0,1430,9504761.904761905,1430,-498098.09523809515
2026-02-09,153A0,情報･通信業,73.6,1199.0,1318.9,TP(+10%),2026-02-12,10000000.0,1430,11000000.0,1430,997140.0
2026-02-09,53370,ガラス･土石製品,78.8,625.0,687.5,TP(+10%),2026-02-10,10000000.0,1430,11000000.0,1430,997140.0
2026-02-09,79010,その他製品,79.6,1423.0,1351.8,SL(-5%),2026-02-10,10000000.0,1430,9499648.629655657,1430,-503211.37034434266
2026-02-09,92370,サービス業,64.5,950.0,902.5,SL(-5%),2026-02-17,10000000.0,1430,9500000.0,1430,-502860.0
2026-02-09,36950,情報･通信業,61.9,2049.0,1946.5,SL(-5%),2026-02-12,10000000.0,1430,9499755.97852611,1430,-503104.02147389017
2026-02-09,23380,情報･通信業,84.6,175.0,166.2,SL(-5%),2026-02-10,10000000.0,1430,9497142.857142856,1430,-505717.14285714366
2026-02-09,93990,情報･通信業,84.5,39.0,37.0,SL(-5%),2026-02-10,10000000.0,1430,9487179.487179486,1430,-515680.5128205139
2026-02-09,21340,サービス業,72.5,42.0,39.9,SL(-5%),2026-02-13,10000000.0,1430,9500000.0,1430,-502860.0
2026-02-09,42580,情報･通信業,62.2,2837.0,3120.7,TP(+10%),2026-02-13,10000000.0,1430,10999999.999999998,1430,997139.9999999981
2026-02-10,76150,小売業,91.8,167.0,183.7,TP(+10%),2026-02-12,10000000.0,1430,10999999.999999998,1430,997139.9999999981
2026-02-10,38230,情報･通信業,95.4,72.0,68.4,SL(-5%),2026-02-12,10000000.0,1430,9500000.0,1430,-502860.0
2026-02-10,87980,保険業,95.0,245.0,232.8,SL(-5%),2026-02-12,10000000.0,1430,9502040.81632653,1430,-500819.18367346935
2026-02-10,95570,サービス業,88.5,256.0,243.2,SL(-5%),2026-02-16,10000000.0,1430,9500000.0,1430,-502860.0
2026-02-10,48890,医薬品,80.9,1650.0,1815.0,TP(+10%),2026-02-12,10000000.0,1430,11000000.0,1430,997140.0
2026-02-10,442A0,繊維製品,79.6,1683.0,1598.8,SL(-5%),2026-02-13,10000000.0,1430,9499702.911467617,1430,-503157.0885323826
2026-02-10,66200,不動産業,79.4,867.0,823.6,SL(-5%),2026-02-13,10000000.0,1430,9499423.298731258,1430,-503436.70126874186
2026-02-10,93990,情報･通信業,89.2,35.0,33.2,SL(-5%),2026-02-12,10000000.0,1430,9485714.285714285,1430,-517145.71428571455
2026-02-10,46800,サービス業,67.1,1059.0,1006.0,SL(-5%),2026-02-13,10000000.0,1430,9499527.856468366,1430,-503332.14353163354
2026-02-10,49350,化学,75.6,306.0,290.7,SL(-5%),2026-02-13,10000000.0,1430,9500000.0,1430,-502860.0
2026-02-10,40130,情報･通信業,66.4,1010.0,959.5,SL(-5%),2026-02-12,10000000.0,1430,9500000.0,1430,-502860.0
2026-02-10,45630,医薬品,66.2,63.0,59.8,SL(-5%),2026-02-12,10000000.0,1430,9492063.492063493,1430,-510796.50793650746
2026-02-10,94380,情報･通信業,63.1,723.0,686.9,SL(-5%),2026-02-13,10000000.0,1430,9500691.562932227,1430,-502168.4370677732
2026-02-10,89380,不動産業,67.9,360.0,342.0,SL(-5%),2026-02-12,10000000.0,1430,9500000.0,1430,-502860.0
2026-02-10,48810,医薬品,65.8,101.0,95.9,SL(-5%),2026-02-13,10000000.0,1430,9495049.504950495,1430,-507810.49504950456
2025-11-14,60540,サービス業,77.4,117.0,128.7,TP(+10%),2026-02-19,10000000.0,1430,10999999.999999998,1430,997139.9999999981
2026-01-07,303A0,情報･通信業,91.7,929.0,882.5,SL(-5%),2026-02-19,10000000.0,1430,9499461.7868676,1430,-503398.21313240007
2026-02-06,92380,サービス業,64.0,1260.0,1386.0,TP(+10%),2026-02-19,10000000.0,1430,11000000.0,1430,997140.0
2026-02-12,50280,情報･通信業,90.1,450.0,427.5,SL(-5%),2026-02-13,10000000.0,1430,9500000.0,1430,-502860.0
2026-02-12,37790,情報･通信業,94.7,179.0,170.0,SL(-5%),2026-02-13,10000000.0,1430,9497206.703910615,1430,-505653.2960893847
2026-02-12,410A0,サービス業,78.9,1178.0,1119.1,SL(-5%),2026-02-13,10000000.0,1430,9500000.0,1430,-502860.0
2026-02-12,76150,小売業,83.9,192.0,182.4,SL(-5%),2026-02-13,10000000.0,1430,9500000.0,1430,-502860.0
2026-02-12,38100,情報･通信業,76.7,285.0,270.8,SL(-5%),2026-02-13,10000000.0,1430,9501754.385964911,1430,-501105.61403508857
2026-02-12,40130,情報･通信業,76.2,811.0,770.4,SL(-5%),2026-02-13,10000000.0,1430,9499383.477188656,1430,-503476.5228113439
2026-02-12,50260,情報･通信業,70.2,855.0,812.2,SL(-5%),2026-02-13,10000000.0,1430,9499415.204678362,1430,-503444.79532163776
2026-02-12,93990,情報･通信業,90.1,28.0,26.6,SL(-5%),2026-02-13,10000000.0,1430,9500000.0,1430,-502860.0
2026-02-12,43740,情報･通信業,70.1,2345.0,2227.8,SL(-5%),2026-02-13,10000000.0,1430,9500213.219616206,1430,-502646.78038379364
2026-02-12,95640,サービス業,66.8,606.0,575.7,SL(-5%),2026-02-13,10000000.0,1430,9500000.0,1430,-502860.0
2026-02-12,38230,情報･通信業,83.5,74.0,70.3,SL(-5%),2026-02-13,10000000.0,1430,9500000.0,1430,-502860.0
2026-02-12,66960,電気機器,79.8,393.0,373.3,SL(-5%),2026-02-13,10000000.0,1430,9498727.735368958,1430,-504132.26463104226
2026-02-12,42880,情報･通信業,76.4,778.0,739.1,SL(-5%),2026-02-13,10000000.0,1430,9500000.0,1430,-502860.0
2026-02-12,47840,サービス業,76.2,893.0,848.3,SL(-5%),2026-02-13,10000000.0,1430,9499440.089585666,1430,-503419.9104143344
2026-02-12,70720,サービス業,64.9,1190.0,1130.5,SL(-5%),2026-02-13,10000000.0,1430,9500000.0,1430,-502860.0
2026-02-12,37190,情報･通信業,70.7,333.0,316.3,SL(-5%),2026-02-13,10000000.0,1430,9498498.4984985,1430,-504361.5015015006
2026-02-12,43160,情報･通信業,80.1,1031.0,1134.1,TP(+10%),2026-02-16,10000000.0,1430,10999999.999999998,1430,997139.9999999981
2026-02-12,95540,サービス業,63.8,1589.0,1509.5,SL(-5%),2026-02-16,10000000.0,1430,9499685.336689742,1430,-503174.6633102577
2026-02-12,153A0,情報･通信業,64.6,1364.0,1295.8,SL(-5%),2026-02-13,10000000.0,1430,9500000.0,1430,-502860.0
2026-02-12,70660,サービス業,63.3,464.0,440.8,SL(-5%),2026-02-13,10000000.0,1430,9500000.0,1430,-502860.0
2026-02-12,48130,情報･通信業,66.1,637.0,605.1,SL(-5%),2026-02-19,10000000.0,1430,9499215.070643643,1430,-503644.9293563571
2026-02-12,55900,情報･通信業,63.5,840.0,924.0,TP(+10%),2026-02-13,10000000.0,1430,11000000.0,1430,997140.0
2026-02-12,81070,繊維製品,66.6,35.0,38.5,TP(+10%),2026-02-13,10000000.0,1430,11000000.0,1430,997140.0
2026-02-12,247A0,化学,62.6,1463.0,1389.8,SL(-5%),2026-02-16,10000000.0,1430,9499658.236500341,1430,-503201.76349965855
2026-02-12,93480,サービス業,75.0,572.0,543.4,SL(-5%),2026-02-13,10000000.0,1430,9500000.0,1430,-502860.0
2026-02-12,67860,サービス業,66.2,63.0,59.8,SL(-5%),2026-02-13,10000000.0,1430,9492063.492063493,1430,-510796.50793650746
2026-02-12,45920,医薬品,66.1,2142.0,2034.9,SL(-5%),2026-02-13,10000000.0,1430,9500000.0,1430,-502860.0
2026-02-12,81050,卸売業,82.7,251.0,238.4,SL(-5%),2026-02-13,10000000.0,1430,9498007.96812749,1430,-504852.0318725109
2026-01-05,39960,情報･通信業,62.7,277.0,304.7,TP(+10%),2026-02-20,10000000.0,1430,10999999.999999998,1430,997139.9999999981
2026-02-04,228A0,情報･通信業,66.8,1646.0,1563.7,SL(-5%),2026-02-20,10000000.0,1430,9500000.0,1430,-502860.0
2026-02-05,39230,情報･通信業,65.0,798.5,758.6,SL(-5%),2026-02-20,10000000.0,1430,9500313.087038197,1430,-502546.9129618034
2026-02-10,89120,不動産業,75.9,159.0,174.9,TP(+10%),2026-02-20,10000000.0,1430,11000000.0,1430,997140.0
2026-02-10,31950,小売業,65.9,568.0,539.6,SL(-5%),2026-02-20,10000000.0,1430,9500000.0,1430,-502860.0
2026-02-13,269A0,情報･通信業,89.0,2442.0,2319.9,SL(-5%),2026-02-16,10000000.0,1430,9500000.0,1430,-502860.0
2026-02-13,148A0,情報･通信業,83.1,1680.0,1848.0,TP(+10%),2026-02-18,10000000.0,1430,11000000.0,1430,997140.0
2026-02-13,44160,情報･通信業,80.7,585.0,555.8,SL(-5%),2026-02-16,10000000.0,1430,9500854.7008547,1430,-502005.29914529994
2026-02-13,48110,情報･通信業,79.4,820.0,779.0,SL(-5%),2026-02-16,10000000.0,1430,9500000.0,1430,-502860.0
2026-02-13,142A0,サービス業,85.8,590.0,560.5,SL(-5%),2026-02-16,10000000.0,1430,9500000.0,1430,-502860.0
2026-02-13,387A0,情報･通信業,76.3,1313.0,1247.3,SL(-5%),2026-02-16,10000000.0,1430,9499619.1926885,1430,-503240.8073114995
2026-02-13,42650,情報･通信業,73.4,268.0,254.6,SL(-5%),2026-02-16,10000000.0,1430,9500000.0,1430,-502860.0
2026-02-13,478A0,情報･通信業,75.0,861.0,817.9,SL(-5%),2026-02-16,10000000.0,1430,9499419.279907085,1430,-503440.720092915
2026-02-13,23300,情報･通信業,76.4,181.0,171.9,SL(-5%),2026-02-16,10000000.0,1430,9497237.569060773,1430,-505622.43093922734
2026-02-13,36830,情報･通信業,69.4,1219.0,1158.0,SL(-5%),2026-02-16,10000000.0,1430,9499589.827727646,1430,-503270.17227235436
2026-02-13,50340,情報･通信業,78.2,2140.0,2033.0,SL(-5%),2026-02-16,10000000.0,1430,9500000.0,1430,-502860.0
2026-02-13,55880,情報･通信業,84.1,813.0,894.3,TP(+10%),2026-02-16,10000000.0,1430,10999999.999999998,1430,997139.9999999981
2026-02-13,330A0,情報･通信業,73.9,736.0,699.2,SL(-5%),2026-02-16,10000000.0,1430,9500000.0,1430,-502860.0
2026-02-13,81070,繊維製品,78.4,39.0,37.0,SL(-5%),2026-02-16,10000000.0,1430,9487179.487179486,1430,-515680.5128205139
2026-02-13,27000,卸売業,86.3,2304.0,2188.8,SL(-5%),2026-02-16,10000000.0,1430,9500000.0,1430,-502860.0
2026-02-13,93990,情報･通信業,88.5,23.0,25.3,TP(+10%),2026-02-16,10000000.0,1430,11000000.0,1430,997140.0
2026-02-13,27670,卸売業,67.2,1627.0,1545.6,SL(-5%),2026-02-20,10000000.0,1430,9499692.685925016,1430,-503167.3140749838
2026-02-13,22160,食料品,71.4,1477.0,1403.1,SL(-5%),2026-02-16,10000000.0,1430,9499661.475964792,1430,-503198.5240352079
2026-02-13,55910,情報･通信業,67.2,1121.0,1065.0,SL(-5%),2026-02-16,10000000.0,1430,9500446.030330062,1430,-502413.9696699381
2026-02-13,64600,機械,63.8,2374.5,2612.0,TP(+10%),2026-02-16,10000000.0,1430,11000210.570646452,1430,997350.5706464518
2026-02-13,29980,不動産業,80.1,830.0,913.0,TP(+10%),2026-02-16,10000000.0,1430,11000000.0,1430,997140.0
2026-02-13,87830,その他金融業,75.7,262.0,248.9,SL(-5%),2026-02-16,10000000.0,1430,9500000.0,1430,-502860.0
2026-02-13,48190,情報･通信業,77.4,1951.0,2146.1,TP(+10%),2026-02-18,10000000.0,1430,10999999.999999998,1430,997139.9999999981
2026-02-13,48490,サービス業,69.9,1238.0,1176.1,SL(-5%),2026-02-16,10000000.0,1430,9500000.0,1430,-502860.0
2026-02-13,55900,情報･通信業,72.0,820.0,779.0,SL(-5%),2026-02-16,10000000.0,1430,9500000.0,1430,-502860.0
2026-02-13,31330,小売業,68.8,390.0,370.5,SL(-5%),2026-02-16,10000000.0,1430,9500000.0,1430,-502860.0
2026-02-13,264A0,サービス業,72.3,600.0,570.0,SL(-5%),2026-02-16,10000000.0,1430,9500000.0,1430,-502860.0
2026-02-13,42580,情報･通信業,64.3,3035.0,3338.5,TP(+10%),2026-02-16,10000000.0,1430,11000000.0,1430,997140.0
2026-02-13,73590,サービス業,67.8,285.0,270.8,SL(-5%),2026-02-17,10000000.0,1430,9501754.385964911,1430,-501105.61403508857
2026-02-13,77760,精密機器,75.4,315.0,346.5,TP(+10%),2026-02-16,10000000.0,1430,11000000.0,1430,997140.0
2026-02-13,44190,情報･通信業,74.3,860.0,817.0,SL(-5%),2026-02-17,10000000.0,1430,9500000.0,1430,-502860.0
2026-02-13,92290,サービス業,70.1,306.0,290.7,SL(-5%),2026-02-16,10000000.0,1430,9500000.0,1430,-502860.0
2026-02-13,44490,その他,63.7,1145.0,1087.8,SL(-5%),2026-02-16,10000000.0,1430,9500436.681222707,1430,-502423.31877729297
2026-02-13,44780,情報･通信業,68.5,2136.0,2029.2,SL(-5%),2026-02-20,10000000.0,1430,9500000.0,1430,-502860.0
2026-02-13,44800,情報･通信業,65.0,2152.0,2044.4,SL(-5%),2026-02-16,10000000.0,1430,9500000.0,1430,-502860.0
2026-02-13,38100,情報･通信業,68.2,269.0,255.5,SL(-5%),2026-02-16,10000000.0,1430,9498141.26394052,1430,-504718.7360594794
2026-02-13,76150,小売業,68.8,172.0,163.4,SL(-5%),2026-02-17,10000000.0,1430,9500000.0,1430,-502860.0
2026-02-13,44140,情報･通信業,64.8,1400.0,1330.0,SL(-5%),2026-02-20,10000000.0,1430,9500000.0,1430,-502860.0
2026-02-13,67310,電気機器,72.8,440.0,418.0,SL(-5%),2026-02-16,10000000.0,1430,9500000.0,1430,-502860.0
2026-02-06,98120,小売業,71.9,286.0,271.7,SL(-5%),2026-02-24,10000000.0,1430,9500000.0,1430,-502860.0
2026-02-06,20370,その他,75.3,1186.0,1126.7,SL(-5%),2026-02-24,10000000.0,1430,9500000.0,1430,-502860.0
2026-02-10,39050,情報･通信業,71.6,1929.0,1832.5,SL(-5%),2026-02-24,10000000.0,1430,9499740.79834111,1430,-503119.20165888965
2026-02-13,44180,情報･通信業,80.9,892.0,847.4,SL(-5%),2026-02-24,10000000.0,1430,9500000.0,1430,-502860.0
2026-02-13,334A0,情報･通信業,75.7,820.5,779.5,SL(-5%),2026-02-24,10000000.0,1430,9500304.692260817,1430,-502555.3077391833
2026-02-13,442A0,繊維製品,74.6,1521.0,1445.0,SL(-5%),2026-02-24,10000000.0,1430,9500328.731097963,1430,-502531.2689020373
2026-02-13,40130,情報･通信業,71.9,725.0,688.8,SL(-5%),2026-02-24,10000000.0,1430,9500689.655172413,1430,-502170.3448275868
2026-02-13,36960,情報･通信業,71.3,1617.0,1536.1,SL(-5%),2026-02-24,10000000.0,1430,9499690.78540507,1430,-503169.2145949304
2026-02-16,40690,情報･通信業,84.0,1030.0,978.5,SL(-5%),2026-02-18,10000000.0,1430,9500000.0,1430,-502860.0
2026-02-16,81650,小売業,83.4,151.0,143.4,SL(-5%),2026-02-20,10000000.0,1430,9496688.741721855,1430,-506171.2582781445
2026-02-16,298A0,情報･通信業,90.4,380.0,361.0,SL(-5%),2026-02-17,10000000.0,1430,9500000.0,1430,-502860.0
2026-02-16,45710,医薬品,81.5,153.0,168.3,TP(+10%),2026-02-18,10000000.0,1430,11000000.0,1430,997140.0
2026-02-16,77760,精密機器,86.5,360.0,342.0,SL(-5%),2026-02-17,10000000.0,1430,9500000.0,1430,-502860.0
2026-02-16,41790,情報･通信業,72.7,299.0,284.1,SL(-5%),2026-02-20,10000000.0,1430,9501672.240802677,1430,-501187.75919732265
2026-02-16,65600,サービス業,85.4,1696.0,1611.2,SL(-5%),2026-02-18,10000000.0,1430,9500000.0,1430,-502860.0
2026-02-16,23300,情報･通信業,74.5,131.0,124.4,SL(-5%),2026-02-17,10000000.0,1430,9496183.206106871,1430,-506676.79389312863
2026-02-16,93370,サービス業,71.0,2022.0,1920.9,SL(-5%),2026-02-20,10000000.0,1430,9500000.0,1430,-502860.0
2026-02-16,91620,サービス業,77.5,264.0,250.8,SL(-5%),2026-02-17,10000000.0,1430,9500000.0,1430,-502860.0
2026-02-16,70720,サービス業,73.1,986.0,936.7,SL(-5%),2026-02-17,10000000.0,1430,9500000.0,1430,-502860.0
2026-02-16,438A0,情報･通信業,77.8,1172.0,1113.4,SL(-5%),2026-02-17,10000000.0,1430,9500000.0,1430,-502860.0
2026-02-16,196A0,その他金融業,75.3,310.0,294.5,SL(-5%),2026-02-19,10000000.0,1430,9500000.0,1430,-502860.0
2026-02-16,52550,情報･通信業,75.7,137.0,130.2,SL(-5%),2026-02-18,10000000.0,1430,9503649.635036495,1430,-499210.3649635054
2026-02-16,264A0,サービス業,88.3,599.0,569.0,SL(-5%),2026-02-17,10000000.0,1430,9499165.275459098,1430,-503694.7245409023
2026-02-16,44800,情報･通信業,75.4,1888.0,2076.8,TP(+10%),2026-02-18,10000000.0,1430,11000000.0,1430,997140.0
2026-02-16,27000,卸売業,73.6,2180.0,2071.0,SL(-5%),2026-02-17,10000000.0,1430,9500000.0,1430,-502860.0
2026-02-16,55880,情報･通信業,73.6,888.0,843.6,SL(-5%),2026-02-17,10000000.0,1430,9500000.0,1430,-502860.0
2026-02-16,78140,その他製品,69.5,668.0,634.6,SL(-5%),2026-02-19,10000000.0,1430,9500000.0,1430,-502860.0
2026-02-16,39260,情報･通信業,81.3,330.0,363.0,TP(+10%),2026-02-18,10000000.0,1430,11000000.0,1430,997140.0
2026-02-16,65740,サービス業,76.8,149.0,141.5,SL(-5%),2026-02-17,10000000.0,1430,9496644.295302013,1430,-506215.70469798706
2026-02-16,38100,情報･通信業,81.9,253.0,240.3,SL(-5%),2026-02-17,10000000.0,1430,9498023.71541502,1430,-504836.28458498046
2026-02-16,39000,情報･通信業,72.7,676.0,642.2,SL(-5%),2026-02-18,10000000.0,1430,9500000.0,1430,-502860.0
2026-02-16,55910,情報･通信業,70.4,1058.0,1005.1,SL(-5%),2026-02-24,10000000.0,1430,9500000.0,1430,-502860.0
2026-02-16,93990,情報･通信業,89.2,18.0,19.8,TP(+10%),2026-02-17,10000000.0,1430,11000000.0,1430,997140.0
2026-02-16,44160,情報･通信業,81.1,524.0,576.4,TP(+10%),2026-02-17,10000000.0,1430,10999999.999999998,1430,997139.9999999981
2026-02-16,95520,サービス業,82.9,855.0,812.2,SL(-5%),2026-02-17,10000000.0,1430,9499415.204678362,1430,-503444.79532163776
2026-02-16,31330,小売業,86.6,384.0,364.8,SL(-5%),2026-02-17,10000000.0,1430,9500000.0,1430,-502860.0
2026-02-16,81360,卸売業,66.9,1138.4,1081.5,SL(-5%),2026-02-20,10000000.0,1430,9500175.68517217,1430,-502684.3148278296
2026-02-16,155A0,情報･通信業,80.7,1042.0,989.9,SL(-5%),2026-02-17,10000000.0,1430,9500000.0,1430,-502860.0
2026-02-16,48110,情報･通信業,77.4,745.0,819.5,TP(+10%),2026-02-17,10000000.0,1430,11000000.0,1430,997140.0
2026-02-16,262A0,小売業,72.3,1994.0,1894.3,SL(-5%),2026-02-19,10000000.0,1430,9500000.0,1430,-502860.0
2026-02-16,247A0,化学,78.0,1464.0,1390.8,SL(-5%),2026-02-17,10000000.0,1430,9500000.0,1430,-502860.0
2026-02-16,330A0,情報･通信業,76.9,653.0,620.4,SL(-5%),2026-02-19,10000000.0,1430,9500765.696784073,1430,-502094.3032159265
2026-02-16,95540,サービス業,74.2,1458.0,1385.1,SL(-5%),2026-02-17,10000000.0,1430,9500000.0,1430,-502860.0
2026-02-16,145A0,情報･通信業,74.5,954.0,906.3,SL(-5%),2026-02-17,10000000.0,1430,9500000.0,1430,-502860.0
2026-02-16,41650,情報･通信業,72.1,533.0,506.3,SL(-5%),2026-02-17,10000000.0,1430,9499061.91369606,1430,-503798.08630394004
2026-02-16,65800,サービス業,68.7,2034.0,1932.3,SL(-5%),2026-02-17,10000000.0,1430,9500000.0,1430,-502860.0
2026-02-16,44490,その他,73.4,1021.0,969.9,SL(-5%),2026-02-24,10000000.0,1430,9499510.28403526,1430,-503349.71596474014
2026-02-16,50280,情報･通信業,70.8,448.0,425.6,SL(-5%),2026-02-17,10000000.0,1430,9500000.0,1430,-502860.0
2026-02-16,25850,食料品,77.7,1224.0,1346.4,TP(+10%),2026-02-17,10000000.0,1430,11000000.0,1430,997140.0
2026-02-16,50270,情報･通信業,82.1,542.0,514.9,SL(-5%),2026-02-17,10000000.0,1430,9500000.0,1430,-502860.0
2026-02-16,58920,小売業,68.7,2440.0,2318.0,SL(-5%),2026-02-17,10000000.0,1430,9500000.0,1430,-502860.0
2026-02-16,36720,情報･通信業,68.2,48.0,45.6,SL(-5%),2026-02-20,10000000.0,1430,9500000.0,1430,-502860.0
2026-02-16,206A0,医薬品,77.4,216.0,237.6,TP(+10%),2026-02-18,10000000.0,1430,11000000.0,1430,997140.0
2026-02-16,50380,情報･通信業,62.9,2072.0,1968.4,SL(-5%),2026-02-17,10000000.0,1430,9500000.0,1430,-502860.0
2026-02-16,431A0,情報･通信業,66.1,1817.0,1998.7,TP(+10%),2026-02-19,10000000.0,1430,11000000.0,1430,997140.0
2026-02-16,72730,輸送用機器,65.3,800.0,760.0,SL(-5%),2026-02-17,10000000.0,1430,9500000.0,1430,-502860.0
2026-02-16,38560,電気機器,81.9,540.0,513.0,SL(-5%),2026-02-17,10000000.0,1430,9500000.0,1430,-502860.0
2026-02-16,63300,建設業,78.4,4555.0,4327.2,SL(-5%),2026-02-17,10000000.0,1430,9499890.230515916,1430,-502969.7694840841
2026-02-16,92110,サービス業,68.3,1520.0,1444.0,SL(-5%),2026-02-17,10000000.0,1430,9500000.0,1430,-502860.0
2026-02-16,60220,機械,66.7,3840.0,3648.0,SL(-5%),2026-02-17,10000000.0,1430,9500000.0,1430,-502860.0
2026-02-16,22160,食料品,65.9,1409.0,1338.5,SL(-5%),2026-02-20,10000000.0,1430,9499645.138396027,1430,-503214.86160397343
2026-02-16,44480,情報･通信業,65.8,323.0,306.8,SL(-5%),2026-02-17,10000000.0,1430,9498452.0123839,1430,-504407.9876160994
2026-02-16,44770,情報･通信業,63.3,334.0,317.3,SL(-5%),2026-02-17,10000000.0,1430,9500000.0,1430,-502860.0
2026-02-16,45960,医薬品,78.3,176.0,193.6,TP(+10%),2026-02-17,10000000.0,1430,10999999.999999998,1430,997139.9999999981
2026-02-16,40190,情報･通信業,66.4,760.0,722.0,SL(-5%),2026-02-18,10000000.0,1430,9500000.0,1430,-502860.0
2026-02-16,153A0,情報･通信業,72.6,1149.0,1091.5,SL(-5%),2026-02-17,10000000.0,1430,9499564.838990426,1430,-503295.1610095743
2026-02-16,25860,食料品,73.7,129.0,122.5,SL(-5%),2026-02-19,10000000.0,1430,9496124.031007752,1430,-506735.9689922482
2026-02-16,95570,サービス業,71.6,215.0,236.5,TP(+10%),2026-02-20,10000000.0,1430,11000000.0,1430,997140.0
2026-02-16,219A0,医薬品,74.4,1990.0,1890.5,SL(-5%),2026-02-24,10000000.0,1430,9500000.0,1430,-502860.0
2026-02-16,73830,その他金融業,70.1,538.0,511.1,SL(-5%),2026-02-17,10000000.0,1430,9500000.0,1430,-502860.0
2026-02-16,73520,サービス業,74.7,639.0,607.0,SL(-5%),2026-02-20,10000000.0,1430,9499217.52738654,1430,-503642.47261345945
2026-02-16,81070,繊維製品,70.5,38.0,36.1,SL(-5%),2026-02-19,10000000.0,1430,9500000.0,1430,-502860.0
2026-02-16,23340,サービス業,73.5,389.0,427.9,TP(+10%),2026-02-17,10000000.0,1430,10999999.999999998,1430,997139.9999999981
2026-02-16,338A0,情報･通信業,66.3,3200.0,3520.0,TP(+10%),2026-02-18,10000000.0,1430,11000000.0,1430,997140.0
2026-02-16,58560,その他,67.6,24.0,22.8,SL(-5%),2026-02-19,10000000.0,1430,9500000.0,1430,-502860.0
2026-02-16,29980,不動産業,62.4,866.0,822.7,SL(-5%),2026-02-17,10000000.0,1430,9500000.0,1430,-502860.0
2026-02-16,336A0,情報･通信業,73.6,631.0,694.1,TP(+10%),2026-02-18,10000000.0,1430,11000000.0,1430,997140.0
2026-01-16,67720,電気機器,77.3,1442.0,1369.9,SL(-5%),2026-02-25,10000000.0,1430,9500000.0,1430,-502860.0
2026-02-04,76890,卸売業,73.8,451.0,496.1,TP(+10%),2026-02-25,10000000.0,1430,11000000.0,1430,997140.0
2026-02-13,36520,情報･通信業,68.1,2092.0,2301.2,TP(+10%),2026-02-25,10000000.0,1430,10999999.999999998,1430,997139.9999999981
2026-02-13,44990,情報･通信業,72.7,2168.0,2384.8,TP(+10%),2026-02-25,10000000.0,1430,11000000.0,1430,997140.0
2026-02-13,52540,情報･通信業,65.6,3765.0,4141.5,TP(+10%),2026-02-25,10000000.0,1430,11000000.0,1430,997140.0
2026-02-17,65730,サービス業,95.0,71.0,67.5,SL(-5%),2026-02-18,10000000.0,1430,9507042.253521126,1430,-495817.74647887424
2026-02-17,352A0,サービス業,93.5,760.0,836.0,TP(+10%),2026-02-19,10000000.0,1430,11000000.0,1430,997140.0
2026-02-17,70480,サービス業,87.1,226.0,214.7,SL(-5%),2026-02-19,10000000.0,1430,9500000.0,1430,-502860.0
2026-02-17,49350,化学,90.1,403.0,382.8,SL(-5%),2026-02-18,10000000.0,1430,9498759.305210918,1430,-504100.6947890818
2026-02-17,421A0,サービス業,81.9,1781.0,1959.1,TP(+10%),2026-02-20,10000000.0,1430,10999999.999999998,1430,997139.9999999981
2026-02-17,78150,その他製品,87.6,390.0,429.0,TP(+10%),2026-02-19,10000000.0,1430,11000000.0,1430,997140.0
2026-02-17,31350,小売業,75.8,1004.0,1104.4,TP(+10%),2026-02-19,10000000.0,1430,11000000.0,1430,997140.0
2026-02-17,23420,サービス業,80.2,329.0,312.6,SL(-5%),2026-02-18,10000000.0,1430,9501519.756838907,1430,-501340.24316109344
2026-02-17,45700,医薬品,85.1,2025.0,1923.8,SL(-5%),2026-02-18,10000000.0,1430,9500246.913580246,1430,-502613.08641975373
2026-02-17,65800,サービス業,74.8,1841.0,1748.9,SL(-5%),2026-02-19,10000000.0,1430,9499728.408473657,1430,-503131.59152634256
2026-02-17,93990,情報･通信業,89.2,22.0,24.2,TP(+10%),2026-02-18,10000000.0,1430,10999999.999999998,1430,997139.9999999981
2026-02-17,438A0,情報･通信業,66.9,1081.0,1027.0,SL(-5%),2026-02-18,10000000.0,1430,9500462.534690103,1430,-502397.46530989744
2026-02-17,45710,医薬品,67.4,163.0,179.3,TP(+10%),2026-02-19,10000000.0,1430,11000000.0,1430,997140.0
2026-02-17,50270,情報･通信業,76.0,492.0,467.4,SL(-5%),2026-02-20,10000000.0,1430,9500000.0,1430,-502860.0
2026-02-17,95640,サービス業,67.8,520.0,572.0,TP(+10%),2026-02-20,10000000.0,1430,11000000.0,1430,997140.0
2026-02-17,26730,小売業,68.5,227.0,215.6,SL(-5%),2026-02-18,10000000.0,1430,9497797.356828194,1430,-505062.6431718059
2026-02-17,97040,サービス業,68.6,49.0,46.5,SL(-5%),2026-02-19,10000000.0,1430,9489795.918367347,1430,-513064.08163265325
2026-02-17,95520,サービス業,72.4,777.0,738.1,SL(-5%),2026-02-19,10000000.0,1430,9499356.499356499,1430,-503503.50064350106
2026-02-17,37530,情報･通信業,67.4,145.0,159.5,TP(+10%),2026-02-18,10000000.0,1430,11000000.0,1430,997140.0
2026-02-17,39050,情報･通信業,69.4,1925.0,1828.8,SL(-5%),2026-02-24,10000000.0,1430,9500259.74025974,1430,-502600.2597402595
2026-02-17,39260,情報･通信業,71.1,352.0,387.2,TP(+10%),2026-02-18,10000000.0,1430,10999999.999999998,1430,997139.9999999981
2026-02-17,48110,情報･通信業,70.5,779.0,856.9,TP(+10%),2026-02-25,10000000.0,1430,10999999.999999998,1430,997139.9999999981
2026-02-17,39000,情報･通信業,67.9,646.0,613.7,SL(-5%),2026-02-19,10000000.0,1430,9500000.0,1430,-502860.0
2026-02-17,37910,情報･通信業,68.1,1279.0,1215.0,SL(-5%),2026-02-24,10000000.0,1430,9499609.069585614,1430,-503250.9304143861
2026-02-17,52460,情報･通信業,66.6,714.0,785.4,TP(+10%),2026-02-18,10000000.0,1430,10999999.999999998,1430,997139.9999999981
2026-02-17,88940,不動産業,71.3,50.0,47.5,SL(-5%),2026-02-25,10000000.0,1430,9500000.0,1430,-502860.0
2026-02-17,78590,その他製品,74.4,216.0,205.2,SL(-5%),2026-02-19,10000000.0,1430,9500000.0,1430,-502860.0
2026-02-17,155A0,情報･通信業,69.1,959.0,911.0,SL(-5%),2026-02-18,10000000.0,1430,9499478.623566214,1430,-503381.376433786
2026-02-17,44160,情報･通信業,70.9,551.0,523.4,SL(-5%),2026-02-25,10000000.0,1430,9499092.558983667,1430,-503767.4410163332
2026-02-17,52550,情報･通信業,72.5,135.0,128.2,SL(-5%),2026-02-18,10000000.0,1430,9496296.296296297,1430,-506563.70370370336
2026-02-17,29980,不動産業,66.4,807.0,766.6,SL(-5%),2026-02-20,10000000.0,1430,9499380.421313507,1430,-503479.5786864925
2026-02-17,45840,医薬品,67.6,278.0,264.1,SL(-5%),2026-02-20,10000000.0,1430,9500000.0,1430,-502860.0
2026-02-16,56210,情報･通信業,80.8,1361.0,1497.1,TP(+10%),2026-02-26,10000000.0,1430,10999999.999999998,1430,997139.9999999981
2026-02-18,37530,情報･通信業,93.0,167.0,158.7,SL(-5%),2026-02-19,10000000.0,1430,9502994.011976046,1430,-499865.9880239535
2026-02-18,45820,医薬品,91.0,121.0,133.1,TP(+10%),2026-02-19,10000000.0,1430,10999999.999999998,1430,997139.9999999981
2026-02-18,52460,情報･通信業,86.6,758.0,720.1,SL(-5%),2026-02-19,10000000.0,1430,9500000.0,1430,-502860.0
2026-02-18,350A0,電気･ガス業,84.7,915.0,869.2,SL(-5%),2026-02-19,10000000.0,1430,9499453.551912569,1430,-503406.4480874315
2026-02-18,79460,その他製品,78.0,467.0,443.6,SL(-5%),2026-02-19,10000000.0,1430,9498929.336188437,1430,-503930.6638115626
2026-02-18,39260,情報･通信業,84.9,399.0,379.0,SL(-5%),2026-02-19,10000000.0,1430,9498746.86716792,1430,-504113.1328320801
2026-02-18,95610,サービス業,88.0,504.0,478.8,SL(-5%),2026-02-19,10000000.0,1430,9500000.0,1430,-502860.0
2026-02-18,41990,情報･通信業,82.4,1176.0,1293.6,TP(+10%),2026-02-19,10000000.0,1430,10999999.999999998,1430,997139.9999999981
2026-02-18,43160,情報･通信業,81.6,1439.0,1367.0,SL(-5%),2026-02-19,10000000.0,1430,9499652.53648367,1430,-503207.46351633035
2026-02-18,40690,情報･通信業,73.1,973.0,1070.3,TP(+10%),2026-02-19,10000000.0,1430,10999999.999999998,1430,997139.9999999981
2026-02-18,52580,情報･通信業,68.4,334.0,317.3,SL(-5%),2026-02-19,10000000.0,1430,9500000.0,1430,-502860.0
2026-02-18,338A0,情報･通信業,78.5,3595.0,3415.2,SL(-5%),2026-02-19,10000000.0,1430,9499860.917941585,1430,-502999.0820584148
2026-02-18,87460,証券･商品先物取引業,82.7,335.0,318.2,SL(-5%),2026-02-24,10000000.0,1430,9498507.462686567,1430,-504352.53731343336
2026-02-18,269A0,情報･通信業,78.8,2402.0,2281.9,SL(-5%),2026-02-25,10000000.0,1430,9500000.0,1430,-502860.0
2026-02-18,93990,情報･通信業,86.9,31.0,34.1,TP(+10%),2026-02-19,10000000.0,1430,11000000.0,1430,997140.0
2026-02-18,48820,医薬品,72.0,241.0,228.9,SL(-5%),2026-02-24,10000000.0,1430,9497925.31120332,1430,-504934.6887966804
2026-02-18,77710,精密機器,76.6,436.0,414.2,SL(-5%),2026-02-19,10000000.0,1430,9500000.0,1430,-502860.0
2026-02-18,45700,医薬品,68.8,1831.0,1739.4,SL(-5%),2026-02-20,10000000.0,1430,9499726.9251775,1430,-503133.07482250035
2026-02-18,48190,情報･通信業,69.5,2159.0,2051.0,SL(-5%),2026-02-20,10000000.0,1430,9499768.411301527,1430,-503091.5886984728
2026-02-18,44360,情報･通信業,69.0,486.0,461.7,SL(-5%),2026-02-20,10000000.0,1430,9500000.0,1430,-502860.0
2026-02-18,55880,情報･通信業,68.7,771.0,848.1,TP(+10%),2026-02-20,10000000.0,1430,11000000.0,1430,997140.0
2026-02-18,247A0,化学,70.3,1220.0,1342.0,TP(+10%),2026-02-20,10000000.0,1430,11000000.0,1430,997140.0
2026-02-18,336A0,情報･通信業,75.5,734.0,697.3,SL(-5%),2026-02-19,10000000.0,1430,9500000.0,1430,-502860.0
2026-02-18,50270,情報･通信業,67.0,489.0,464.5,SL(-5%),2026-02-24,10000000.0,1430,9498977.505112475,1430,-503882.4948875252
2026-02-18,49350,化学,68.6,376.0,357.2,SL(-5%),2026-02-19,10000000.0,1430,9500000.0,1430,-502860.0
2026-02-18,95640,サービス業,63.7,535.0,588.5,TP(+10%),2026-02-20,10000000.0,1430,11000000.0,1430,997140.0
2026-02-04,44130,情報･通信業,65.0,1753.0,1928.3,TP(+10%),2026-02-27,10000000.0,1430,11000000.0,1430,997140.0
2026-02-12,48890,医薬品,78.9,1765.0,1941.5,TP(+10%),2026-02-27,10000000.0,1430,11000000.0,1430,997140.0
2026-02-13,28130,食料品,80.9,3450.0,3795.0,TP(+10%),2026-02-27,10000000.0,1430,11000000.0,1430,997140.0
2026-02-13,68690,電気機器,76.3,1301.0,1431.1,TP(+10%),2026-02-27,10000000.0,1430,10999999.999999998,1430,997139.9999999981
2026-02-16,55900,情報･通信業,65.8,769.0,845.9,TP(+10%),2026-02-27,10000000.0,1430,10999999.999999998,1430,997139.9999999981
2026-02-17,92410,サービス業,96.7,1666.0,1582.7,SL(-5%),2026-02-27,10000000.0,1430,9500000.0,1430,-502860.0
2026-02-17,50290,情報･通信業,79.3,568.0,624.8,TP(+10%),2026-02-27,10000000.0,1430,10999999.999999998,1430,997139.9999999981
2026-02-18,421A0,サービス業,63.6,1889.0,2077.9,TP(+10%),2026-02-27,10000000.0,1430,11000000.0,1430,997140.0
2026-02-19,31350,小売業,82.4,1030.0,978.5,SL(-5%),2026-02-24,10000000.0,1430,9500000.0,1430,-502860.0
2026-02-19,45830,医薬品,72.8,124.0,117.8,SL(-5%),2026-02-20,10000000.0,1430,9500000.0,1430,-502860.0
2026-02-19,94440,情報･通信業,71.9,374.0,355.3,SL(-5%),2026-02-20,10000000.0,1430,9500000.0,1430,-502860.0
2026-02-19,58560,その他,88.2,20.0,19.0,SL(-5%),2026-02-20,10000000.0,1430,9500000.0,1430,-502860.0
2026-02-19,52550,情報･通信業,78.5,108.0,118.8,TP(+10%),2026-02-20,10000000.0,1430,11000000.0,1430,997140.0
2026-02-19,350A0,電気･ガス業,77.6,914.0,868.3,SL(-5%),2026-02-20,10000000.0,1430,9500000.0,1430,-502860.0
2026-02-19,145A0,情報･通信業,71.0,820.0,779.0,SL(-5%),2026-02-24,10000000.0,1430,9500000.0,1430,-502860.0
2026-02-19,78150,その他製品,76.9,392.0,372.4,SL(-5%),2026-02-20,10000000.0,1430,9500000.0,1430,-502860.0
2026-02-19,95540,サービス業,66.4,1361.0,1497.1,TP(+10%),2026-02-26,10000000.0,1430,10999999.999999998,1430,997139.9999999981
2026-02-19,338A0,情報･通信業,74.2,3490.0,3315.5,SL(-5%),2026-02-20,10000000.0,1430,9500000.0,1430,-502860.0
2026-02-19,29980,不動産業,68.4,788.0,748.6,SL(-5%),2026-02-24,10000000.0,1430,9500000.0,1430,-502860.0
2026-02-19,93990,情報･通信業,85.4,34.0,32.3,SL(-5%),2026-02-20,10000000.0,1430,9500000.0,1430,-502860.0
2026-02-19,71380,小売業,68.8,325.0,308.8,SL(-5%),2026-02-20,10000000.0,1430,9501538.461538462,1430,-501321.53846153803
2026-02-19,431A0,情報･通信業,67.3,1843.0,1750.8,SL(-5%),2026-02-24,10000000.0,1430,9499728.703201301,1430,-503131.2967986986
2026-02-19,40690,情報･通信業,70.9,991.0,941.4,SL(-5%),2026-02-24,10000000.0,1430,9499495.45913219,1430,-503364.5408678092
2026-02-19,196A0,その他金融業,67.1,300.0,285.0,SL(-5%),2026-02-20,10000000.0,1430,9500000.0,1430,-502860.0
2026-02-19,77760,精密機器,68.3,351.0,386.1,TP(+10%),2026-02-20,10000000.0,1430,11000000.0,1430,997140.0
2026-02-19,52460,情報･通信業,64.9,704.0,668.8,SL(-5%),2026-02-20,10000000.0,1430,9500000.0,1430,-502860.0
2026-02-19,198A0,情報･通信業,80.8,331.0,364.1,TP(+10%),2026-02-20,10000000.0,1430,11000000.0,1430,997140.0
2026-02-19,50270,情報･通信業,65.9,504.0,478.8,SL(-5%),2026-02-20,10000000.0,1430,9500000.0,1430,-502860.0
2026-02-19,438A0,情報･通信業,63.1,960.0,912.0,SL(-5%),2026-02-20,10000000.0,1430,9500000.0,1430,-502860.0
2026-02-19,92380,サービス業,65.3,1283.0,1218.8,SL(-5%),2026-02-24,10000000.0,1430,9499610.288386595,1430,-503249.7116134055
2026-02-19,37530,情報･通信業,67.5,157.0,149.2,SL(-5%),2026-02-24,10000000.0,1430,9503184.713375796,1430,-499675.28662420437
2026-01-19,70830,サービス業,63.9,857.0,814.1,SL(-5%),2026-03-02,10000000.0,1430,9499416.569428239,1430,-503443.430571761
2026-02-06,62280,機械,82.5,666.0,732.6,TP(+10%),2026-03-02,10000000.0,1430,11000000.0,1430,997140.0
2026-02-16,60300,サービス業,78.7,1980.0,1881.0,SL(-5%),2026-03-02,10000000.0,1430,9500000.0,1430,-502860.0
2026-02-17,262A0,小売業,62.0,1977.0,1878.1,SL(-5%),2026-03-02,10000000.0,1430,9499747.091552857,1430,-503112.9084471427
2026-02-19,70740,サービス業,82.3,218.0,207.1,SL(-5%),2026-03-02,10000000.0,1430,9500000.0,1430,-502860.0
2026-02-20,89460,不動産業,87.1,84.0,92.4,TP(+10%),2026-02-24,10000000.0,1430,11000000.0,1430,997140.0
2026-02-20,89120,不動産業,84.2,173.0,164.3,SL(-5%),2026-02-24,10000000.0,1430,9497109.826589596,1430,-505750.1734104045
2026-02-20,52550,情報･通信業,92.0,120.0,114.0,SL(-5%),2026-02-24,10000000.0,1430,9500000.0,1430,-502860.0
2026-02-20,77760,精密機器,88.3,349.0,331.6,SL(-5%),2026-02-24,10000000.0,1430,9501432.664756447,1430,-501427.3352435529
2026-02-20,39960,情報･通信業,85.7,286.0,314.6,TP(+10%),2026-02-24,10000000.0,1430,11000000.0,1430,997140.0
2026-02-20,48960,医薬品,76.0,757.0,832.7,TP(+10%),2026-02-25,10000000.0,1430,11000000.0,1430,997140.0
2026-02-20,76940,小売業,87.2,660.0,627.0,SL(-5%),2026-02-24,10000000.0,1430,9500000.0,1430,-502860.0
2026-02-20,78310,その他製品,68.1,95.0,90.2,SL(-5%),2026-02-24,10000000.0,1430,9494736.842105264,1430,-508123.15789473616
2026-02-20,198A0,情報･通信業,87.0,264.0,250.8,SL(-5%),2026-02-24,10000000.0,1430,9500000.0,1430,-502860.0
2026-02-20,48910,医薬品,67.5,142.0,156.2,TP(+10%),2026-02-27,10000000.0,1430,10999999.999999998,1430,997139.9999999981
2026-02-20,31330,小売業,80.8,374.0,355.3,SL(-5%),2026-02-24,10000000.0,1430,9500000.0,1430,-502860.0
2026-02-20,38070,情報･通信業,66.8,117.0,111.1,SL(-5%),2026-02-24,10000000.0,1430,9495726.495726496,1430,-507133.504273504
2026-02-20,70630,サービス業,74.2,110.0,104.5,SL(-5%),2026-02-24,10000000.0,1430,9500000.0,1430,-502860.0
2026-02-20,45830,医薬品,68.7,115.0,109.2,SL(-5%),2026-02-27,10000000.0,1430,9495652.173913045,1430,-507207.82608695515
2026-02-20,45940,医薬品,71.0,67.0,63.6,SL(-5%),2026-02-25,10000000.0,1430,9492537.313432837,1430,-510322.6865671631
2026-02-20,55880,情報･通信業,68.7,822.0,780.9,SL(-5%),2026-02-24,10000000.0,1430,9500000.0,1430,-502860.0
2026-02-20,52460,情報･通信業,75.5,607.0,667.7,TP(+10%),2026-03-02,10000000.0,1430,11000000.0,1430,997140.0
2026-02-20,206A0,医薬品,70.7,204.0,193.8,SL(-5%),2026-02-24,10000000.0,1430,9500000.0,1430,-502860.0
2026-02-20,95640,サービス業,66.9,586.0,556.7,SL(-5%),2026-02-24,10000000.0,1430,9500000.0,1430,-502860.0
2026-02-20,92290,サービス業,67.6,274.0,260.3,SL(-5%),2026-02-24,10000000.0,1430,9500000.0,1430,-502860.0
2026-02-20,45930,医薬品,73.8,358.0,393.8,TP(+10%),2026-02-27,10000000.0,1430,11000000.0,1430,997140.0
2025-12-18,81660,小売業,91.7,84.0,79.8,SL(-5%),2026-03-03,10000000.0,1430,9500000.0,1430,-502860.0
2026-01-08,81430,繊維製品,66.3,215.0,204.2,SL(-5%),2026-03-03,10000000.0,1430,9497674.41860465,1430,-505185.5813953504
2026-02-10,70930,サービス業,71.0,599.0,569.0,SL(-5%),2026-03-03,10000000.0,1430,9499165.275459098,1430,-503694.7245409023
2026-02-16,87690,サービス業,68.5,532.0,505.4,SL(-5%),2026-03-03,10000000.0,1430,9500000.0,1430,-502860.0
2026-02-16,36940,情報･通信業,64.4,468.0,444.6,SL(-5%),2026-03-03,10000000.0,1430,9500000.0,1430,-502860.0
2026-02-17,298A0,情報･通信業,86.9,357.0,392.7,TP(+10%),2026-03-03,10000000.0,1430,10999999.999999998,1430,997139.9999999981
2026-02-17,99730,小売業,68.7,27.0,25.6,SL(-5%),2026-03-03,10000000.0,1430,9481481.481481481,1430,-521378.51851851866
2026-02-18,352A0,サービス業,75.5,793.0,753.3,SL(-5%),2026-03-03,10000000.0,1430,9499369.48297604,1430,-503490.5170239601
2026-02-20,94440,情報･通信業,67.8,356.0,391.6,TP(+10%),2026-03-03,10000000.0,1430,11000000.0,1430,997140.0
2026-02-24,95570,サービス業,94.0,260.0,247.0,SL(-5%),2026-02-25,10000000.0,1430,9500000.0,1430,-502860.0
2026-02-24,39960,情報･通信業,79.9,298.0,283.1,SL(-5%),2026-02-25,10000000.0,1430,9500000.0,1430,-502860.0
2026-02-24,66960,電気機器,84.6,420.0,399.0,SL(-5%),2026-02-25,10000000.0,1430,9500000.0,1430,-502860.0
2026-02-24,77940,その他製品,82.2,1451.0,1378.5,SL(-5%),2026-02-25,10000000.0,1430,9500344.589937974,1430,-502515.41006202623
2026-02-24,78310,その他製品,64.7,96.0,91.2,SL(-5%),2026-02-26,10000000.0,1430,9500000.0,1430,-502860.0
2026-02-24,65800,サービス業,77.8,1503.0,1653.3,TP(+10%),2026-02-26,10000000.0,1430,10999999.999999998,1430,997139.9999999981
2026-02-24,55990,情報･通信業,80.7,1420.0,1562.0,TP(+10%),2026-02-25,10000000.0,1430,11000000.0,1430,997140.0
2026-02-24,49350,化学,83.0,353.0,335.3,SL(-5%),2026-03-03,10000000.0,1430,9498583.5694051,1430,-504276.4305949006
2026-02-24,55910,情報･通信業,75.3,936.0,1029.6,TP(+10%),2026-02-27,10000000.0,1430,10999999.999999998,1430,997139.9999999981
2026-02-24,44170,情報･通信業,74.6,2260.0,2486.0,TP(+10%),2026-02-26,10000000.0,1430,11000000.0,1430,997140.0
2026-02-24,70630,サービス業,79.2,99.0,108.9,TP(+10%),2026-02-25,10000000.0,1430,11000000.0,1430,997140.0
2026-02-24,47040,情報･通信業,70.6,4906.0,5396.6,TP(+10%),2026-02-27,10000000.0,1430,11000000.0,1430,997140.0
2026-02-24,87460,証券･商品先物取引業,81.6,301.0,331.1,TP(+10%),2026-03-02,10000000.0,1430,11000000.0,1430,997140.0
2026-02-24,42580,情報･通信業,63.3,2725.0,2588.8,SL(-5%),2026-02-25,10000000.0,1430,9500183.486238532,1430,-502676.51376146823
2026-02-24,31330,小売業,73.9,333.0,366.3,TP(+10%),2026-02-25,10000000.0,1430,11000000.0,1430,997140.0
2026-02-24,48940,医薬品,66.4,7230.0,7953.0,TP(+10%),2026-02-27,10000000.0,1430,11000000.0,1430,997140.0
2026-02-24,44480,情報･通信業,65.5,277.0,304.7,TP(+10%),2026-02-26,10000000.0,1430,10999999.999999998,1430,997139.9999999981
2026-02-24,94250,情報･通信業,74.5,326.0,358.6,TP(+10%),2026-02-26,10000000.0,1430,11000000.0,1430,997140.0
2026-02-24,89120,不動産業,67.1,177.0,168.2,SL(-5%),2026-02-26,10000000.0,1430,9502824.858757062,1430,-500035.1412429381
2026-02-24,95610,サービス業,76.4,418.0,459.8,TP(+10%),2026-02-26,10000000.0,1430,11000000.0,1430,997140.0
2025-11-17,36250,情報･通信業,64.1,656.0,623.2,SL(-5%),2026-03-04,10000000.0,1430,9500000.0,1430,-502860.0
2025-12-26,23880,その他金融業,92.2,63.0,59.8,SL(-5%),2026-03-04,10000000.0,1430,9492063.492063493,1430,-510796.50793650746
2025-12-30,23750,サービス業,79.3,221.0,209.9,SL(-5%),2026-03-04,10000000.0,1430,9497737.556561086,1430,-505122.4434389137
2026-02-09,41690,情報･通信業,73.2,260.0,247.0,SL(-5%),2026-03-04,10000000.0,1430,9500000.0,1430,-502860.0
2026-02-09,40720,情報･通信業,64.7,2974.0,2825.3,SL(-5%),2026-03-04,10000000.0,1430,9500000.0,1430,-502860.0
2026-02-12,27210,卸売業,85.1,178.0,169.1,SL(-5%),2026-03-04,10000000.0,1430,9500000.0,1430,-502860.0
2026-02-13,55920,情報･通信業,76.8,2576.0,2447.2,SL(-5%),2026-03-04,10000000.0,1430,9500000.0,1430,-502860.0
2026-02-13,65630,サービス業,66.8,601.0,570.9,SL(-5%),2026-03-04,10000000.0,1430,9499168.053244593,1430,-503691.9467554074
2026-02-16,44870,情報･通信業,67.7,302.0,286.9,SL(-5%),2026-03-04,10000000.0,1430,9500000.0,1430,-502860.0
2026-02-16,39130,情報･通信業,75.1,1058.0,1005.1,SL(-5%),2026-03-04,10000000.0,1430,9500000.0,1430,-502860.0
2026-02-16,36830,情報･通信業,69.7,1165.0,1106.8,SL(-5%),2026-03-04,10000000.0,1430,9500429.184549356,1430,-502430.8154506441
2026-02-16,387A0,情報･通信業,71.6,1205.0,1144.8,SL(-5%),2026-03-04,10000000.0,1430,9500414.937759336,1430,-502445.0622406639
2026-02-16,40740,情報･通信業,65.4,720.0,684.0,SL(-5%),2026-03-04,10000000.0,1430,9500000.0,1430,-502860.0
2026-02-16,91450,陸運業,65.4,768.0,729.6,SL(-5%),2026-03-04,10000000.0,1430,9500000.0,1430,-502860.0
2026-02-16,51250,情報･通信業,66.3,676.0,642.2,SL(-5%),2026-03-04,10000000.0,1430,9500000.0,1430,-502860.0
2026-02-16,410A0,サービス業,65.8,1107.0,1051.6,SL(-5%),2026-03-04,10000000.0,1430,9499548.32881662,1430,-503311.67118337937
2026-02-17,39300,情報･通信業,80.9,943.0,895.8,SL(-5%),2026-03-04,10000000.0,1430,9499469.77730647,1430,-503390.22269353084
2026-02-17,59870,金属製品,87.5,1909.0,1813.5,SL(-5%),2026-03-04,10000000.0,1430,9499738.082765846,1430,-503121.9172341544
2026-02-17,60220,機械,76.3,3685.0,3500.8,SL(-5%),2026-03-04,10000000.0,1430,9500135.685210312,1430,-502724.3147896882
2026-02-17,45870,医薬品,69.4,1402.5,1332.4,SL(-5%),2026-03-04,10000000.0,1430,9500178.25311943,1430,-502681.7468805704
2026-02-17,91620,サービス業,69.0,255.0,242.2,SL(-5%),2026-03-04,10000000.0,1430,9498039.215686273,1430,-504820.78431372717
2026-02-18,65600,サービス業,65.2,1696.0,1611.2,SL(-5%),2026-03-04,10000000.0,1430,9500000.0,1430,-502860.0
2026-02-19,44900,情報･通信業,68.0,542.0,514.9,SL(-5%),2026-03-04,10000000.0,1430,9500000.0,1430,-502860.0
2026-02-20,219A0,医薬品,70.7,1960.0,1862.0,SL(-5%),2026-03-04,10000000.0,1430,9500000.0,1430,-502860.0
2026-02-20,48800,医薬品,69.9,402.0,381.9,SL(-5%),2026-03-04,10000000.0,1430,9500000.0,1430,-502860.0
2026-02-20,196A0,その他金融業,66.7,276.0,262.2,SL(-5%),2026-03-04,10000000.0,1430,9500000.0,1430,-502860.0
2026-02-20,48920,医薬品,65.0,655.0,622.2,SL(-5%),2026-03-04,10000000.0,1430,9499236.641221374,1430,-503623.3587786257
2026-02-24,52560,情報･通信業,81.6,2189.0,2079.5,SL(-5%),2026-03-04,10000000.0,1430,9499771.58519872,1430,-503088.4148012791
2026-02-24,44310,情報･通信業,77.1,2456.0,2333.2,SL(-5%),2026-03-04,10000000.0,1430,9500000.0,1430,-502860.0
2026-02-24,31340,小売業,69.7,509.0,483.5,SL(-5%),2026-03-04,10000000.0,1430,9499017.68172888,1430,-503842.31827111915
2026-02-24,96100,サービス業,78.8,168.0,159.6,SL(-5%),2026-03-04,10000000.0,1430,9500000.0,1430,-502860.0
2026-02-24,37910,情報･通信業,67.3,1319.0,1253.0,SL(-5%),2026-03-04,10000000.0,1430,9499620.924943138,1430,-503239.0750568621
2026-02-25,70630,サービス業,96.2,129.0,141.9,TP(+10%),2026-02-26,10000000.0,1430,11000000.0,1430,997140.0
2026-02-25,402A0,輸送用機器,80.8,710.0,674.5,SL(-5%),2026-02-26,10000000.0,1430,9500000.0,1430,-502860.0
2026-02-25,73520,サービス業,85.0,609.0,578.5,SL(-5%),2026-03-02,10000000.0,1430,9499178.981937602,1430,-503681.01806239784
2026-02-25,52550,情報･通信業,83.9,121.0,133.1,TP(+10%),2026-02-26,10000000.0,1430,10999999.999999998,1430,997139.9999999981
2026-02-25,23380,情報･通信業,85.9,106.0,116.6,TP(+10%),2026-02-26,10000000.0,1430,10999999.999999998,1430,997139.9999999981
2026-02-25,31330,小売業,84.3,413.0,454.3,TP(+10%),2026-02-26,10000000.0,1430,11000000.0,1430,997140.0
2026-02-25,39960,情報･通信業,67.4,274.0,260.3,SL(-5%),2026-03-02,10000000.0,1430,9500000.0,1430,-502860.0
2026-02-25,44170,情報･通信業,71.1,2453.0,2330.3,SL(-5%),2026-03-04,10000000.0,1430,9499796.167957604,1430,-503063.83204239607
2026-02-25,48110,情報･通信業,65.7,826.0,784.7,SL(-5%),2026-03-04,10000000.0,1430,9500000.0,1430,-502860.0
2026-02-25,23450,情報･通信業,68.6,233.0,221.3,SL(-5%),2026-02-26,10000000.0,1430,9497854.077253219,1430,-505005.92274678126
2026-02-25,336A0,情報･通信業,66.8,757.0,832.7,TP(+10%),2026-03-02,10000000.0,1430,11000000.0,1430,997140.0
2026-01-06,22910,食料品,82.0,647.0,614.6,SL(-5%),2026-03-05,10000000.0,1430,9499227.202472953,1430,-503632.7975270469
2026-02-04,47330,情報･通信業,65.4,5830.0,6413.0,TP(+10%),2026-03-05,10000000.0,1430,11000000.0,1430,997140.0
2026-02-26,70630,サービス業,95.0,154.0,146.3,SL(-5%),2026-02-27,10000000.0,1430,9500000.0,1430,-502860.0
2026-02-26,45980,医薬品,97.0,240.0,264.0,TP(+10%),2026-02-27,10000000.0,1430,11000000.0,1430,997140.0
2026-02-26,52480,情報･通信業,91.2,546.0,518.7,SL(-5%),2026-03-04,10000000.0,1430,9500000.0,1430,-502860.0
2026-02-26,142A0,サービス業,87.5,543.0,515.9,SL(-5%),2026-03-04,10000000.0,1430,9500920.810313076,1430,-501939.1896869242
2026-02-26,31330,小売業,85.8,473.0,449.3,SL(-5%),2026-02-27,10000000.0,1430,9498942.917547569,1430,-503917.0824524313
2026-02-26,23380,情報･通信業,89.8,99.0,94.0,SL(-5%),2026-02-27,10000000.0,1430,9494949.494949495,1430,-507910.5050505046
2026-02-26,95610,サービス業,74.7,431.0,409.4,SL(-5%),2026-03-04,10000000.0,1430,9498839.907192575,1430,-504020.0928074252
2026-02-26,95540,サービス業,70.5,1453.0,1380.3,SL(-5%),2026-03-02,10000000.0,1430,9499655.88437715,1430,-503204.11562285013
2026-02-26,44990,情報･通信業,70.7,2630.0,2498.5,SL(-5%),2026-03-04,10000000.0,1430,9500000.0,1430,-502860.0
2026-02-26,36970,情報･通信業,78.1,691.2,656.6,SL(-5%),2026-03-03,10000000.0,1430,9499421.296296297,1430,-503438.70370370336
2026-02-26,52550,情報･通信業,77.4,133.0,126.3,SL(-5%),2026-03-02,10000000.0,1430,9496240.60150376,1430,-506619.3984962404
2026-02-26,77710,精密機器,79.6,432.0,410.4,SL(-5%),2026-03-02,10000000.0,1430,9500000.0,1430,-502860.0
2026-02-26,77940,その他製品,78.1,1469.0,1395.5,SL(-5%),2026-02-27,10000000.0,1430,9499659.632402996,1430,-503200.3675970044
2026-02-26,94250,情報･通信業,73.2,365.0,346.8,SL(-5%),2026-03-03,10000000.0,1430,9501369.8630137,1430,-501490.13698630035
2026-02-26,73520,サービス業,65.0,624.0,592.8,SL(-5%),2026-03-02,10000000.0,1430,9500000.0,1430,-502860.0
2026-02-26,39000,情報･通信業,66.1,660.0,726.0,TP(+10%),2026-03-02,10000000.0,1430,11000000.0,1430,997140.0
2026-02-16,42650,情報･通信業,72.1,254.0,279.4,TP(+10%),2026-03-06,10000000.0,1430,10999999.999999998,1430,997139.9999999981
2026-02-27,190A0,医薬品,91.7,167.0,158.7,SL(-5%),2026-03-02,10000000.0,1430,9502994.011976046,1430,-499865.9880239535
2026-02-27,51310,情報･通信業,69.4,147.0,139.7,SL(-5%),2026-03-04,10000000.0,1430,9503401.360544218,1430,-499458.63945578225
2026-02-27,40190,情報･通信業,76.2,660.0,627.0,SL(-5%),2026-03-02,10000000.0,1430,9500000.0,1430,-502860.0
2026-02-27,45980,医薬品,77.3,254.0,241.3,SL(-5%),2026-03-02,10000000.0,1430,9500000.0,1430,-502860.0
2026-02-27,38560,電気機器,75.7,619.0,588.0,SL(-5%),2026-03-02,10000000.0,1430,9499192.245557351,1430,-503667.75444264896
2026-02-27,55720,情報･通信業,66.2,2370.0,2251.5,SL(-5%),2026-03-03,10000000.0,1430,9500000.0,1430,-502860.0
2026-02-27,70630,サービス業,83.2,139.0,132.0,SL(-5%),2026-03-02,10000000.0,1430,9496402.877697842,1430,-506457.1223021578
2026-02-27,23380,情報･通信業,73.2,94.0,103.4,TP(+10%),2026-03-02,10000000.0,1430,11000000.0,1430,997140.0
2026-02-27,431A0,情報･通信業,65.1,1834.0,1742.3,SL(-5%),2026-03-03,10000000.0,1430,9500000.0,1430,-502860.0
2026-02-27,51380,情報･通信業,70.0,656.0,623.2,SL(-5%),2026-03-03,10000000.0,1430,9500000.0,1430,-502860.0
2026-02-27,45930,医薬品,68.2,440.0,418.0,SL(-5%),2026-03-03,10000000.0,1430,9500000.0,1430,-502860.0
2026-02-27,24840,情報･通信業,64.6,143.0,135.8,SL(-5%),2026-03-03,10000000.0,1430,9496503.496503498,1430,-506356.5034965016
2026-02-27,67360,電気機器,65.4,7040.0,6688.0,SL(-5%),2026-03-02,10000000.0,1430,9500000.0,1430,-502860.0
2026-02-27,30700,卸売業,79.7,113.0,107.3,SL(-5%),2026-03-03,10000000.0,1430,9495575.221238937,1430,-507284.7787610628
2025-12-19,32370,不動産業,64.4,64.0,60.8,SL(-5%),2026-03-16,10000000.0,1430,9500000.0,1430,-502860.0
2026-02-06,24320,情報･通信業,66.3,2628.0,2496.6,SL(-5%),2026-03-12,10000000.0,1430,9500000.0,1430,-502860.0
2026-02-09,82540,小売業,64.7,379.0,360.1,SL(-5%),2026-03-11,10000000.0,1430,9501319.261213722,1430,-501540.7387862783
2026-02-13,73690,サービス業,70.0,550.0,522.5,SL(-5%),2026-03-16,10000000.0,1430,9500000.0,1430,-502860.0
2026-02-13,64250,機械,72.4,696.0,765.6,TP(+10%),2026-03-11,10000000.0,1430,11000000.0,1430,997140.0
2026-02-24,334A0,情報･通信業,74.1,701.5,771.7,TP(+10%),2026-03-12,10000000.0,1430,11000712.75837491,1430,997852.7583749108
2026-02-24,228A0,情報･通信業,69.8,1410.0,1551.0,TP(+10%),2026-03-17,10000000.0,1430,11000000.0,1430,997140.0
2026-02-26,44430,情報･通信業,67.1,1166.0,1107.7,SL(-5%),2026-03-17,10000000.0,1430,9500000.0,1430,-502860.0
2026-03-02,29010,食料品,78.8,404.0,383.8,SL(-5%),2026-03-11,10000000.0,1430,9500000.0,1430,-502860.0
2026-03-02,20390,その他,69.7,749.0,711.5,SL(-5%),2026-03-11,10000000.0,1430,9499332.443257676,1430,-503527.55674232356
2026-03-02,87830,その他金融業,76.6,243.0,230.8,SL(-5%),2026-03-11,10000000.0,1430,9497942.386831276,1430,-504917.6131687239
2026-03-02,36280,情報･通信業,67.0,483.0,531.3,TP(+10%),2026-03-11,10000000.0,1430,10999999.999999998,1430,997139.9999999981
2026-03-02,190A0,医薬品,81.1,153.0,145.3,SL(-5%),2026-03-11,10000000.0,1430,9496732.026143791,1430,-506127.97385620885
2026-03-02,55970,情報･通信業,80.7,1693.0,1608.3,SL(-5%),2026-03-11,10000000.0,1430,9499704.666272888,1430,-503155.33372711204
2026-03-02,23380,情報･通信業,85.6,103.0,113.3,TP(+10%),2026-03-11,10000000.0,1430,11000000.0,1430,997140.0
2026-03-02,87460,証券･商品先物取引業,80.3,337.0,320.1,SL(-5%),2026-03-11,10000000.0,1430,9498516.320474777,1430,-504343.67952522263
2026-03-02,45930,医薬品,69.1,465.0,441.8,SL(-5%),2026-03-11,10000000.0,1430,9501075.268817205,1430,-501784.731182795
2026-03-02,31330,小売業,82.1,448.0,425.6,SL(-5%),2026-03-11,10000000.0,1430,9500000.0,1430,-502860.0
2026-03-02,29360,食料品,64.8,357.0,339.1,SL(-5%),2026-03-11,10000000.0,1430,9498599.43977591,1430,-504260.5602240898
2026-03-02,65720,サービス業,68.8,241.0,228.9,SL(-5%),2026-03-11,10000000.0,1430,9497925.31120332,1430,-504934.6887966804
2026-03-02,61730,その他,66.4,160.0,152.0,SL(-5%),2026-03-11,10000000.0,1430,9500000.0,1430,-502860.0
2026-03-02,51360,情報･通信業,67.3,1449.0,1376.5,SL(-5%),2026-03-11,10000000.0,1430,9499654.934437543,1430,-503205.06556245685
2026-03-02,278A0,精密機器,73.8,2741.0,2603.9,SL(-5%),2026-03-11,10000000.0,1430,9499817.584823059,1430,-503042.4151769411
2026-03-02,67360,電気機器,67.4,6540.0,7194.0,TP(+10%),2026-03-11,10000000.0,1430,11000000.0,1430,997140.0
2026-03-02,218A0,精密機器,64.1,1554.0,1709.4,TP(+10%),2026-03-11,10000000.0,1430,11000000.0,1430,997140.0
2026-03-02,78860,化学,62.6,842.0,799.9,SL(-5%),2026-03-11,10000000.0,1430,9500000.0,1430,-502860.0
2026-02-13,39860,情報･通信業,82.4,505.0,479.8,SL(-5%),2026-03-23,10000000.0,1430,9500990.099009901,1430,-501869.9009900987
2026-02-13,40580,情報･通信業,87.3,1814.0,1723.3,SL(-5%),2026-03-23,10000000.0,1430,9500000.0,1430,-502860.0
2026-02-13,43750,情報･通信業,65.5,813.0,772.3,SL(-5%),2026-03-19,10000000.0,1430,9499384.993849937,1430,-503475.0061500631
2026-02-13,36600,情報･通信業,62.3,448.0,425.6,SL(-5%),2026-03-19,10000000.0,1430,9500000.0,1430,-502860.0
2026-02-16,36610,情報･通信業,69.6,677.0,643.1,SL(-5%),2026-03-23,10000000.0,1430,9499261.447562777,1430,-503598.5524372235
2026-02-16,70710,サービス業,64.5,483.0,458.8,SL(-5%),2026-03-18,10000000.0,1430,9498964.80331263,1430,-503895.19668737054
2026-02-16,30770,小売業,64.2,530.0,583.0,TP(+10%),2026-03-23,10000000.0,1430,11000000.0,1430,997140.0
2026-02-17,93450,サービス業,69.7,659.0,626.0,SL(-5%),2026-03-23,10000000.0,1430,9499241.274658574,1430,-503618.7253414262
2026-02-19,52580,情報･通信業,66.1,308.0,292.6,SL(-5%),2026-03-23,10000000.0,1430,9500000.0,1430,-502860.0
2026-02-24,38650,パルプ・紙,64.9,971.0,922.4,SL(-5%),2026-03-23,10000000.0,1430,9499485.066941299,1430,-503374.93305870146
2026-03-02,39000,情報･通信業,69.2,708.0,672.6,SL(-5%),2026-03-19,10000000.0,1430,9500000.0,1430,-502860.0
2026-03-11,192A0,サービス業,90.5,1915.0,1819.2,SL(-5%),2026-03-19,10000000.0,1430,9499738.903394256,1430,-503121.0966057442
2026-03-11,38400,情報･通信業,86.8,78.0,85.8,TP(+10%),2026-03-16,10000000.0,1430,10999999.999999998,1430,997139.9999999981
2026-03-11,18440,建設業,86.4,643.0,610.9,SL(-5%),2026-03-16,10000000.0,1430,9500777.60497667,1430,-502082.3950233292
2026-03-11,40740,情報･通信業,73.9,733.0,696.4,SL(-5%),2026-03-16,10000000.0,1430,9500682.128240108,1430,-502177.8717598915
2026-03-11,70740,サービス業,73.9,215.0,204.2,SL(-5%),2026-03-19,10000000.0,1430,9497674.41860465,1430,-505185.5813953504
2026-03-11,42650,情報･通信業,72.5,330.0,363.0,TP(+10%),2026-03-17,10000000.0,1430,11000000.0,1430,997140.0
2026-03-11,23380,情報･通信業,88.0,180.0,198.0,TP(+10%),2026-03-16,10000000.0,1430,11000000.0,1430,997140.0
2026-03-11,52480,情報･通信業,75.1,513.0,487.3,SL(-5%),2026-03-16,10000000.0,1430,9499025.341130605,1430,-503834.65886939503
2026-03-11,39090,情報･通信業,75.2,234.0,222.3,SL(-5%),2026-03-23,10000000.0,1430,9500000.0,1430,-502860.0
2026-03-11,218A0,精密機器,65.0,1748.0,1660.6,SL(-5%),2026-03-16,10000000.0,1430,9500000.0,1430,-502860.0
2026-03-11,30640,小売業,62.4,1845.0,1752.8,SL(-5%),2026-03-23,10000000.0,1430,9500271.002710028,1430,-502588.9972899724
2026-03-11,67210,電気機器,61.5,115.0,109.2,SL(-5%),2026-03-16,10000000.0,1430,9495652.173913045,1430,-507207.82608695515
2026-03-11,477A0,サービス業,60.7,732.0,695.4,SL(-5%),2026-03-16,10000000.0,1430,9500000.0,1430,-502860.0
2025-09-24,13090,その他,76.9,52660.0,50027.0,SL(-5%),2026-03-30,10000000.0,1430,9500000.0,1430,-502860.0
2026-01-06,44450,情報･通信業,62.8,1800.0,1980.0,TP(+10%),2026-03-27,10000000.0,1430,11000000.0,1430,997140.0
2026-01-23,73760,サービス業,69.8,635.0,698.5,TP(+10%),2026-03-30,10000000.0,1430,11000000.0,1430,997140.0
2026-02-16,40530,情報･通信業,71.6,395.0,434.5,TP(+10%),2026-03-27,10000000.0,1430,11000000.0,1430,997140.0
2026-02-17,36700,情報･通信業,81.5,2037.0,1935.1,SL(-5%),2026-03-30,10000000.0,1430,9499754.540991655,1430,-503105.4590083454
2026-02-20,177A0,化学,67.3,1215.0,1154.2,SL(-5%),2026-03-30,10000000.0,1430,9499588.477366256,1430,-503271.5226337444
2026-03-11,92130,サービス業,79.9,750.0,825.0,TP(+10%),2026-04-01,10000000.0,1430,11000000.0,1430,997140.0
2026-03-11,25850,食料品,71.5,951.0,1046.1,TP(+10%),2026-03-27,10000000.0,1430,10999999.999999998,1430,997139.9999999981
2026-03-16,281A0,情報･通信業,99.0,417.0,458.7,TP(+10%),2026-03-27,10000000.0,1430,11000000.0,1430,997140.0
2026-03-16,36530,情報･通信業,72.4,681.0,646.9,SL(-5%),2026-03-27,10000000.0,1430,9499265.785609398,1430,-503594.21439060196
2026-03-16,36240,情報･通信業,81.7,91.0,86.5,SL(-5%),2026-03-27,10000000.0,1430,9505494.505494505,1430,-497365.49450549483
2026-03-16,212A0,サービス業,68.4,2303.0,2187.8,SL(-5%),2026-03-30,10000000.0,1430,9499782.891880158,1430,-503077.10811984167
2026-03-16,91620,サービス業,69.1,259.0,246.0,SL(-5%),2026-03-27,10000000.0,1430,9498069.498069499,1430,-504790.5019305013
2026-03-16,149A0,情報･通信業,71.5,764.0,840.4,TP(+10%),2026-03-27,10000000.0,1430,10999999.999999998,1430,997139.9999999981
2026-03-16,30700,卸売業,82.4,84.0,79.8,SL(-5%),2026-03-31,10000000.0,1430,9500000.0,1430,-502860.0
2026-03-16,66590,電気機器,66.7,39.0,37.0,SL(-5%),2026-03-27,10000000.0,1430,9487179.487179486,1430,-515680.5128205139
2026-03-16,184A0,情報･通信業,69.9,393.0,373.3,SL(-5%),2026-03-30,10000000.0,1430,9498727.735368958,1430,-504132.26463104226
2026-03-16,38030,情報･通信業,81.6,648.0,615.6,SL(-5%),2026-03-27,10000000.0,1430,9500000.0,1430,-502860.0
2026-03-16,46420,サービス業,62.5,1547.0,1469.6,SL(-5%),2026-03-27,10000000.0,1430,9499676.79379444,1430,-503183.2062055599
2026-03-16,168A0,その他製品,63.0,1269.0,1205.5,SL(-5%),2026-03-27,10000000.0,1430,9499605.98896769,1430,-503254.0110323094
2026-03-16,45820,医薬品,76.8,127.0,120.6,SL(-5%),2026-03-27,10000000.0,1430,9496062.992125984,1430,-506797.0078740157
2026-02-16,52470,情報･通信業,69.7,645.0,709.5,TP(+10%),2026-04-03,10000000.0,1430,11000000.0,1430,997140.0
2026-03-27,41670,情報･通信業,91.4,359.0,394.9,TP(+10%),2026-03-30,10000000.0,1430,10999999.999999998,1430,997139.9999999981
2026-03-27,175A0,情報･通信業,94.3,732.0,695.4,SL(-5%),2026-03-30,10000000.0,1430,9500000.0,1430,-502860.0
2026-03-27,68360,電気機器,91.1,1040.0,988.0,SL(-5%),2026-03-30,10000000.0,1430,9500000.0,1430,-502860.0
2026-03-27,65800,サービス業,83.2,931.0,1024.1,TP(+10%),2026-03-30,10000000.0,1430,10999999.999999998,1430,997139.9999999981
2026-03-27,31370,小売業,84.1,257.0,282.7,TP(+10%),2026-03-30,10000000.0,1430,10999999.999999998,1430,997139.9999999981
2026-03-27,41690,情報･通信業,80.5,276.0,262.2,SL(-5%),2026-03-30,10000000.0,1430,9500000.0,1430,-502860.0
2026-03-27,92350,サービス業,83.1,789.0,749.5,SL(-5%),2026-03-30,10000000.0,1430,9499366.28643853,1430,-503493.7135614697
2026-03-27,278A0,精密機器,79.1,4100.0,3895.0,SL(-5%),2026-03-30,10000000.0,1430,9500000.0,1430,-502860.0
2026-03-27,43160,情報･通信業,80.5,753.0,715.4,SL(-5%),2026-03-30,10000000.0,1430,9500664.010624168,1430,-502195.98937583156
2026-03-27,51340,情報･通信業,77.6,552.0,524.4,SL(-5%),2026-03-30,10000000.0,1430,9500000.0,1430,-502860.0
2026-03-27,38530,情報･通信業,69.9,1572.0,1493.4,SL(-5%),2026-03-30,10000000.0,1430,9500000.0,1430,-502860.0
2026-03-27,21930,サービス業,61.9,145.0,137.8,SL(-5%),2026-03-30,10000000.0,1430,9503448.27586207,1430,-499411.7241379302
2026-03-27,61730,その他,79.7,142.0,156.2,TP(+10%),2026-03-30,10000000.0,1430,10999999.999999998,1430,997139.9999999981
2026-02-17,366A0,サービス業,74.6,945.0,1039.5,TP(+10%),2026-04-07,10000000.0,1430,11000000.0,1430,997140.0
2026-03-16,29290,食料品,70.8,672.0,739.2,TP(+10%),2026-04-06,10000000.0,1430,11000000.0,1430,997140.0
2026-03-16,462A0,証券･商品先物取引業,67.9,877.0,964.7,TP(+10%),2026-04-06,10000000.0,1430,11000000.0,1430,997140.0
2026-03-27,73520,サービス業,66.5,527.0,579.7,TP(+10%),2026-04-09,10000000.0,1430,11000000.0,1430,997140.0
2026-03-30,31370,小売業,81.0,270.0,256.5,SL(-5%),2026-04-06,10000000.0,1430,9500000.0,1430,-502860.0
2026-03-30,77940,その他製品,83.2,1326.0,1259.7,SL(-5%),2026-04-06,10000000.0,1430,9500000.0,1430,-502860.0
2026-03-30,43160,情報･通信業,75.7,603.0,572.9,SL(-5%),2026-04-06,10000000.0,1430,9500829.187396351,1430,-502030.81260364875
2026-03-30,41670,情報･通信業,79.8,332.0,315.4,SL(-5%),2026-04-06,10000000.0,1430,9500000.0,1430,-502860.0
2026-03-30,78860,化学,68.5,721.0,684.9,SL(-5%),2026-04-06,10000000.0,1430,9499306.518723994,1430,-503553.4812760055
2026-03-30,43100,サービス業,64.3,2677.0,2543.2,SL(-5%),2026-04-06,10000000.0,1430,9500186.77624206,1430,-502673.2237579394
2026-03-30,17730,建設業,65.6,67.0,73.7,TP(+10%),2026-04-07,10000000.0,1430,11000000.0,1430,997140.0
2026-03-30,14720,その他,66.9,108.0,102.6,SL(-5%),2026-04-06,10000000.0,1430,9500000.0,1430,-502860.0
2026-03-30,67310,電気機器,83.2,293.0,278.3,SL(-5%),2026-04-06,10000000.0,1430,9498293.515358362,1430,-504566.48464163765
2026-03-30,281A0,情報･通信業,83.6,491.0,540.1,TP(+10%),2026-04-06,10000000.0,1430,11000000.0,1430,997140.0
2026-03-30,26670,卸売業,66.0,219.0,240.9,TP(+10%),2026-04-08,10000000.0,1430,11000000.0,1430,997140.0
2026-03-30,386A0,小売業,64.5,1406.0,1335.7,SL(-5%),2026-04-13,10000000.0,1430,9500000.0,1430,-502860.0
2026-04-06,53410,ガラス･土石製品,91.5,272.0,258.4,SL(-5%),2026-04-07,10000000.0,1430,9500000.0,1430,-502860.0
2026-04-06,51290,情報･通信業,91.4,430.0,473.0,TP(+10%),2026-04-07,10000000.0,1430,11000000.0,1430,997140.0
2026-04-06,36810,その他,96.3,67.0,73.7,TP(+10%),2026-04-07,10000000.0,1430,11000000.0,1430,997140.0
2026-04-06,66960,電気機器,71.8,368.0,404.8,TP(+10%),2026-04-09,10000000.0,1430,11000000.0,1430,997140.0
2026-04-06,77090,精密機器,80.1,115.0,126.5,TP(+10%),2026-04-07,10000000.0,1430,11000000.0,1430,997140.0
2026-04-06,47840,サービス業,72.6,798.0,758.1,SL(-5%),2026-04-07,10000000.0,1430,9500000.0,1430,-502860.0
2026-04-06,43160,情報･通信業,86.8,161.0,177.1,TP(+10%),2026-04-07,10000000.0,1430,10999999.999999998,1430,997139.9999999981
2026-04-06,40690,情報･通信業,66.1,1273.0,1209.3,SL(-5%),2026-04-08,10000000.0,1430,9499607.22702278,1430,-503252.7729772199
2026-04-06,281A0,情報･通信業,84.0,595.0,654.5,TP(+10%),2026-04-07,10000000.0,1430,11000000.0,1430,997140.0
2026-04-06,48840,医薬品,76.0,448.0,492.8,TP(+10%),2026-04-07,10000000.0,1430,11000000.0,1430,997140.0
2026-04-06,153A0,情報･通信業,73.2,1409.0,1338.5,SL(-5%),2026-04-07,10000000.0,1430,9499645.138396027,1430,-503214.86160397343
2026-04-06,45700,医薬品,69.5,1491.0,1416.5,SL(-5%),2026-04-13,10000000.0,1430,9500335.345405769,1430,-502524.6545942314
2026-04-06,39300,情報･通信業,67.4,1126.0,1069.7,SL(-5%),2026-04-07,10000000.0,1430,9500000.0,1430,-502860.0
2026-04-07,51290,情報･通信業,84.9,447.0,424.6,SL(-5%),2026-04-08,10000000.0,1430,9498881.431767339,1430,-503978.5682326611
2026-04-07,77090,精密機器,96.2,118.0,129.8,TP(+10%),2026-04-09,10000000.0,1430,11000000.0,1430,997140.0
2026-04-07,36810,その他,95.4,75.0,82.5,TP(+10%),2026-04-08,10000000.0,1430,11000000.0,1430,997140.0
2026-04-07,53410,ガラス･土石製品,86.4,285.0,270.8,SL(-5%),2026-04-08,10000000.0,1430,9501754.385964911,1430,-501105.61403508857
2026-04-07,57210,非鉄金属,90.2,118.0,112.1,SL(-5%),2026-04-08,10000000.0,1430,9500000.0,1430,-502860.0
2026-04-07,43160,情報･通信業,87.5,211.0,232.1,TP(+10%),2026-04-08,10000000.0,1430,11000000.0,1430,997140.0
2026-04-07,281A0,情報･通信業,84.1,535.0,588.5,TP(+10%),2026-04-09,10000000.0,1430,11000000.0,1430,997140.0
2026-04-07,92130,サービス業,65.5,982.0,932.9,SL(-5%),2026-04-09,10000000.0,1430,9500000.0,1430,-502860.0
2026-04-07,48840,医薬品,82.8,449.0,493.9,TP(+10%),2026-04-15,10000000.0,1430,10999999.999999998,1430,997139.9999999981
2026-04-07,76030,小売業,81.3,109.0,119.9,TP(+10%),2026-04-15,10000000.0,1430,11000000.0,1430,997140.0
2026-04-08,52560,情報･通信業,90.3,2405.0,2284.8,SL(-5%),2026-04-09,10000000.0,1430,9500207.900207901,1430,-502652.0997920986
2026-04-08,52400,情報･通信業,86.4,211.0,200.4,SL(-5%),2026-04-09,10000000.0,1430,9497630.331753556,1430,-505229.6682464443
2026-04-08,38560,電気機器,85.9,555.0,527.2,SL(-5%),2026-04-09,10000000.0,1430,9499099.0990991,1430,-503760.90090090036
2026-04-08,51290,情報･通信業,77.0,440.0,484.0,TP(+10%),2026-04-09,10000000.0,1430,11000000.0,1430,997140.0
2026-04-08,43160,情報･通信業,89.8,291.0,320.1,TP(+10%),2026-04-09,10000000.0,1430,11000000.0,1430,997140.0
2026-04-08,57210,非鉄金属,85.3,111.0,105.4,SL(-5%),2026-04-09,10000000.0,1430,9495495.495495496,1430,-507364.5045045037
2026-04-08,36810,その他,85.2,71.0,78.1,TP(+10%),2026-04-09,10000000.0,1430,10999999.999999998,1430,997139.9999999981
2026-04-08,27260,小売業,69.8,1580.0,1501.0,SL(-5%),2026-04-09,10000000.0,1430,9500000.0,1430,-502860.0
2026-04-08,77460,精密機器,73.4,1066.0,1012.7,SL(-5%),2026-04-10,10000000.0,1430,9500000.0,1430,-502860.0
2026-04-08,51340,情報･通信業,72.9,578.0,549.1,SL(-5%),2026-04-09,10000000.0,1430,9500000.0,1430,-502860.0
2026-04-08,36640,情報･通信業,70.0,33.0,36.3,TP(+10%),2026-04-10,10000000.0,1430,10999999.999999998,1430,997139.9999999981
2026-04-08,65740,サービス業,67.0,116.0,110.2,SL(-5%),2026-04-10,10000000.0,1430,9500000.0,1430,-502860.0
2026-04-08,92130,サービス業,64.3,987.0,937.6,SL(-5%),2026-04-09,10000000.0,1430,9499493.41438703,1430,-503366.5856129695
2026-04-08,30700,卸売業,82.0,105.0,99.8,SL(-5%),2026-04-10,10000000.0,1430,9504761.904761905,1430,-498098.09523809515
2026-04-08,42650,情報･通信業,76.2,439.0,417.0,SL(-5%),2026-04-09,10000000.0,1430,9498861.04783599,1430,-503998.9521640092
2026-04-08,53410,ガラス･土石製品,69.3,269.0,255.5,SL(-5%),2026-04-09,10000000.0,1430,9498141.26394052,1430,-504718.7360594794
2026-04-09,77090,精密機器,91.0,129.0,141.9,TP(+10%),2026-04-10,10000000.0,1430,11000000.0,1430,997140.0
2026-04-09,44460,情報･通信業,85.4,791.0,751.4,SL(-5%),2026-04-10,10000000.0,1430,9499367.888748419,1430,-503492.11125158146
2026-04-09,61730,その他,83.8,136.0,149.6,TP(+10%),2026-04-10,10000000.0,1430,10999999.999999998,1430,997139.9999999981
2026-04-09,43160,情報･通信業,85.8,251.0,276.1,TP(+10%),2026-04-10,10000000.0,1430,11000000.0,1430,997140.0
2026-04-09,58560,その他,77.7,43.0,40.9,SL(-5%),2026-04-10,10000000.0,1430,9511627.906976745,1430,-491232.09302325547
2026-04-09,36810,その他,78.0,76.0,72.2,SL(-5%),2026-04-10,10000000.0,1430,9500000.0,1430,-502860.0
2026-04-09,66960,電気機器,68.1,395.0,434.5,TP(+10%),2026-04-10,10000000.0,1430,11000000.0,1430,997140.0
2026-04-09,53410,ガラス･土石製品,78.0,259.0,284.9,TP(+10%),2026-04-10,10000000.0,1430,10999999.999999998,1430,997139.9999999981
2026-04-09,82670,小売業,67.5,1800.0,1710.0,SL(-5%),2026-04-17,10000000.0,1430,9500000.0,1430,-502860.0
2026-04-10,66960,電気機器,88.9,425.0,403.8,SL(-5%),2026-04-13,10000000.0,1430,9501176.470588235,1430,-501683.5294117648
2026-04-10,36640,情報･通信業,87.4,40.0,38.0,SL(-5%),2026-04-13,10000000.0,1430,9500000.0,1430,-502860.0
2026-04-10,77090,精密機器,83.3,133.0,126.3,SL(-5%),2026-04-13,10000000.0,1430,9496240.60150376,1430,-506619.3984962404
2026-04-10,52400,情報･通信業,70.5,187.0,205.7,TP(+10%),2026-04-14,10000000.0,1430,10999999.999999998,1430,997139.9999999981
2026-04-10,402A0,輸送用機器,70.8,670.0,636.5,SL(-5%),2026-04-13,10000000.0,1430,9500000.0,1430,-502860.0
2026-04-10,90820,陸運業,67.0,1396.0,1326.2,SL(-5%),2026-04-13,10000000.0,1430,9500000.0,1430,-502860.0
2026-04-10,93480,サービス業,80.8,515.0,489.2,SL(-5%),2026-04-16,10000000.0,1430,9499029.126213592,1430,-503830.87378640845
2026-04-10,31030,繊維製品,77.9,1463.0,1609.3,TP(+10%),2026-04-13,10000000.0,1430,10999999.999999998,1430,997139.9999999981
2026-04-10,93990,情報･通信業,85.9,28.0,30.8,TP(+10%),2026-04-13,10000000.0,1430,11000000.0,1430,997140.0
2026-04-10,61730,その他,76.7,152.0,144.4,SL(-5%),2026-04-13,10000000.0,1430,9500000.0,1430,-502860.0
2026-04-10,51290,情報･通信業,67.9,451.0,496.1,TP(+10%),2026-04-13,10000000.0,1430,11000000.0,1430,997140.0
2026-04-10,281A0,情報･通信業,83.5,627.0,689.7,TP(+10%),2026-04-13,10000000.0,1430,11000000.0,1430,997140.0
2026-04-10,53410,ガラス･土石製品,76.5,303.0,333.3,TP(+10%),2026-04-13,10000000.0,1430,11000000.0,1430,997140.0
2026-04-10,23710,サービス業,66.1,1990.0,2189.0,TP(+10%),2026-04-15,10000000.0,1430,11000000.0,1430,997140.0
2026-04-10,52560,情報･通信業,62.5,2458.0,2335.1,SL(-5%),2026-04-15,10000000.0,1430,9500000.0,1430,-502860.0
2026-04-10,58560,その他,78.8,34.0,37.4,TP(+10%),2026-04-13,10000000.0,1430,10999999.999999998,1430,997139.9999999981
2026-04-13,48920,医薬品,82.5,632.0,695.2,TP(+10%),2026-04-20,10000000.0,1430,11000000.0,1430,997140.0
2026-04-13,323A0,情報･通信業,83.8,508.0,482.6,SL(-5%),2026-04-14,10000000.0,1430,9500000.0,1430,-502860.0
2026-04-13,64330,機械,83.4,1446.0,1590.6,TP(+10%),2026-04-14,10000000.0,1430,10999999.999999998,1430,997139.9999999981
2026-04-13,51290,情報･通信業,78.6,454.0,431.3,SL(-5%),2026-04-17,10000000.0,1430,9500000.0,1430,-502860.0
2026-04-13,130A0,医薬品,73.7,510.0,484.5,SL(-5%),2026-04-14,10000000.0,1430,9500000.0,1430,-502860.0
2026-04-13,53410,ガラス･土石製品,78.8,297.0,282.1,SL(-5%),2026-04-14,10000000.0,1430,9498316.498316498,1430,-504543.5016835015
2026-04-13,44430,情報･通信業,65.5,1195.0,1314.5,TP(+10%),2026-04-16,10000000.0,1430,11000000.0,1430,997140.0
2026-02-17,65790,サービス業,68.9,302.0,332.2,TP(+10%),2026-04-22,10000000.0,1430,10999999.999999998,1430,997139.9999999981
2026-03-02,40190,情報･通信業,72.6,624.0,686.4,TP(+10%),2026-04-21,10000000.0,1430,10999999.999999998,1430,997139.9999999981
2026-04-10,14470,建設業,61.0,326.0,309.7,SL(-5%),2026-04-22,10000000.0,1430,9500000.0,1430,-502860.0
2026-04-13,27910,小売業,69.6,4430.0,4873.0,TP(+10%),2026-04-21,10000000.0,1430,11000000.0,1430,997140.0
2026-04-13,67860,サービス業,70.6,53.0,58.3,TP(+10%),2026-04-21,10000000.0,1430,10999999.999999998,1430,997139.9999999981
2026-04-14,323A0,情報･通信業,82.5,464.0,440.8,SL(-5%),2026-04-16,10000000.0,1430,9500000.0,1430,-502860.0
2026-04-14,40150,情報･通信業,88.3,400.0,440.0,TP(+10%),2026-04-16,10000000.0,1430,11000000.0,1430,997140.0
2026-04-14,96010,情報･通信業,74.9,10540.0,10013.0,SL(-5%),2026-04-22,10000000.0,1430,9500000.0,1430,-502860.0
2026-04-14,276A0,不動産業,73.2,3030.0,3333.0,TP(+10%),2026-04-17,10000000.0,1430,11000000.0,1430,997140.0
2026-04-14,58920,小売業,68.9,2311.0,2195.4,SL(-5%),2026-04-16,10000000.0,1430,9499783.643444397,1430,-503076.35655560344
2026-04-14,352A0,サービス業,72.9,499.0,548.9,TP(+10%),2026-04-21,10000000.0,1430,10999999.999999998,1430,997139.9999999981
2026-04-14,44900,情報･通信業,71.5,588.0,646.8,TP(+10%),2026-04-16,10000000.0,1430,10999999.999999998,1430,997139.9999999981
2026-04-14,64330,機械,75.7,1430.0,1358.5,SL(-5%),2026-04-16,10000000.0,1430,9500000.0,1430,-502860.0
2026-04-14,58170,非鉄金属,77.5,1385.0,1523.5,TP(+10%),2026-04-16,10000000.0,1430,11000000.0,1430,997140.0
2026-04-14,38100,情報･通信業,70.9,227.0,249.7,TP(+10%),2026-04-20,10000000.0,1430,10999999.999999998,1430,997139.9999999981
2025-11-06,54640,鉄鋼,71.2,981.0,931.9,SL(-5%),2026-04-23,10000000.0,1430,9499490.316004077,1430,-503369.683995923
2026-04-14,41990,情報･通信業,67.8,891.0,846.4,SL(-5%),2026-04-23,10000000.0,1430,9499438.832772166,1430,-503421.16722783446
2026-04-16,29010,食料品,97.3,213.0,202.3,SL(-5%),2026-04-21,10000000.0,1430,9497652.582159625,1430,-505207.41784037463
2026-04-16,298A0,情報･通信業,94.7,391.0,430.1,TP(+10%),2026-04-23,10000000.0,1430,11000000.0,1430,997140.0
2026-04-16,79850,金属製品,80.7,1010.0,959.5,SL(-5%),2026-04-17,10000000.0,1430,9500000.0,1430,-502860.0
2026-04-16,76020,卸売業,81.0,211.0,200.4,SL(-5%),2026-04-21,10000000.0,1430,9497630.331753556,1430,-505229.6682464443
2026-04-16,76030,小売業,86.4,113.0,107.3,SL(-5%),2026-04-20,10000000.0,1430,9495575.221238937,1430,-507284.7787610628
2026-04-16,39050,情報･通信業,87.1,1547.0,1469.6,SL(-5%),2026-04-23,10000000.0,1430,9499676.79379444,1430,-503183.2062055599
2026-04-16,338A0,情報･通信業,74.3,2841.0,3125.1,TP(+10%),2026-04-17,10000000.0,1430,10999999.999999998,1430,997139.9999999981
2026-04-16,63470,機械,76.9,303.0,287.8,SL(-5%),2026-04-17,10000000.0,1430,9498349.834983498,1430,-504510.16501650214
2026-04-16,65320,サービス業,68.6,5300.0,5830.0,TP(+10%),2026-04-20,10000000.0,1430,11000000.0,1430,997140.0
2026-04-16,47040,情報･通信業,68.8,5998.0,5698.1,SL(-5%),2026-04-23,10000000.0,1430,9500000.0,1430,-502860.0
2026-04-16,21340,サービス業,77.6,34.0,32.3,SL(-5%),2026-04-17,10000000.0,1430,9500000.0,1430,-502860.0
2026-04-16,64330,機械,75.5,1504.0,1654.4,TP(+10%),2026-04-17,10000000.0,1430,11000000.0,1430,997140.0
2026-04-16,31870,小売業,63.5,258.0,245.1,SL(-5%),2026-04-23,10000000.0,1430,9500000.0,1430,-502860.0
2026-04-16,215A0,サービス業,65.5,1260.0,1386.0,TP(+10%),2026-04-21,10000000.0,1430,11000000.0,1430,997140.0
2026-04-16,49600,化学,63.8,735.0,808.5,TP(+10%),2026-04-20,10000000.0,1430,11000000.0,1430,997140.0
2026-04-16,38230,情報･通信業,72.6,41.0,45.1,TP(+10%),2026-04-17,10000000.0,1430,11000000.0,1430,997140.0
2026-04-16,153A0,情報･通信業,64.6,1489.0,1637.9,TP(+10%),2026-04-21,10000000.0,1430,11000000.0,1430,997140.0
2026-04-16,44120,情報･通信業,63.6,1797.0,1707.1,SL(-5%),2026-04-17,10000000.0,1430,9499721.758486366,1430,-503138.2415136341
2026-01-05,96790,サービス業,71.1,2004.0,2204.4,TP(+10%),2026-04-28,10000000.0,1430,11000000.0,1430,997140.0
2026-03-16,61900,サービス業,90.5,457.0,434.1,SL(-5%),2026-04-24,10000000.0,1430,9498905.90809628,1430,-503954.09190372005
2026-04-07,48830,医薬品,65.7,54.0,59.4,TP(+10%),2026-04-24,10000000.0,1430,11000000.0,1430,997140.0
2026-04-16,72550,輸送用機器,75.3,470.0,446.5,SL(-5%),2026-04-24,10000000.0,1430,9500000.0,1430,-502860.0
2026-04-17,38230,情報･通信業,96.3,55.0,60.5,TP(+10%),2026-04-20,10000000.0,1430,11000000.0,1430,997140.0
2026-04-17,60290,サービス業,90.3,174.0,191.4,TP(+10%),2026-04-20,10000000.0,1430,11000000.0,1430,997140.0
2026-04-17,39360,情報･通信業,94.2,149.0,163.9,TP(+10%),2026-04-20,10000000.0,1430,11000000.0,1430,997140.0
2026-04-17,81050,卸売業,91.1,171.0,162.4,SL(-5%),2026-04-20,10000000.0,1430,9497076.023391813,1430,-505783.97660818696
2026-04-17,55750,情報･通信業,71.0,730.0,803.0,TP(+10%),2026-04-20,10000000.0,1430,11000000.0,1430,997140.0
2026-04-17,87830,その他金融業,71.5,201.0,221.1,TP(+10%),2026-04-20,10000000.0,1430,11000000.0,1430,997140.0
2026-04-17,469A0,サービス業,68.6,1841.0,1748.9,SL(-5%),2026-04-21,10000000.0,1430,9499728.408473657,1430,-503131.59152634256
2026-04-17,247A0,化学,81.3,1237.0,1360.7,TP(+10%),2026-04-20,10000000.0,1430,11000000.0,1430,997140.0
2026-04-17,338A0,情報･通信業,80.7,3040.0,2888.0,SL(-5%),2026-04-20,10000000.0,1430,9500000.0,1430,-502860.0
2026-04-17,46640,サービス業,69.9,895.0,984.5,TP(+10%),2026-04-20,10000000.0,1430,11000000.0,1430,997140.0
2026-04-17,23340,サービス業,69.5,432.0,410.4,SL(-5%),2026-04-24,10000000.0,1430,9500000.0,1430,-502860.0
2026-04-17,29010,食料品,71.7,217.0,206.1,SL(-5%),2026-04-20,10000000.0,1430,9497695.852534562,1430,-505164.14746543765
2026-04-17,36970,情報･通信業,70.7,750.0,712.5,SL(-5%),2026-04-21,10000000.0,1430,9500000.0,1430,-502860.0
2026-04-17,44130,情報･通信業,64.6,2268.0,2154.6,SL(-5%),2026-04-23,10000000.0,1430,9500000.0,1430,-502860.0
2026-04-17,44120,情報･通信業,61.4,1703.0,1617.8,SL(-5%),2026-04-23,10000000.0,1430,9499706.400469758,1430,-503153.5995302424
2026-04-17,40820,化学,64.3,2333.0,2566.3,TP(+10%),2026-04-20,10000000.0,1430,11000000.0,1430,997140.0
2026-03-16,98120,小売業,72.5,264.0,250.8,SL(-5%),2026-04-27,10000000.0,1430,9500000.0,1430,-502860.0
2026-03-30,43700,情報･通信業,65.3,334.0,317.3,SL(-5%),2026-04-27,10000000.0,1430,9500000.0,1430,-502860.0
2026-04-09,87980,保険業,67.7,186.0,176.7,SL(-5%),2026-04-27,10000000.0,1430,9500000.0,1430,-502860.0
2026-04-10,60270,サービス業,63.3,2565.0,2436.8,SL(-5%),2026-04-27,10000000.0,1430,9500194.93177388,1430,-502665.0682261195
2026-04-13,262A0,小売業,65.0,2163.0,2054.8,SL(-5%),2026-04-27,10000000.0,1430,9499768.839574667,1430,-503091.1604253333
2026-04-14,41660,情報･通信業,83.8,726.0,689.7,SL(-5%),2026-04-27,10000000.0,1430,9500000.0,1430,-502860.0
2026-04-16,31330,小売業,66.9,299.0,284.1,SL(-5%),2026-04-27,10000000.0,1430,9501672.240802677,1430,-501187.75919732265
2026-04-20,39360,情報･通信業,91.4,199.0,218.9,TP(+10%),2026-04-21,10000000.0,1430,11000000.0,1430,997140.0
2026-04-20,60290,サービス業,83.5,202.0,222.2,TP(+10%),2026-04-22,10000000.0,1430,10999999.999999998,1430,997139.9999999981
2026-04-20,87830,その他金融業,87.9,228.0,216.6,SL(-5%),2026-04-21,10000000.0,1430,9500000.0,1430,-502860.0
2026-04-20,78100,その他製品,70.7,200.0,190.0,SL(-5%),2026-04-23,10000000.0,1430,9500000.0,1430,-502860.0
2026-04-20,38230,情報･通信業,86.5,56.0,53.2,SL(-5%),2026-04-21,10000000.0,1430,9500000.0,1430,-502860.0
2026-04-20,37470,情報･通信業,70.4,643.0,610.9,SL(-5%),2026-04-23,10000000.0,1430,9500777.60497667,1430,-502082.3950233292
2026-04-20,49600,化学,72.8,792.0,752.4,SL(-5%),2026-04-22,10000000.0,1430,9500000.0,1430,-502860.0
2026-04-20,46640,サービス業,77.8,966.0,917.7,SL(-5%),2026-04-21,10000000.0,1430,9500000.0,1430,-502860.0
2026-04-20,55750,情報･通信業,76.6,793.0,872.3,TP(+10%),2026-04-21,10000000.0,1430,10999999.999999998,1430,997139.9999999981
2026-04-20,31890,小売業,75.1,172.0,163.4,SL(-5%),2026-04-24,10000000.0,1430,9500000.0,1430,-502860.0
2026-04-20,40820,化学,73.0,2545.0,2417.8,SL(-5%),2026-04-21,10000000.0,1430,9500196.463654224,1430,-502663.53634577617
2026-04-20,73760,サービス業,82.5,808.0,888.8,TP(+10%),2026-04-21,10000000.0,1430,10999999.999999998,1430,997139.9999999981
2026-04-20,96100,サービス業,80.2,146.0,160.6,TP(+10%),2026-04-21,10000000.0,1430,10999999.999999998,1430,997139.9999999981
2026-04-20,52160,ガラス･土石製品,62.3,175.0,166.2,SL(-5%),2026-04-22,10000000.0,1430,9497142.857142856,1430,-505717.14285714366
2026-04-20,247A0,化学,69.8,1357.0,1289.1,SL(-5%),2026-04-22,10000000.0,1430,9499631.540162122,1430,-503228.4598378781
2026-04-20,67860,サービス業,67.2,55.0,52.2,SL(-5%),2026-04-24,10000000.0,1430,9490909.090909092,1430,-511950.90909090824
2026-04-20,49350,化学,67.3,347.0,329.6,SL(-5%),2026-04-22,10000000.0,1430,9498559.077809798,1430,-504300.9221902024
2026-04-20,30700,卸売業,80.2,121.0,114.9,SL(-5%),2026-04-22,10000000.0,1430,9495867.768595042,1430,-506992.2314049583
2026-04-20,77460,精密機器,71.4,1056.0,1003.2,SL(-5%),2026-04-21,10000000.0,1430,9500000.0,1430,-502860.0
2026-04-20,23340,サービス業,67.3,431.0,409.4,SL(-5%),2026-04-27,10000000.0,1430,9498839.907192575,1430,-504020.0928074252
2026-04-20,39050,情報･通信業,69.4,1590.0,1510.5,SL(-5%),2026-04-22,10000000.0,1430,9500000.0,1430,-502860.0
2026-04-20,196A0,その他金融業,64.1,290.0,275.5,SL(-5%),2026-04-23,10000000.0,1430,9500000.0,1430,-502860.0
2026-04-20,45960,医薬品,73.0,103.0,97.8,SL(-5%),2026-04-21,10000000.0,1430,9495145.63106796,1430,-507714.3689320404
2026-04-10,52480,情報･通信業,84.1,455.0,500.5,TP(+10%),2026-05-08,10000000.0,1430,11000000.0,1430,997140.0
2026-04-10,97040,サービス業,69.6,41.0,38.9,SL(-5%),2026-05-07,10000000.0,1430,9487804.87804878,1430,-515055.12195122056
2026-04-16,29360,食料品,65.4,325.0,308.8,SL(-5%),2026-05-07,10000000.0,1430,9501538.461538462,1430,-501321.53846153803
2026-04-17,45980,医薬品,79.2,204.0,193.8,SL(-5%),2026-05-12,10000000.0,1430,9500000.0,1430,-502860.0
2026-04-17,44390,情報･通信業,64.3,819.0,778.0,SL(-5%),2026-05-07,10000000.0,1430,9499389.4993895,1430,-503470.5006105006
2026-04-20,190A0,医薬品,63.2,151.0,143.4,SL(-5%),2026-05-13,10000000.0,1430,9496688.741721855,1430,-506171.2582781445
2026-04-21,62760,電気機器,93.5,310.0,294.5,SL(-5%),2026-05-07,10000000.0,1430,9500000.0,1430,-502860.0
2026-04-21,24590,サービス業,94.4,221.0,209.9,SL(-5%),2026-05-07,10000000.0,1430,9497737.556561086,1430,-505122.4434389137
2026-04-21,96100,サービス業,91.0,196.0,186.2,SL(-5%),2026-05-07,10000000.0,1430,9500000.0,1430,-502860.0
2026-04-21,39360,情報･通信業,91.5,198.0,188.1,SL(-5%),2026-05-07,10000000.0,1430,9500000.0,1430,-502860.0
2026-04-21,34090,繊維製品,86.7,123.0,116.8,SL(-5%),2026-05-11,10000000.0,1430,9495934.959349593,1430,-506925.04065040685
2026-04-21,78860,化学,77.9,607.0,576.6,SL(-5%),2026-05-07,10000000.0,1430,9499176.276771005,1430,-503683.72322899476
2026-04-21,73760,サービス業,86.6,958.0,1053.8,TP(+10%),2026-05-07,10000000.0,1430,10999999.999999998,1430,997139.9999999981
2026-04-21,57240,非鉄金属,70.4,3360.0,3192.0,SL(-5%),2026-05-07,10000000.0,1430,9500000.0,1430,-502860.0
2026-04-21,56120,鉄鋼,70.8,1761.0,1672.9,SL(-5%),2026-05-07,10000000.0,1430,9499716.070414538,1430,-503143.92958546244
2026-04-21,60290,サービス業,73.6,210.0,199.5,SL(-5%),2026-05-07,10000000.0,1430,9500000.0,1430,-502860.0
2026-04-21,47330,情報･通信業,65.1,6481.0,6156.9,SL(-5%),2026-05-07,10000000.0,1430,9499922.851411818,1430,-502937.1485881824
2026-04-21,48330,サービス業,80.8,71.0,67.5,SL(-5%),2026-05-07,10000000.0,1430,9507042.253521126,1430,-495817.74647887424
2026-04-21,24370,サービス業,78.4,457.0,434.1,SL(-5%),2026-05-07,10000000.0,1430,9498905.90809628,1430,-503954.09190372005
2026-04-21,36390,情報･通信業,68.1,255.0,242.2,SL(-5%),2026-05-07,10000000.0,1430,9498039.215686273,1430,-504820.78431372717
2026-04-21,67860,サービス業,69.1,56.0,53.2,SL(-5%),2026-05-07,10000000.0,1430,9500000.0,1430,-502860.0
2026-04-21,77940,その他製品,70.4,1536.0,1459.2,SL(-5%),2026-05-07,10000000.0,1430,9500000.0,1430,-502860.0
2026-04-21,477A0,サービス業,69.6,563.0,534.9,SL(-5%),2026-05-07,10000000.0,1430,9500888.09946714,1430,-501971.9005328603
2026-04-21,49600,化学,69.1,759.0,721.0,SL(-5%),2026-05-07,10000000.0,1430,9499341.238471674,1430,-503518.7615283262
2026-04-21,81050,卸売業,85.9,175.0,166.2,SL(-5%),2026-05-07,10000000.0,1430,9497142.857142856,1430,-505717.14285714366
2026-04-21,48890,医薬品,70.3,1335.0,1268.2,SL(-5%),2026-05-07,10000000.0,1430,9499625.468164794,1430,-503234.53183520585
2026-04-21,276A0,不動産業,67.9,3475.0,3301.2,SL(-5%),2026-05-07,10000000.0,1430,9499856.115107913,1430,-503003.88489208743
2026-04-21,26730,小売業,74.8,152.0,144.4,SL(-5%),2026-05-07,10000000.0,1430,9500000.0,1430,-502860.0
2026-04-21,153A0,情報･通信業,61.9,1645.0,1562.8,SL(-5%),2026-05-07,10000000.0,1430,9500303.95136778,1430,-502556.04863221943
2026-04-21,40820,化学,64.6,2360.0,2596.0,TP(+10%),2026-05-11,10000000.0,1430,11000000.0,1430,997140.0
2026-04-21,47840,サービス業,70.5,735.0,698.2,SL(-5%),2026-05-07,10000000.0,1430,9499319.727891156,1430,-503540.27210884355
2026-04-21,36970,情報･通信業,68.8,676.7,642.9,SL(-5%),2026-05-07,10000000.0,1430,9500517.215900693,1430,-502342.7840993069
2026-04-09,76940,小売業,69.3,629.0,691.9,TP(+10%),2026-05-14,10000000.0,1430,10999999.999999998,1430,997139.9999999981
2026-04-16,89380,不動産業,66.3,334.0,317.3,SL(-5%),2026-05-14,10000000.0,1430,9500000.0,1430,-502860.0
2026-04-20,38560,電気機器,66.5,535.0,508.2,SL(-5%),2026-05-14,10000000.0,1430,9499065.420560747,1430,-503794.5794392526
2026-04-21,46640,サービス業,66.9,891.0,846.4,SL(-5%),2026-05-14,10000000.0,1430,9499438.832772166,1430,-503421.16722783446
2026-05-07,62280,機械,84.1,701.0,665.9,SL(-5%),2026-05-12,10000000.0,1430,9499286.73323823,1430,-503573.2667617705
2026-05-07,61770,サービス業,94.7,112.0,106.4,SL(-5%),2026-05-14,10000000.0,1430,9500000.0,1430,-502860.0
2026-05-07,92350,サービス業,77.8,652.0,717.2,TP(+10%),2026-05-08,10000000.0,1430,11000000.0,1430,997140.0
2026-05-07,77110,精密機器,78.7,6200.0,5890.0,SL(-5%),2026-05-11,10000000.0,1430,9500000.0,1430,-502860.0
2026-05-07,94250,情報･通信業,89.1,353.0,388.3,TP(+10%),2026-05-08,10000000.0,1430,11000000.0,1430,997140.0
2026-05-07,20340,その他,79.6,2062.0,1958.9,SL(-5%),2026-05-11,10000000.0,1430,9500000.0,1430,-502860.0
2026-05-07,48890,医薬品,81.2,1215.0,1154.2,SL(-5%),2026-05-12,10000000.0,1430,9499588.477366256,1430,-503271.5226337444
2026-05-07,92500,サービス業,65.2,975.0,926.2,SL(-5%),2026-05-13,10000000.0,1430,9499487.17948718,1430,-503372.82051282004
2026-05-07,31330,小売業,78.2,240.0,228.0,SL(-5%),2026-05-12,10000000.0,1430,9500000.0,1430,-502860.0
2026-05-07,24130,サービス業,67.2,1414.5,1343.8,SL(-5%),2026-05-11,10000000.0,1430,9500176.740897844,1430,-502683.2591021564
2026-05-07,23450,情報･通信業,77.6,208.0,228.8,TP(+10%),2026-05-08,10000000.0,1430,11000000.0,1430,997140.0
2026-05-07,33500,卸売業,77.8,362.0,343.9,SL(-5%),2026-05-12,10000000.0,1430,9500000.0,1430,-502860.0
2026-05-07,39000,情報･通信業,70.4,622.0,684.2,TP(+10%),2026-05-08,10000000.0,1430,11000000.0,1430,997140.0
2026-05-07,73760,サービス業,72.2,1231.0,1169.5,SL(-5%),2026-05-08,10000000.0,1430,9500406.173842406,1430,-502453.8261575941
2026-05-07,99410,卸売業,76.9,1084.0,1029.8,SL(-5%),2026-05-08,10000000.0,1430,9500000.0,1430,-502860.0
2026-05-07,71570,保険業,61.3,1822.0,1730.9,SL(-5%),2026-05-11,10000000.0,1430,9500000.0,1430,-502860.0
2026-05-07,23340,サービス業,65.6,535.0,588.5,TP(+10%),2026-05-11,10000000.0,1430,11000000.0,1430,997140.0
2026-05-07,44270,情報･通信業,72.8,292.0,321.2,TP(+10%),2026-05-08,10000000.0,1430,10999999.999999998,1430,997139.9999999981
2025-11-26,70350,サービス業,72.6,211.0,232.1,TP(+10%),2026-05-15,10000000.0,1430,11000000.0,1430,997140.0
2026-02-18,43460,その他金融業,63.7,730.0,693.5,SL(-5%),2026-05-15,10000000.0,1430,9500000.0,1430,-502860.0
2026-04-20,42700,情報･通信業,85.3,1882.0,1787.9,SL(-5%),2026-05-15,10000000.0,1430,9500000.0,1430,-502860.0
2026-05-07,79800,その他製品,66.5,895.0,984.5,TP(+10%),2026-05-15,10000000.0,1430,11000000.0,1430,997140.0
2026-05-08,65570,サービス業,90.2,910.0,864.5,SL(-5%),2026-05-11,10000000.0,1430,9500000.0,1430,-502860.0
2026-05-08,61730,その他,93.1,38.0,41.8,TP(+10%),2026-05-11,10000000.0,1430,10999999.999999998,1430,997139.9999999981
2026-05-08,23880,その他金融業,70.0,52.0,49.4,SL(-5%),2026-05-13,10000000.0,1430,9500000.0,1430,-502860.0
2026-05-08,39000,情報･通信業,73.0,697.0,662.1,SL(-5%),2026-05-12,10000000.0,1430,9499282.639885223,1430,-503577.36011477746
2026-05-08,39050,情報･通信業,82.3,2089.0,2297.9,TP(+10%),2026-05-11,10000000.0,1430,11000000.0,1430,997140.0
2026-05-08,44270,情報･通信業,78.9,332.0,315.4,SL(-5%),2026-05-11,10000000.0,1430,9500000.0,1430,-502860.0
2026-05-08,70130,機械,68.1,3059.0,2906.0,SL(-5%),2026-05-11,10000000.0,1430,9499836.547891468,1430,-503023.4521085322
2026-05-08,67580,電気機器,68.2,3114.0,3425.4,TP(+10%),2026-05-11,10000000.0,1430,11000000.0,1430,997140.0
2026-05-08,21930,サービス業,69.8,128.0,121.6,SL(-5%),2026-05-14,10000000.0,1430,9500000.0,1430,-502860.0
2026-05-08,47840,サービス業,80.6,671.0,637.4,SL(-5%),2026-05-12,10000000.0,1430,9499254.84351714,1430,-503605.15648286045
2026-05-08,299A0,サービス業,69.5,1042.0,1146.2,TP(+10%),2026-05-11,10000000.0,1430,11000000.0,1430,997140.0
2026-05-08,44480,情報･通信業,66.9,279.0,265.1,SL(-5%),2026-05-12,10000000.0,1430,9501792.11469534,1430,-501067.8853046596
2026-05-08,59550,金属製品,62.7,97.0,92.1,SL(-5%),2026-05-11,10000000.0,1430,9494845.360824741,1430,-508014.6391752586
2026-05-08,39960,情報･通信業,68.3,238.0,226.1,SL(-5%),2026-05-11,10000000.0,1430,9500000.0,1430,-502860.0
2026-05-08,61770,サービス業,72.5,113.0,107.3,SL(-5%),2026-05-13,10000000.0,1430,9495575.221238937,1430,-507284.7787610628
2026-05-08,64250,機械,65.2,842.0,799.9,SL(-5%),2026-05-13,10000000.0,1430,9500000.0,1430,-502860.0
2026-05-08,31330,小売業,68.5,249.0,236.5,SL(-5%),2026-05-11,10000000.0,1430,9497991.967871487,1430,-504868.03212851286
2026-05-08,52620,ガラス･土石製品,64.7,1172.0,1113.4,SL(-5%),2026-05-14,10000000.0,1430,9500000.0,1430,-502860.0
2026-05-08,44880,情報･通信業,64.2,2782.0,2642.9,SL(-5%),2026-05-12,10000000.0,1430,9500000.0,1430,-502860.0
2026-05-08,504A0,医薬品,71.8,650.0,617.5,SL(-5%),2026-05-11,10000000.0,1430,9500000.0,1430,-502860.0
2026-05-08,55910,情報･通信業,66.2,1108.0,1052.6,SL(-5%),2026-05-14,10000000.0,1430,9500000.0,1430,-502860.0
2026-05-08,29980,不動産業,65.3,725.0,688.8,SL(-5%),2026-05-14,10000000.0,1430,9500689.655172413,1430,-502170.3448275868
2026-05-08,17680,建設業,90.2,1083.0,1028.8,SL(-5%),2026-05-18,10000000.0,1430,9499538.319482917,1430,-503321.68051708303
2026-05-11,92350,サービス業,95.0,797.0,757.1,SL(-5%),2026-05-12,10000000.0,1430,9499372.647427855,1430,-503487.35257214494
2026-05-11,40590,情報･通信業,86.8,403.0,382.8,SL(-5%),2026-05-18,10000000.0,1430,9498759.305210918,1430,-504100.6947890818
2026-05-11,36530,情報･通信業,86.3,770.0,847.0,TP(+10%),2026-05-12,10000000.0,1430,11000000.0,1430,997140.0
2026-05-11,39050,情報･通信業,86.4,2360.0,2242.0,SL(-5%),2026-05-12,10000000.0,1430,9500000.0,1430,-502860.0
2026-05-11,59940,金属製品,73.6,1270.0,1206.5,SL(-5%),2026-05-15,10000000.0,1430,9500000.0,1430,-502860.0
2026-05-11,61730,その他,90.4,44.0,48.4,TP(+10%),2026-05-12,10000000.0,1430,10999999.999999998,1430,997139.9999999981
2026-05-11,31350,小売業,70.6,1124.0,1067.8,SL(-5%),2026-05-14,10000000.0,1430,9500000.0,1430,-502860.0
2026-05-11,23950,サービス業,79.3,1270.0,1206.5,SL(-5%),2026-05-13,10000000.0,1430,9500000.0,1430,-502860.0
2026-05-11,88940,不動産業,86.3,36.0,34.2,SL(-5%),2026-05-13,10000000.0,1430,9500000.0,1430,-502860.0
2026-05-11,87980,保険業,76.4,157.0,149.2,SL(-5%),2026-05-15,10000000.0,1430,9503184.713375796,1430,-499675.28662420437
2026-05-11,50280,情報･通信業,76.4,423.0,401.8,SL(-5%),2026-05-13,10000000.0,1430,9498817.966903074,1430,-504042.0330969263
2026-05-11,48490,サービス業,67.3,1165.0,1106.8,SL(-5%),2026-05-14,10000000.0,1430,9500429.184549356,1430,-502430.8154506441
2026-05-11,218A0,精密機器,75.2,1650.0,1567.5,SL(-5%),2026-05-12,10000000.0,1430,9500000.0,1430,-502860.0
2026-05-11,94250,情報･通信業,78.6,353.0,335.3,SL(-5%),2026-05-12,10000000.0,1430,9498583.5694051,1430,-504276.4305949006
2026-05-11,39970,情報･通信業,77.4,369.0,350.6,SL(-5%),2026-05-12,10000000.0,1430,9501355.013550136,1430,-501504.98644986376
2026-05-11,60310,サービス業,64.2,293.0,278.3,SL(-5%),2026-05-12,10000000.0,1430,9498293.515358362,1430,-504566.48464163765
2026-05-11,20340,その他,70.3,1903.0,2093.3,TP(+10%),2026-05-18,10000000.0,1430,11000000.0,1430,997140.0
2026-05-11,299A0,サービス業,68.2,1129.0,1072.5,SL(-5%),2026-05-14,10000000.0,1430,9499557.13020372,1430,-503302.8697962798
2026-05-11,62280,機械,68.0,675.0,641.2,SL(-5%),2026-05-12,10000000.0,1430,9499259.25925926,1430,-503600.7407407407
2026-05-11,23340,サービス業,69.9,561.0,532.9,SL(-5%),2026-05-14,10000000.0,1430,9499108.734402852,1430,-503751.26559714787
2026-05-11,350A0,電気･ガス業,67.7,873.0,960.3,TP(+10%),2026-05-19,10000000.0,1430,10999999.999999998,1430,997139.9999999981
2026-05-12,39480,パルプ・紙,90.3,940.0,1034.0,TP(+10%),2026-05-13,10000000.0,1430,11000000.0,1430,997140.0
2026-05-12,44830,情報･通信業,77.8,2454.0,2699.4,TP(+10%),2026-05-13,10000000.0,1430,11000000.0,1430,997140.0
2026-05-12,37260,小売業,81.8,445.0,422.8,SL(-5%),2026-05-18,10000000.0,1430,9501123.595505618,1430,-501736.40449438244
2026-05-12,55350,不動産業,78.0,297.0,282.1,SL(-5%),2026-05-14,10000000.0,1430,9498316.498316498,1430,-504543.5016835015
2026-05-12,438A0,情報･通信業,80.8,905.0,859.8,SL(-5%),2026-05-14,10000000.0,1430,9500552.486187844,1430,-502307.5138121564
2026-05-12,76150,小売業,79.2,109.0,103.5,SL(-5%),2026-05-14,10000000.0,1430,9495412.844036696,1430,-507447.1559633035
2026-05-12,51420,化学,82.4,1268.0,1204.6,SL(-5%),2026-05-18,10000000.0,1430,9500000.0,1430,-502860.0
2026-05-12,36530,情報･通信業,82.0,726.0,689.7,SL(-5%),2026-05-14,10000000.0,1430,9500000.0,1430,-502860.0
2026-05-12,143A0,サービス業,69.4,753.0,715.4,SL(-5%),2026-05-14,10000000.0,1430,9500664.010624168,1430,-502195.98937583156
2026-05-12,61730,その他,88.1,32.0,35.2,TP(+10%),2026-05-13,10000000.0,1430,11000000.0,1430,997140.0
2026-05-12,36950,情報･通信業,65.9,1746.0,1658.7,SL(-5%),2026-05-18,10000000.0,1430,9500000.0,1430,-502860.0
2026-05-12,66140,電気機器,70.2,915.0,869.2,SL(-5%),2026-05-14,10000000.0,1430,9499453.551912569,1430,-503406.4480874315
2026-05-12,20340,その他,73.5,1942.0,2136.2,TP(+10%),2026-05-18,10000000.0,1430,10999999.999999998,1430,997139.9999999981
2026-05-12,39970,情報･通信業,80.8,318.0,302.1,SL(-5%),2026-05-14,10000000.0,1430,9500000.0,1430,-502860.0
2026-05-12,57290,非鉄金属,82.0,1920.0,1824.0,SL(-5%),2026-05-13,10000000.0,1430,9500000.0,1430,-502860.0
2026-05-12,95620,サービス業,68.1,581.0,639.1,TP(+10%),2026-05-13,10000000.0,1430,11000000.0,1430,997140.0
2026-05-12,92350,サービス業,80.4,696.0,661.2,SL(-5%),2026-05-13,10000000.0,1430,9500000.0,1430,-502860.0
2026-05-12,63660,建設業,70.9,794.0,754.3,SL(-5%),2026-05-18,10000000.0,1430,9500000.0,1430,-502860.0
2026-05-12,62260,機械,65.5,2131.0,2344.1,TP(+10%),2026-05-15,10000000.0,1430,10999999.999999998,1430,997139.9999999981
2026-05-12,43740,情報･通信業,63.0,2319.0,2550.9,TP(+10%),2026-05-19,10000000.0,1430,11000000.0,1430,997140.0
2026-05-12,218A0,精密機器,78.8,1454.0,1381.3,SL(-5%),2026-05-18,10000000.0,1430,9500000.0,1430,-502860.0
2026-05-12,41920,情報･通信業,66.2,338.0,321.1,SL(-5%),2026-05-13,10000000.0,1430,9500000.0,1430,-502860.0
2026-05-12,23340,サービス業,66.3,572.0,543.4,SL(-5%),2026-05-13,10000000.0,1430,9500000.0,1430,-502860.0
2026-05-12,43160,情報･通信業,84.5,177.0,194.7,TP(+10%),2026-05-13,10000000.0,1430,10999999.999999998,1430,997139.9999999981
2026-05-12,52580,情報･通信業,61.5,345.0,379.5,TP(+10%),2026-05-15,10000000.0,1430,11000000.0,1430,997140.0
2026-05-12,99730,小売業,64.5,23.0,21.8,SL(-5%),2026-05-15,10000000.0,1430,9478260.869565219,1430,-524599.1304347813
2026-05-12,78150,その他製品,67.3,330.0,313.5,SL(-5%),2026-05-13,10000000.0,1430,9500000.0,1430,-502860.0
2026-05-12,65730,サービス業,78.4,34.0,32.3,SL(-5%),2026-05-13,10000000.0,1430,9500000.0,1430,-502860.0
2026-05-12,62080,機械,65.9,1855.0,1762.2,SL(-5%),2026-05-14,10000000.0,1430,9499730.458221024,1430,-503129.5417789761
2026-05-12,36810,その他,84.2,27.0,25.6,SL(-5%),2026-05-13,10000000.0,1430,9481481.481481481,1430,-521378.51851851866
2026-05-12,39050,情報･通信業,71.5,2250.0,2137.5,SL(-5%),2026-05-13,10000000.0,1430,9500000.0,1430,-502860.0
2026-05-12,190A0,医薬品,63.9,151.0,143.4,SL(-5%),2026-05-13,10000000.0,1430,9496688.741721855,1430,-506171.2582781445
2026-04-07,75270,情報･通信業,77.8,53.0,50.3,SL(-5%),2026-05-25,10000000.0,1430,9490566.037735848,1430,-512293.96226415224
2026-04-14,29830,不動産業,66.5,1467.0,1393.6,SL(-5%),2026-05-28,10000000.0,1430,9499659.168370824,1430,-503200.8316291757
2026-05-12,189A0,サービス業,81.8,961.0,912.9,SL(-5%),2026-05-28,10000000.0,1430,9499479.708636837,1430,-503380.2913631629
2026-05-12,40280,化学,80.4,2726.0,2998.6,TP(+10%),2026-05-27,10000000.0,1430,10999999.999999998,1430,997139.9999999981
2026-05-12,90900,陸運業,65.3,835.0,793.2,SL(-5%),2026-05-26,10000000.0,1430,9499401.19760479,1430,-503458.80239520967
2026-05-12,42020,化学,67.1,1140.0,1254.0,TP(+10%),2026-05-25,10000000.0,1430,11000000.0,1430,997140.0
2026-05-12,70940,サービス業,66.8,1421.0,1350.0,SL(-5%),2026-05-25,10000000.0,1430,9500351.864883885,1430,-502508.1351161152
2026-05-13,94440,情報･通信業,96.5,217.0,206.1,SL(-5%),2026-05-27,10000000.0,1430,9497695.852534562,1430,-505164.14746543765
2026-05-13,45920,医薬品,88.1,2026.0,1924.7,SL(-5%),2026-05-25,10000000.0,1430,9500000.0,1430,-502860.0
2026-05-13,41130,化学,68.5,959.0,911.0,SL(-5%),2026-05-25,10000000.0,1430,9499478.623566214,1430,-503381.376433786
2026-05-13,70740,サービス業,68.3,183.0,173.8,SL(-5%),2026-05-26,10000000.0,1430,9497267.759562843,1430,-505592.24043715745
2026-05-13,262A0,小売業,65.8,2017.0,1916.1,SL(-5%),2026-05-25,10000000.0,1430,9499752.107089737,1430,-503107.89291026257
2026-05-13,34430,金属製品,74.2,1274.0,1210.3,SL(-5%),2026-05-25,10000000.0,1430,9500000.0,1430,-502860.0
2026-05-13,190A0,医薬品,76.1,137.0,130.2,SL(-5%),2026-05-25,10000000.0,1430,9503649.635036495,1430,-499210.3649635054
2026-05-13,48820,医薬品,72.1,191.0,181.4,SL(-5%),2026-05-25,10000000.0,1430,9497382.19895288,1430,-505477.80104712024
2026-05-13,69460,電気機器,65.8,5970.0,6567.0,TP(+10%),2026-05-26,10000000.0,1430,11000000.0,1430,997140.0
2026-05-13,79060,その他製品,64.9,2634.0,2502.3,SL(-5%),2026-05-25,10000000.0,1430,9500000.0,1430,-502860.0
2026-05-13,27670,卸売業,64.5,1502.0,1426.9,SL(-5%),2026-05-25,10000000.0,1430,9500000.0,1430,-502860.0
2026-05-13,44830,情報･通信業,74.2,2817.0,2676.2,SL(-5%),2026-05-28,10000000.0,1430,9500177.493787717,1430,-502682.5062122829
2026-05-13,87830,その他金融業,76.5,135.0,128.2,SL(-5%),2026-05-25,10000000.0,1430,9496296.296296297,1430,-506563.70370370336
2026-05-13,70180,輸送用機器,65.1,10050.0,11055.0,TP(+10%),2026-05-26,10000000.0,1430,11000000.0,1430,997140.0
2026-05-13,72260,輸送用機器,64.2,2434.0,2312.3,SL(-5%),2026-05-25,10000000.0,1430,9500000.0,1430,-502860.0
2026-05-13,24770,情報･通信業,62.8,2375.0,2256.2,SL(-5%),2026-05-25,10000000.0,1430,9499789.47368421,1430,-503070.52631578967
2026-05-13,278A0,精密機器,76.2,11470.0,10896.5,SL(-5%),2026-05-25,10000000.0,1430,9500000.0,1430,-502860.0
2026-05-13,64170,機械,66.9,1732.0,1645.4,SL(-5%),2026-05-26,10000000.0,1430,9500000.0,1430,-502860.0
2026-05-13,15150,鉱業,74.6,2516.0,2390.2,SL(-5%),2026-05-25,10000000.0,1430,9500000.0,1430,-502860.0
2026-05-13,67530,電気機器,69.5,591.1,650.2,TP(+10%),2026-05-26,10000000.0,1430,10999830.823887669,1430,996970.8238876686
2026-05-13,48190,情報･通信業,71.3,2779.0,2640.0,SL(-5%),2026-05-25,10000000.0,1430,9499820.079165168,1430,-503039.9208348319
2026-05-13,43160,情報･通信業,84.8,227.0,215.6,SL(-5%),2026-05-25,10000000.0,1430,9497797.356828194,1430,-505062.6431718059
2026-05-13,66960,電気機器,73.3,380.0,361.0,SL(-5%),2026-05-26,10000000.0,1430,9500000.0,1430,-502860.0
2026-05-13,57290,非鉄金属,68.2,1787.0,1697.6,SL(-5%),2026-05-25,10000000.0,1430,9499720.201454952,1430,-503139.79854504764
2026-05-13,94250,情報･通信業,83.7,275.0,261.2,SL(-5%),2026-05-25,10000000.0,1430,9498181.818181818,1430,-504678.18181818165
2026-05-13,194A0,サービス業,67.8,1539.0,1462.0,SL(-5%),2026-05-25,10000000.0,1430,9499675.113710202,1430,-503184.8862897977
2026-05-13,64600,機械,64.2,2176.0,2393.6,TP(+10%),2026-06-01,10000000.0,1430,10999999.999999998,1430,997139.9999999981
2026-05-25,97080,サービス業,74.1,1133.0,1076.3,SL(-5%),2026-05-26,10000000.0,1430,9499558.69373345,1430,-503301.30626655
2026-05-25,93480,サービス業,74.4,580.0,638.0,TP(+10%),2026-05-27,10000000.0,1430,11000000.0,1430,997140.0
2026-05-25,93990,情報･通信業,84.5,17.0,18.7,TP(+10%),2026-05-26,10000000.0,1430,10999999.999999998,1430,997139.9999999981
2026-05-25,39970,情報･通信業,68.5,349.0,383.9,TP(+10%),2026-05-26,10000000.0,1430,10999999.999999998,1430,997139.9999999981
2026-05-25,39630,情報･通信業,65.9,336.0,319.2,SL(-5%),2026-06-01,10000000.0,1430,9500000.0,1430,-502860.0
2026-05-25,99410,卸売業,76.3,1144.0,1086.8,SL(-5%),2026-05-26,10000000.0,1430,9500000.0,1430,-502860.0
2026-05-25,87980,保険業,70.4,133.0,146.3,TP(+10%),2026-05-27,10000000.0,1430,11000000.0,1430,997140.0
2026-05-25,39150,情報･通信業,61.7,2036.0,1934.2,SL(-5%),2026-05-27,10000000.0,1430,9500000.0,1430,-502860.0
2026-05-25,65740,サービス業,72.5,110.0,104.5,SL(-5%),2026-05-26,10000000.0,1430,9500000.0,1430,-502860.0
2026-05-25,91620,サービス業,63.8,246.0,233.7,SL(-5%),2026-05-28,10000000.0,1430,9500000.0,1430,-502860.0
2026-05-25,45700,医薬品,67.5,1158.0,1100.1,SL(-5%),2026-05-27,10000000.0,1430,9500000.0,1430,-502860.0
2026-05-25,70610,サービス業,66.2,635.0,603.2,SL(-5%),2026-06-01,10000000.0,1430,9499212.598425196,1430,-503647.4015748035
2026-05-25,71380,小売業,69.3,145.0,137.8,SL(-5%),2026-06-01,10000000.0,1430,9503448.27586207,1430,-499411.7241379302
2026-05-25,67210,電気機器,63.2,88.0,83.6,SL(-5%),2026-05-28,10000000.0,1430,9500000.0,1430,-502860.0
2026-05-25,74090,輸送用機器,71.3,1815.0,1724.2,SL(-5%),2026-05-27,10000000.0,1430,9499724.517906336,1430,-503135.4820936639
2026-04-21,60220,機械,81.1,2763.0,2624.8,SL(-5%),2026-06-02,10000000.0,1430,9499819.03727832,1430,-503040.96272167936
2026-05-13,57150,非鉄金属,69.2,4075.0,3871.2,SL(-5%),2026-06-02,10000000.0,1430,9499877.300613496,1430,-502982.69938650355
2026-05-25,70670,サービス業,80.5,1023.0,971.8,SL(-5%),2026-06-02,10000000.0,1430,9499511.241446726,1430,-503348.758553274
2026-05-26,75780,小売業,91.8,87.0,82.6,SL(-5%),2026-06-02,10000000.0,1430,9494252.873563219,1430,-508607.12643678114
2026-05-26,37770,情報･通信業,87.2,51.0,56.1,TP(+10%),2026-05-27,10000000.0,1430,11000000.0,1430,997140.0
2026-05-26,38030,情報･通信業,89.8,626.0,594.7,SL(-5%),2026-05-27,10000000.0,1430,9500000.0,1430,-502860.0
2026-05-26,38560,電気機器,78.7,558.0,530.1,SL(-5%),2026-05-27,10000000.0,1430,9500000.0,1430,-502860.0
2026-05-26,65380,サービス業,74.3,249.0,236.5,SL(-5%),2026-06-02,10000000.0,1430,9497991.967871487,1430,-504868.03212851286
2026-05-26,70840,サービス業,68.7,2500.0,2375.0,SL(-5%),2026-05-27,10000000.0,1430,9500000.0,1430,-502860.0
2026-05-26,36240,情報･通信業,83.6,50.0,55.0,TP(+10%),2026-05-27,10000000.0,1430,11000000.0,1430,997140.0
2026-05-26,58560,その他,87.8,6.0,6.6,TP(+10%),2026-05-27,10000000.0,1430,10999999.999999998,1430,997139.9999999981
2026-05-26,75010,卸売業,78.7,1410.0,1339.5,SL(-5%),2026-05-27,10000000.0,1430,9500000.0,1430,-502860.0
2026-05-26,137A0,情報･通信業,68.3,644.0,611.8,SL(-5%),2026-05-29,10000000.0,1430,9500000.0,1430,-502860.0
2026-05-26,89380,不動産業,81.2,343.0,325.8,SL(-5%),2026-05-28,10000000.0,1430,9498542.274052478,1430,-504317.7259475216
2026-05-26,36940,情報･通信業,70.5,456.0,433.2,SL(-5%),2026-05-27,10000000.0,1430,9500000.0,1430,-502860.0
2026-05-26,55720,情報･通信業,61.6,2388.0,2626.8,TP(+10%),2026-06-02,10000000.0,1430,11000000.0,1430,997140.0
2026-05-26,82260,卸売業,63.9,404.0,444.4,TP(+10%),2026-05-29,10000000.0,1430,10999999.999999998,1430,997139.9999999981
2026-05-26,89950,不動産業,69.7,1018.0,967.1,SL(-5%),2026-06-01,10000000.0,1430,9500000.0,1430,-502860.0
2026-05-26,88940,不動産業,83.0,28.0,26.6,SL(-5%),2026-05-28,10000000.0,1430,9500000.0,1430,-502860.0
2026-05-26,14910,非鉄金属,74.9,771.0,732.4,SL(-5%),2026-05-28,10000000.0,1430,9499351.49156939,1430,-503508.5084306095
2026-05-26,24590,サービス業,75.3,201.0,190.9,SL(-5%),2026-06-02,10000000.0,1430,9497512.437810946,1430,-505347.56218905374
2026-05-26,36810,その他,84.1,33.0,36.3,TP(+10%),2026-05-27,10000000.0,1430,10999999.999999998,1430,997139.9999999981
2026-05-26,93990,情報･通信業,83.6,17.0,18.7,TP(+10%),2026-05-27,10000000.0,1430,10999999.999999998,1430,997139.9999999981
2026-05-26,73760,サービス業,61.9,1245.0,1182.8,SL(-5%),2026-05-27,10000000.0,1430,9500401.606425703,1430,-502458.3935742974
2026-04-16,96010,情報･通信業,61.4,10430.0,9908.5,SL(-5%),2026-06-03,10000000.0,1430,9500000.0,1430,-502860.0
2026-05-27,23380,情報･通信業,99.0,165.0,181.5,TP(+10%),2026-05-28,10000000.0,1430,11000000.0,1430,997140.0
2026-05-27,36240,情報･通信業,97.3,55.0,52.2,SL(-5%),2026-05-28,10000000.0,1430,9490909.090909092,1430,-511950.90909090824
2026-05-27,198A0,情報･通信業,99.0,166.0,157.7,SL(-5%),2026-05-28,10000000.0,1430,9500000.0,1430,-502860.0
2026-05-27,63470,機械,90.6,283.0,268.8,SL(-5%),2026-06-01,10000000.0,1430,9498233.215547703,1430,-504626.7844522968
2026-05-27,25860,食料品,96.2,110.0,104.5,SL(-5%),2026-05-28,10000000.0,1430,9500000.0,1430,-502860.0
2026-05-27,87980,保険業,92.7,142.0,134.9,SL(-5%),2026-06-01,10000000.0,1430,9500000.0,1430,-502860.0
2026-05-27,70720,サービス業,78.5,1111.0,1055.5,SL(-5%),2026-05-28,10000000.0,1430,9500450.0450045,1430,-502409.9549954999
2026-05-27,93480,サービス業,83.3,600.0,660.0,TP(+10%),2026-05-28,10000000.0,1430,11000000.0,1430,997140.0
2026-05-27,92120,サービス業,71.4,339.0,322.1,SL(-5%),2026-05-28,10000000.0,1430,9501474.926253688,1430,-501385.0737463124
2026-05-27,36860,情報･通信業,75.7,94.0,89.3,SL(-5%),2026-05-28,10000000.0,1430,9500000.0,1430,-502860.0
2026-05-27,44870,情報･通信業,68.8,255.0,242.2,SL(-5%),2026-05-28,10000000.0,1430,9498039.215686273,1430,-504820.78431372717
2026-05-27,97040,サービス業,73.0,27.0,29.7,TP(+10%),2026-05-28,10000000.0,1430,11000000.0,1430,997140.0
2026-05-27,38230,情報･通信業,85.0,36.0,34.2,SL(-5%),2026-06-03,10000000.0,1430,9500000.0,1430,-502860.0
2026-05-27,65380,サービス業,65.7,246.0,233.7,SL(-5%),2026-06-03,10000000.0,1430,9500000.0,1430,-502860.0
2026-05-27,58560,その他,85.3,6.0,6.6,TP(+10%),2026-05-28,10000000.0,1430,10999999.999999998,1430,997139.9999999981
2026-05-27,39360,情報･通信業,79.0,177.0,168.2,SL(-5%),2026-05-28,10000000.0,1430,9502824.858757062,1430,-500035.1412429381
2026-05-27,45820,医薬品,69.1,78.0,74.1,SL(-5%),2026-06-01,10000000.0,1430,9500000.0,1430,-502860.0
2026-05-27,34090,繊維製品,66.9,104.0,98.8,SL(-5%),2026-06-01,10000000.0,1430,9500000.0,1430,-502860.0
2026-05-27,47360,情報･通信業,63.7,584.0,642.4,TP(+10%),2026-05-29,10000000.0,1430,10999999.999999998,1430,997139.9999999981
2026-05-27,75010,卸売業,73.8,1340.0,1474.0,TP(+10%),2026-05-28,10000000.0,1430,11000000.0,1430,997140.0
2026-05-27,93990,情報･通信業,84.3,19.0,18.1,SL(-5%),2026-05-28,10000000.0,1430,9526315.789473685,1430,-476544.2105263155
2026-05-27,336A0,情報･通信業,70.0,883.0,971.3,TP(+10%),2026-05-28,10000000.0,1430,10999999.999999998,1430,997139.9999999981
2026-05-27,57210,非鉄金属,73.7,66.0,72.6,TP(+10%),2026-05-28,10000000.0,1430,10999999.999999998,1430,997139.9999999981
2026-05-13,65370,サービス業,68.9,308.0,338.8,TP(+10%),2026-06-04,10000000.0,1430,11000000.0,1430,997140.0
2026-05-13,70220,機械,71.2,281.0,266.9,SL(-5%),2026-06-04,10000000.0,1430,9498220.640569394,1430,-504639.35943060555
2026-05-28,65480,サービス業,91.1,118.0,112.1,SL(-5%),2026-05-29,10000000.0,1430,9500000.0,1430,-502860.0
2026-05-28,61470,機械,82.0,182.0,172.9,SL(-5%),2026-06-01,10000000.0,1430,9500000.0,1430,-502860.0
2026-05-28,76020,卸売業,90.5,174.0,165.3,SL(-5%),2026-06-01,10000000.0,1430,9500000.0,1430,-502860.0
2026-05-28,23300,情報･通信業,94.7,80.0,76.0,SL(-5%),2026-05-29,10000000.0,1430,9500000.0,1430,-502860.0
2026-05-28,77940,その他製品,80.2,1284.0,1219.8,SL(-5%),2026-05-29,10000000.0,1430,9500000.0,1430,-502860.0
2026-05-28,44870,情報･通信業,87.2,217.0,238.7,TP(+10%),2026-05-29,10000000.0,1430,10999999.999999998,1430,997139.9999999981
2026-05-28,23380,情報･通信業,89.9,156.0,148.2,SL(-5%),2026-05-29,10000000.0,1430,9500000.0,1430,-502860.0
2026-05-28,97040,サービス業,85.5,30.0,28.5,SL(-5%),2026-05-29,10000000.0,1430,9500000.0,1430,-502860.0
2026-05-28,93480,サービス業,83.0,699.0,664.0,SL(-5%),2026-05-29,10000000.0,1430,9499284.692417739,1430,-503575.30758226104
2026-05-28,25860,食料品,87.9,106.0,100.7,SL(-5%),2026-05-29,10000000.0,1430,9500000.0,1430,-502860.0
2026-05-28,36860,情報･通信業,72.0,88.0,83.6,SL(-5%),2026-06-02,10000000.0,1430,9500000.0,1430,-502860.0
2026-05-28,99730,小売業,70.2,20.0,22.0,TP(+10%),2026-05-29,10000000.0,1430,11000000.0,1430,997140.0
2026-05-28,44380,情報･通信業,78.8,276.0,262.2,SL(-5%),2026-06-02,10000000.0,1430,9500000.0,1430,-502860.0
2026-05-28,49780,化学,66.5,128.0,121.6,SL(-5%),2026-06-03,10000000.0,1430,9500000.0,1430,-502860.0
2026-05-28,93990,情報･通信業,85.2,15.0,14.2,SL(-5%),2026-05-29,10000000.0,1430,9466666.666666666,1430,-536193.333333334
2026-05-28,76940,小売業,73.2,484.0,459.8,SL(-5%),2026-06-01,10000000.0,1430,9500000.0,1430,-502860.0
2026-05-28,58560,その他,85.0,8.0,8.8,TP(+10%),2026-05-29,10000000.0,1430,11000000.0,1430,997140.0
2026-05-28,36240,情報･通信業,74.3,53.0,58.3,TP(+10%),2026-05-29,10000000.0,1430,10999999.999999998,1430,997139.9999999981
2026-05-28,504A0,医薬品,68.6,555.0,527.2,SL(-5%),2026-06-01,10000000.0,1430,9499099.0990991,1430,-503760.90090090036
2026-05-28,30700,卸売業,78.7,92.0,87.4,SL(-5%),2026-06-01,10000000.0,1430,9500000.0,1430,-502860.0
2026-05-07,93450,サービス業,81.8,570.0,541.5,SL(-5%),2026-06-15,10000000.0,1430,9500000.0,1430,-502860.0
2026-05-08,55870,情報･通信業,68.6,810.0,769.5,SL(-5%),2026-06-15,10000000.0,1430,9500000.0,1430,-502860.0
2026-05-11,81430,繊維製品,70.8,170.0,161.5,SL(-5%),2026-06-15,10000000.0,1430,9500000.0,1430,-502860.0
2026-05-25,70350,サービス業,63.1,240.0,228.0,SL(-5%),2026-06-15,10000000.0,1430,9500000.0,1430,-502860.0
2026-05-26,76810,卸売業,71.5,802.0,882.2,TP(+10%),2026-06-15,10000000.0,1430,11000000.0,1430,997140.0
2026-05-27,288A0,サービス業,67.5,97.0,92.1,SL(-5%),2026-06-16,10000000.0,1430,9494845.360824741,1430,-508014.6391752586
2026-05-28,41920,情報･通信業,66.3,282.0,267.9,SL(-5%),2026-06-15,10000000.0,1430,9500000.0,1430,-502860.0
2026-05-29,44870,情報･通信業,83.2,239.0,227.0,SL(-5%),2026-06-15,10000000.0,1430,9497907.949790794,1430,-504952.0502092056
2026-05-29,36800,情報･通信業,82.1,258.0,245.1,SL(-5%),2026-06-15,10000000.0,1430,9500000.0,1430,-502860.0
2026-05-29,69930,小売業,81.4,109.0,103.5,SL(-5%),2026-06-15,10000000.0,1430,9495412.844036696,1430,-507447.1559633035
2026-05-29,77090,精密機器,89.6,73.0,69.3,SL(-5%),2026-06-15,10000000.0,1430,9493150.684931505,1430,-509709.3150684945
2026-05-29,93990,情報･通信業,88.3,13.0,12.3,SL(-5%),2026-06-15,10000000.0,1430,9461538.461538462,1430,-541321.538461538
2026-05-29,50310,情報･通信業,81.1,549.0,521.5,SL(-5%),2026-06-15,10000000.0,1430,9499089.253187614,1430,-503770.74681238644
2026-05-29,14470,建設業,66.1,294.0,279.3,SL(-5%),2026-06-16,10000000.0,1430,9500000.0,1430,-502860.0
2026-05-29,62280,機械,76.6,607.0,667.7,TP(+10%),2026-06-15,10000000.0,1430,11000000.0,1430,997140.0
2026-05-29,40690,情報･通信業,75.2,1033.0,981.3,SL(-5%),2026-06-15,10000000.0,1430,9499515.97289448,1430,-503344.02710551955
2026-05-29,91660,サービス業,76.7,614.0,583.3,SL(-5%),2026-06-15,10000000.0,1430,9500000.0,1430,-502860.0
2026-05-29,39150,情報･通信業,66.8,2063.0,2269.3,TP(+10%),2026-06-15,10000000.0,1430,11000000.0,1430,997140.0
2026-05-29,58560,その他,85.2,8.0,7.6,SL(-5%),2026-06-15,10000000.0,1430,9500000.0,1430,-502860.0
2026-05-29,23380,情報･通信業,82.4,138.0,131.1,SL(-5%),2026-06-15,10000000.0,1430,9500000.0,1430,-502860.0
2026-05-29,77940,その他製品,70.8,1149.0,1091.5,SL(-5%),2026-06-15,10000000.0,1430,9499564.838990426,1430,-503295.1610095743
2026-05-29,93480,サービス業,66.3,671.0,637.4,SL(-5%),2026-06-15,10000000.0,1430,9499254.84351714,1430,-503605.15648286045
2026-05-29,25850,食料品,69.5,1729.0,1642.5,SL(-5%),2026-06-15,10000000.0,1430,9499710.81550029,1430,-503149.1844997108
2026-05-29,36240,情報･通信業,82.2,58.0,63.8,TP(+10%),2026-06-15,10000000.0,1430,10999999.999999998,1430,997139.9999999981
2025-12-23,59050,金属製品,70.7,1235.0,1358.5,TP(+10%),2026-06-22,10000000.0,1430,11000000.0,1430,997140.0
2026-04-14,39350,情報･通信業,84.4,648.0,712.8,TP(+10%),2026-06-22,10000000.0,1430,10999999.999999998,1430,997139.9999999981
2026-06-15,70480,サービス業,95.2,130.0,123.5,SL(-5%),2026-06-16,10000000.0,1430,9500000.0,1430,-502860.0
2026-06-15,39260,情報･通信業,93.5,261.0,287.1,TP(+10%),2026-06-16,10000000.0,1430,11000000.0,1430,997140.0
2026-06-15,31870,小売業,86.0,250.0,237.5,SL(-5%),2026-06-16,10000000.0,1430,9500000.0,1430,-502860.0
2026-06-15,43160,情報･通信業,94.0,130.0,123.5,SL(-5%),2026-06-16,10000000.0,1430,9500000.0,1430,-502860.0
2026-06-15,460A0,情報･通信業,86.5,885.0,840.8,SL(-5%),2026-06-16,10000000.0,1430,9500564.971751412,1430,-502295.0282485876
2026-06-15,92400,サービス業,73.7,419.0,398.0,SL(-5%),2026-06-17,10000000.0,1430,9498806.682577565,1430,-504053.3174224347
2026-06-15,24370,サービス業,83.9,447.0,491.7,TP(+10%),2026-06-16,10000000.0,1430,11000000.0,1430,997140.0
2026-06-15,31950,小売業,71.5,426.0,468.6,TP(+10%),2026-06-16,10000000.0,1430,11000000.0,1430,997140.0
2026-06-15,95650,サービス業,74.8,685.0,650.8,SL(-5%),2026-06-16,10000000.0,1430,9500729.927007299,1430,-502130.0729927011
2026-06-15,92380,サービス業,76.5,400.0,380.0,SL(-5%),2026-06-19,10000000.0,1430,9500000.0,1430,-502860.0
2026-06-15,38250,小売業,84.4,240.0,228.0,SL(-5%),2026-06-16,10000000.0,1430,9500000.0,1430,-502860.0
2026-06-15,43460,その他金融業,75.5,730.0,803.0,TP(+10%),2026-06-19,10000000.0,1430,11000000.0,1430,997140.0
2026-06-15,73780,サービス業,66.7,1400.0,1330.0,SL(-5%),2026-06-16,10000000.0,1430,9500000.0,1430,-502860.0
2026-06-15,27760,卸売業,74.2,90.0,99.0,TP(+10%),2026-06-17,10000000.0,1430,11000000.0,1430,997140.0
2026-06-15,58580,非鉄金属,70.3,1101.0,1211.1,TP(+10%),2026-06-18,10000000.0,1430,10999999.999999998,1430,997139.9999999981
2026-06-15,190A0,医薬品,75.0,90.0,85.5,SL(-5%),2026-06-16,10000000.0,1430,9500000.0,1430,-502860.0
2026-06-15,67310,電気機器,73.3,129.0,122.5,SL(-5%),2026-06-16,10000000.0,1430,9496124.031007752,1430,-506735.9689922482
2026-06-15,38450,情報･通信業,65.8,200.0,190.0,SL(-5%),2026-06-17,10000000.0,1430,9500000.0,1430,-502860.0
2026-06-15,215A0,サービス業,69.0,1273.0,1400.3,TP(+10%),2026-06-16,10000000.0,1430,10999999.999999998,1430,997139.9999999981
2026-06-15,34980,不動産業,65.8,6280.0,6908.0,TP(+10%),2026-06-18,10000000.0,1430,11000000.0,1430,997140.0
2026-06-15,219A0,医薬品,68.7,1730.0,1643.5,SL(-5%),2026-06-17,10000000.0,1430,9500000.0,1430,-502860.0
2026-06-15,60720,サービス業,78.6,982.0,932.9,SL(-5%),2026-06-16,10000000.0,1430,9500000.0,1430,-502860.0
2026-06-15,556A0,小売業,66.2,3380.0,3211.0,SL(-5%),2026-06-16,10000000.0,1430,9500000.0,1430,-502860.0
2026-06-15,34440,金属製品,72.9,860.0,946.0,TP(+10%),2026-06-18,10000000.0,1430,11000000.0,1430,997140.0
2026-06-15,33580,小売業,79.3,89.0,84.5,SL(-5%),2026-06-23,10000000.0,1430,9494382.02247191,1430,-508477.97752808966
2026-06-15,40750,情報･通信業,70.1,835.0,918.5,TP(+10%),2026-06-23,10000000.0,1430,11000000.0,1430,997140.0
2026-06-16,35590,卸売業,87.7,459.0,436.0,SL(-5%),2026-06-17,10000000.0,1430,9498910.675381264,1430,-503949.3246187363
2026-06-16,51360,情報･通信業,80.0,1418.0,1559.8,TP(+10%),2026-06-17,10000000.0,1430,10999999.999999998,1430,997139.9999999981
2026-06-16,66340,電気機器,89.7,67.0,63.6,SL(-5%),2026-06-17,10000000.0,1430,9492537.313432837,1430,-510322.6865671631
2026-06-16,190A0,医薬品,89.2,71.0,67.5,SL(-5%),2026-06-18,10000000.0,1430,9507042.253521126,1430,-495817.74647887424
2026-06-16,23150,情報･通信業,88.0,59.0,56.0,SL(-5%),2026-06-22,10000000.0,1430,9491525.423728814,1430,-511334.57627118565
2026-06-16,218A0,精密機器,89.0,781.0,859.1,TP(+10%),2026-06-17,10000000.0,1430,11000000.0,1430,997140.0
2026-06-16,77460,精密機器,83.4,897.0,852.1,SL(-5%),2026-06-17,10000000.0,1430,9499442.586399108,1430,-503417.4136008918
2026-06-16,24590,サービス業,87.9,160.0,176.0,TP(+10%),2026-06-19,10000000.0,1430,11000000.0,1430,997140.0
2026-06-16,281A0,情報･通信業,88.4,615.0,584.2,SL(-5%),2026-06-19,10000000.0,1430,9499186.991869919,1430,-503673.008130081
2026-06-16,460A0,情報･通信業,83.1,778.0,855.8,TP(+10%),2026-06-23,10000000.0,1430,10999999.999999998,1430,997139.9999999981
2026-06-16,31340,小売業,73.8,333.0,316.3,SL(-5%),2026-06-17,10000000.0,1430,9498498.4984985,1430,-504361.5015015006
2026-06-16,38030,情報･通信業,84.1,485.0,460.8,SL(-5%),2026-06-17,10000000.0,1430,9501030.927835051,1430,-501829.07216494903
2026-06-16,31950,小売業,74.8,466.0,512.6,TP(+10%),2026-06-17,10000000.0,1430,11000000.0,1430,997140.0
2026-06-16,65480,サービス業,80.5,107.0,101.6,SL(-5%),2026-06-17,10000000.0,1430,9495327.102803737,1430,-507532.8971962631
2026-06-16,57290,非鉄金属,75.4,1650.0,1567.5,SL(-5%),2026-06-17,10000000.0,1430,9500000.0,1430,-502860.0
2026-06-16,44460,情報･通信業,74.4,785.0,745.8,SL(-5%),2026-06-17,10000000.0,1430,9500636.942675158,1430,-502223.0573248416
2026-06-16,24370,サービス業,75.9,476.0,523.6,TP(+10%),2026-06-17,10000000.0,1430,11000000.0,1430,997140.0
2026-06-16,92560,サービス業,77.7,2140.0,2033.0,SL(-5%),2026-06-17,10000000.0,1430,9500000.0,1430,-502860.0
2026-06-16,73780,サービス業,64.2,1317.0,1448.7,TP(+10%),2026-06-18,10000000.0,1430,11000000.0,1430,997140.0
2026-06-16,35650,卸売業,68.7,419.0,460.9,TP(+10%),2026-06-17,10000000.0,1430,10999999.999999998,1430,997139.9999999981
2026-06-16,88940,不動産業,84.4,21.0,23.1,TP(+10%),2026-06-18,10000000.0,1430,11000000.0,1430,997140.0
2026-06-16,286A0,サービス業,63.3,673.0,639.4,SL(-5%),2026-06-23,10000000.0,1430,9500742.94205052,1430,-502117.05794947967
2026-06-16,25860,食料品,83.0,113.0,107.3,SL(-5%),2026-06-17,10000000.0,1430,9495575.221238937,1430,-507284.7787610628
2026-06-16,43750,情報･通信業,67.9,595.0,654.5,TP(+10%),2026-06-24,10000000.0,1430,11000000.0,1430,997140.0
2026-06-17,67210,電気機器,92.9,84.0,79.8,SL(-5%),2026-06-18,10000000.0,1430,9500000.0,1430,-502860.0
2026-06-17,74120,小売業,76.0,454.0,431.3,SL(-5%),2026-06-18,10000000.0,1430,9500000.0,1430,-502860.0
2026-06-17,198A0,情報･通信業,99.0,146.0,138.7,SL(-5%),2026-06-23,10000000.0,1430,9500000.0,1430,-502860.0
2026-06-17,92370,サービス業,90.5,750.0,712.5,SL(-5%),2026-06-18,10000000.0,1430,9500000.0,1430,-502860.0
2026-06-17,35650,卸売業,86.0,417.0,396.1,SL(-5%),2026-06-18,10000000.0,1430,9498800.959232613,1430,-504059.04076738656
2026-06-17,26670,卸売業,90.1,139.0,152.9,TP(+10%),2026-06-18,10000000.0,1430,11000000.0,1430,997140.0
2026-06-17,88360,不動産業,82.4,27.0,25.6,SL(-5%),2026-06-18,10000000.0,1430,9481481.481481481,1430,-521378.51851851866
2026-06-17,218A0,精密機器,85.6,903.0,857.8,SL(-5%),2026-06-19,10000000.0,1430,9499446.290143963,1430,-503413.70985603705
2026-06-17,77190,精密機器,82.1,433.0,411.3,SL(-5%),2026-06-18,10000000.0,1430,9498845.265588915,1430,-504014.734411085
2026-06-17,554A0,情報･通信業,80.0,1600.0,1520.0,SL(-5%),2026-06-18,10000000.0,1430,9500000.0,1430,-502860.0
2026-06-17,43160,情報･通信業,87.4,144.0,136.8,SL(-5%),2026-06-18,10000000.0,1430,9500000.0,1430,-502860.0
2026-06-17,76920,電気･ガス業,73.9,77.0,73.1,SL(-5%),2026-06-19,10000000.0,1430,9493506.493506493,1430,-509353.50649350695
2026-06-17,35590,卸売業,72.3,415.0,456.5,TP(+10%),2026-06-18,10000000.0,1430,11000000.0,1430,997140.0
2026-06-17,42650,情報･通信業,83.0,282.0,310.2,TP(+10%),2026-06-18,10000000.0,1430,10999999.999999998,1430,997139.9999999981
2026-06-17,51360,情報･通信業,76.1,1586.0,1744.6,TP(+10%),2026-06-18,10000000.0,1430,10999999.999999998,1430,997139.9999999981
2026-06-17,81430,繊維製品,70.2,164.0,155.8,SL(-5%),2026-06-18,10000000.0,1430,9500000.0,1430,-502860.0
2026-06-17,38030,情報･通信業,75.6,453.0,498.3,TP(+10%),2026-06-18,10000000.0,1430,11000000.0,1430,997140.0
2026-06-17,556A0,小売業,68.6,2401.0,2280.9,SL(-5%),2026-06-18,10000000.0,1430,9499791.753436068,1430,-503068.2465639319
2026-06-17,23150,情報･通信業,72.4,61.0,57.9,SL(-5%),2026-06-22,10000000.0,1430,9491803.278688524,1430,-511056.7213114761
2026-06-17,73590,サービス業,71.8,234.0,222.3,SL(-5%),2026-06-18,10000000.0,1430,9500000.0,1430,-502860.0
2026-06-17,92560,サービス業,66.5,1640.0,1804.0,TP(+10%),2026-06-18,10000000.0,1430,11000000.0,1430,997140.0
2026-06-17,33230,卸売業,68.0,75.0,71.2,SL(-5%),2026-06-19,10000000.0,1430,9493333.333333334,1430,-509526.66666666605
2026-06-17,523A0,金属製品,73.2,1640.0,1558.0,SL(-5%),2026-06-18,10000000.0,1430,9500000.0,1430,-502860.0
2026-06-17,57290,非鉄金属,70.1,1549.0,1471.5,SL(-5%),2026-06-23,10000000.0,1430,9499677.211103939,1430,-503182.7888960615
2026-06-17,278A0,精密機器,79.7,8020.0,8822.0,TP(+10%),2026-06-22,10000000.0,1430,11000000.0,1430,997140.0
2026-06-17,31920,小売業,68.0,292.0,277.4,SL(-5%),2026-06-18,10000000.0,1430,9500000.0,1430,-502860.0
2026-06-17,92290,サービス業,72.6,143.0,135.8,SL(-5%),2026-06-18,10000000.0,1430,9496503.496503498,1430,-506356.5034965016
2026-06-17,99730,小売業,68.9,21.0,19.9,SL(-5%),2026-06-22,10000000.0,1430,9476190.476190476,1430,-526669.5238095243
2026-06-17,76030,小売業,71.6,58.0,55.1,SL(-5%),2026-06-18,10000000.0,1430,9500000.0,1430,-502860.0
2026-06-15,20370,その他,66.5,1261.0,1387.1,TP(+10%),2026-06-25,10000000.0,1430,10999999.999999998,1430,997139.9999999981
2026-06-18,73690,サービス業,90.5,381.0,361.9,SL(-5%),2026-06-23,10000000.0,1430,9498687.664041994,1430,-504172.33595800586
2026-06-18,81070,繊維製品,83.0,35.0,33.2,SL(-5%),2026-06-19,10000000.0,1430,9485714.285714285,1430,-517145.71428571455
2026-06-18,66340,電気機器,89.0,86.0,94.6,TP(+10%),2026-06-19,10000000.0,1430,10999999.999999998,1430,997139.9999999981
2026-06-18,92560,サービス業,84.6,2040.0,2244.0,TP(+10%),2026-06-19,10000000.0,1430,11000000.0,1430,997140.0
2026-06-18,74120,小売業,81.4,388.0,368.6,SL(-5%),2026-06-19,10000000.0,1430,9500000.0,1430,-502860.0
2026-06-18,45860,医薬品,82.0,53.0,50.3,SL(-5%),2026-06-22,10000000.0,1430,9490566.037735848,1430,-512293.96226415224
2026-06-18,67310,電気機器,89.3,106.0,100.7,SL(-5%),2026-06-23,10000000.0,1430,9500000.0,1430,-502860.0
2026-06-18,330A0,情報･通信業,74.8,417.0,396.1,SL(-5%),2026-06-23,10000000.0,1430,9498800.959232613,1430,-504059.04076738656
2026-06-18,62170,機械,84.5,963.0,1059.3,TP(+10%),2026-06-19,10000000.0,1430,10999999.999999998,1430,997139.9999999981
2026-06-18,61770,サービス業,84.7,84.0,79.8,SL(-5%),2026-06-19,10000000.0,1430,9500000.0,1430,-502860.0
2026-06-18,48880,医薬品,82.5,412.0,391.4,SL(-5%),2026-06-19,10000000.0,1430,9500000.0,1430,-502860.0
2026-06-18,44460,情報･通信業,81.9,791.0,751.4,SL(-5%),2026-06-19,10000000.0,1430,9499367.888748419,1430,-503492.11125158146
2026-06-18,38030,情報･通信業,83.7,510.0,484.5,SL(-5%),2026-06-23,10000000.0,1430,9500000.0,1430,-502860.0
2026-06-18,42650,情報･通信業,82.4,308.0,292.6,SL(-5%),2026-06-19,10000000.0,1430,9500000.0,1430,-502860.0
2026-06-18,21380,情報･通信業,65.8,410.0,389.5,SL(-5%),2026-06-23,10000000.0,1430,9500000.0,1430,-502860.0
2026-06-18,48400,サービス業,72.7,770.0,847.0,TP(+10%),2026-06-19,10000000.0,1430,11000000.0,1430,997140.0
2026-06-18,31340,小売業,78.9,281.0,266.9,SL(-5%),2026-06-19,10000000.0,1430,9498220.640569394,1430,-504639.35943060555
2026-06-18,26670,卸売業,82.3,149.0,163.9,TP(+10%),2026-06-19,10000000.0,1430,11000000.0,1430,997140.0
2026-06-18,23450,情報･通信業,82.9,143.0,135.8,SL(-5%),2026-06-19,10000000.0,1430,9496503.496503498,1430,-506356.5034965016
2026-06-18,49180,化学,64.9,302.0,286.9,SL(-5%),2026-06-19,10000000.0,1430,9500000.0,1430,-502860.0
2026-06-18,35590,卸売業,79.2,449.0,493.9,TP(+10%),2026-06-19,10000000.0,1430,10999999.999999998,1430,997139.9999999981
2026-06-18,70480,サービス業,81.0,150.0,165.0,TP(+10%),2026-06-22,10000000.0,1430,11000000.0,1430,997140.0
2026-06-18,37530,情報･通信業,74.6,160.0,152.0,SL(-5%),2026-06-19,10000000.0,1430,9500000.0,1430,-502860.0
2026-06-18,23880,その他金融業,73.3,37.0,35.1,SL(-5%),2026-06-23,10000000.0,1430,9486486.486486487,1430,-516373.5135135129
2026-06-18,77210,精密機器,64.1,6070.0,6677.0,TP(+10%),2026-06-22,10000000.0,1430,11000000.0,1430,997140.0
2026-06-18,35650,卸売業,66.7,370.0,351.5,SL(-5%),2026-06-23,10000000.0,1430,9500000.0,1430,-502860.0
2026-06-18,78150,その他製品,67.7,245.0,232.8,SL(-5%),2026-06-19,10000000.0,1430,9502040.81632653,1430,-500819.18367346935
2026-06-18,44270,情報･通信業,82.3,194.0,184.3,SL(-5%),2026-06-23,10000000.0,1430,9500000.0,1430,-502860.0
2026-06-18,38450,情報･通信業,75.1,194.0,213.4,TP(+10%),2026-06-19,10000000.0,1430,11000000.0,1430,997140.0
2026-06-18,57210,非鉄金属,84.2,62.0,58.9,SL(-5%),2026-06-19,10000000.0,1430,9500000.0,1430,-502860.0
2026-06-18,78860,化学,69.2,695.0,660.2,SL(-5%),2026-06-24,10000000.0,1430,9499280.575539568,1430,-503579.42446043156
2026-06-18,554A0,情報･通信業,77.2,1655.0,1572.2,SL(-5%),2026-06-19,10000000.0,1430,9499697.885196375,1430,-503162.11480362527
2026-06-18,31920,小売業,65.1,297.0,326.7,TP(+10%),2026-06-25,10000000.0,1430,10999999.999999998,1430,997139.9999999981
2026-06-18,485A0,電気機器,73.2,2015.0,1914.2,SL(-5%),2026-06-19,10000000.0,1430,9499751.861042185,1430,-503108.13895781524
2026-06-18,36910,情報･通信業,76.4,1603.0,1522.8,SL(-5%),2026-06-19,10000000.0,1430,9499688.084840924,1430,-503171.91515907645
2026-06-18,441A0,情報･通信業,64.3,215.0,236.5,TP(+10%),2026-06-25,10000000.0,1430,11000000.0,1430,997140.0
2026-06-18,88940,不動産業,83.5,26.0,24.7,SL(-5%),2026-06-19,10000000.0,1430,9500000.0,1430,-502860.0
2026-06-18,65220,電気機器,77.3,881.0,969.1,TP(+10%),2026-06-19,10000000.0,1430,11000000.0,1430,997140.0
2026-06-18,34980,不動産業,61.8,6860.0,6517.0,SL(-5%),2026-06-19,10000000.0,1430,9500000.0,1430,-502860.0
2026-06-18,76030,小売業,76.1,55.0,52.2,SL(-5%),2026-06-19,10000000.0,1430,9490909.090909092,1430,-511950.90909090824
2026-06-18,198A0,情報･通信業,80.3,151.0,143.4,SL(-5%),2026-06-19,10000000.0,1430,9496688.741721855,1430,-506171.2582781445
2026-06-18,23340,サービス業,72.0,672.0,638.4,SL(-5%),2026-06-19,10000000.0,1430,9500000.0,1430,-502860.0
2026-06-16,70340,サービス業,72.2,350.0,332.5,SL(-5%),2026-06-26,10000000.0,1430,9500000.0,1430,-502860.0
2026-06-17,63780,機械,64.6,1266.0,1202.7,SL(-5%),2026-06-26,10000000.0,1430,9500000.0,1430,-502860.0
2026-06-18,51360,情報･通信業,72.8,1723.0,1636.8,SL(-5%),2026-06-26,10000000.0,1430,9499709.808473593,1430,-503150.1915264074
2026-06-19,63430,機械,90.5,144.0,158.4,TP(+10%),2026-06-22,10000000.0,1430,11000000.0,1430,997140.0
2026-06-19,26730,小売業,97.0,103.0,97.8,SL(-5%),2026-06-22,10000000.0,1430,9495145.63106796,1430,-507714.3689320404
2026-06-19,66200,不動産業,94.8,702.0,666.9,SL(-5%),2026-06-23,10000000.0,1430,9500000.0,1430,-502860.0
2026-06-19,60460,サービス業,92.4,120.0,114.0,SL(-5%),2026-06-22,10000000.0,1430,9500000.0,1430,-502860.0
2026-06-19,48400,サービス業,91.6,631.0,599.4,SL(-5%),2026-06-22,10000000.0,1430,9499207.606973058,1430,-503652.3930269424
2026-06-19,24590,サービス業,91.7,168.0,159.6,SL(-5%),2026-06-26,10000000.0,1430,9500000.0,1430,-502860.0
2026-06-19,65220,電気機器,84.2,1009.0,1109.9,TP(+10%),2026-06-22,10000000.0,1430,11000000.0,1430,997140.0
2026-06-19,21340,サービス業,88.9,28.0,26.6,SL(-5%),2026-06-23,10000000.0,1430,9500000.0,1430,-502860.0
2026-06-19,66340,電気機器,85.3,91.0,100.1,TP(+10%),2026-06-22,10000000.0,1430,10999999.999999998,1430,997139.9999999981
2026-06-19,62170,機械,81.7,1113.0,1224.3,TP(+10%),2026-06-22,10000000.0,1430,10999999.999999998,1430,997139.9999999981
2026-06-19,82540,小売業,81.1,281.0,266.9,SL(-5%),2026-06-22,10000000.0,1430,9498220.640569394,1430,-504639.35943060555
2026-06-19,68620,電気機器,69.8,2540.0,2413.0,SL(-5%),2026-06-22,10000000.0,1430,9500000.0,1430,-502860.0
2026-06-19,48910,医薬品,69.9,105.0,99.8,SL(-5%),2026-06-22,10000000.0,1430,9504761.904761905,1430,-498098.09523809515
2026-06-19,81430,繊維製品,73.1,154.0,146.3,SL(-5%),2026-06-24,10000000.0,1430,9500000.0,1430,-502860.0
2026-06-19,485A0,電気機器,80.6,1800.0,1980.0,TP(+10%),2026-06-22,10000000.0,1430,11000000.0,1430,997140.0
2026-06-19,62280,機械,79.0,562.0,533.9,SL(-5%),2026-06-22,10000000.0,1430,9500000.0,1430,-502860.0
2026-06-19,62310,機械,63.5,11380.0,10811.0,SL(-5%),2026-06-24,10000000.0,1430,9500000.0,1430,-502860.0
2026-06-19,61810,サービス業,64.5,72.0,68.4,SL(-5%),2026-06-23,10000000.0,1430,9500000.0,1430,-502860.0
2026-05-27,52480,情報･通信業,67.7,450.0,495.0,TP(+10%),2026-06-29,10000000.0,1430,11000000.0,1430,997140.0
2026-06-17,60290,サービス業,68.7,189.0,179.5,SL(-5%),2026-06-29,10000000.0,1430,9497354.497354498,1430,-505505.50264550187
2026-06-19,35290,繊維製品,66.1,828.0,910.8,TP(+10%),2026-06-29,10000000.0,1430,10999999.999999998,1430,997139.9999999981
2026-06-19,95610,サービス業,76.5,391.0,430.1,TP(+10%),2026-06-29,10000000.0,1430,11000000.0,1430,997140.0
2026-06-19,48840,医薬品,73.0,310.0,341.0,TP(+10%),2026-06-29,10000000.0,1430,11000000.0,1430,997140.0
2026-06-22,52420,情報･通信業,93.1,849.0,806.5,SL(-5%),2026-06-29,10000000.0,1430,9499411.071849234,1430,-503448.9281507656
2026-06-22,58170,非鉄金属,92.0,1261.0,1198.0,SL(-5%),2026-06-23,10000000.0,1430,9500396.510705788,1430,-502463.4892942123
2026-06-22,52160,ガラス･土石製品,88.0,177.0,168.2,SL(-5%),2026-06-23,10000000.0,1430,9502824.858757062,1430,-500035.1412429381
2026-06-22,41690,情報･通信業,92.0,190.0,180.5,SL(-5%),2026-06-23,10000000.0,1430,9500000.0,1430,-502860.0
2026-06-22,74120,小売業,85.5,320.0,352.0,TP(+10%),2026-06-23,10000000.0,1430,11000000.0,1430,997140.0
2026-06-22,26730,小売業,83.6,100.0,95.0,SL(-5%),2026-06-23,10000000.0,1430,9500000.0,1430,-502860.0
2026-06-22,77190,精密機器,79.6,486.0,461.7,SL(-5%),2026-06-23,10000000.0,1430,9500000.0,1430,-502860.0
2026-06-22,73830,その他金融業,68.6,380.0,361.0,SL(-5%),2026-06-23,10000000.0,1430,9500000.0,1430,-502860.0
2026-06-22,42650,情報･通信業,75.6,343.0,377.3,TP(+10%),2026-06-23,10000000.0,1430,11000000.0,1430,997140.0
2026-06-22,43600,化学,70.9,805.0,764.8,SL(-5%),2026-06-24,10000000.0,1430,9500621.118012423,1430,-502238.8819875773
2026-06-22,60300,サービス業,78.9,1193.0,1312.3,TP(+10%),2026-06-26,10000000.0,1430,10999999.999999998,1430,997139.9999999981
2026-06-22,485A0,電気機器,71.6,2200.0,2420.0,TP(+10%),2026-06-23,10000000.0,1430,11000000.0,1430,997140.0
2026-06-22,68620,電気機器,70.1,2340.0,2223.0,SL(-5%),2026-06-23,10000000.0,1430,9500000.0,1430,-502860.0
2026-06-22,31030,繊維製品,82.5,1220.0,1159.0,SL(-5%),2026-06-23,10000000.0,1430,9500000.0,1430,-502860.0
2026-06-22,43160,情報･通信業,84.8,135.0,128.2,SL(-5%),2026-06-24,10000000.0,1430,9496296.296296297,1430,-506563.70370370336
2026-06-22,70480,サービス業,78.1,171.0,188.1,TP(+10%),2026-06-23,10000000.0,1430,10999999.999999998,1430,997139.9999999981
2026-06-22,64330,機械,62.5,1441.0,1369.0,SL(-5%),2026-06-23,10000000.0,1430,9500346.981263012,1430,-502513.0187369883
2026-06-22,95010,電気･ガス業,67.7,477.5,453.6,SL(-5%),2026-06-24,10000000.0,1430,9499476.439790577,1430,-503383.5602094233
2026-06-22,46640,サービス業,66.7,823.0,781.8,SL(-5%),2026-06-23,10000000.0,1430,9499392.466585662,1430,-503467.5334143378
2026-06-22,66340,電気機器,80.8,82.0,90.2,TP(+10%),2026-06-23,10000000.0,1430,11000000.0,1430,997140.0
2026-06-22,48400,サービス業,77.0,594.0,653.4,TP(+10%),2026-06-23,10000000.0,1430,10999999.999999998,1430,997139.9999999981
2026-06-15,65380,サービス業,74.1,221.0,243.1,TP(+10%),2026-06-30,10000000.0,1430,11000000.0,1430,997140.0
2026-06-15,96030,サービス業,66.2,913.0,1004.3,TP(+10%),2026-07-02,10000000.0,1430,10999999.999999998,1430,997139.9999999981
2026-06-16,34150,小売業,73.2,336.0,369.6,TP(+10%),2026-07-06,10000000.0,1430,11000000.0,1430,997140.0
2026-06-16,30700,卸売業,80.4,62.0,68.2,TP(+10%),2026-07-01,10000000.0,1430,11000000.0,1430,997140.0
2026-06-17,31950,小売業,67.5,475.0,522.5,TP(+10%),2026-07-01,10000000.0,1430,11000000.0,1430,997140.0
2026-06-17,77600,精密機器,65.5,2430.0,2673.0,TP(+10%),2026-07-03,10000000.0,1430,11000000.0,1430,997140.0
2026-06-18,33700,小売業,67.9,427.0,469.7,TP(+10%),2026-06-30,10000000.0,1430,11000000.0,1430,997140.0
2026-06-18,97660,情報･通信業,65.2,17375.0,19112.5,TP(+10%),2026-07-03,10000000.0,1430,11000000.0,1430,997140.0
2026-06-19,36910,情報･通信業,64.7,1464.0,1610.4,TP(+10%),2026-07-03,10000000.0,1430,11000000.0,1430,997140.0
2026-06-19,50260,情報･通信業,66.6,536.0,589.6,TP(+10%),2026-07-06,10000000.0,1430,11000000.0,1430,997140.0
2026-06-23,42650,情報･通信業,92.4,380.0,418.0,TP(+10%),2026-06-30,10000000.0,1430,11000000.0,1430,997140.0
2026-06-23,70480,サービス業,85.4,197.0,187.1,SL(-5%),2026-06-30,10000000.0,1430,9497461.92893401,1430,-505398.07106599025
2026-06-23,52870,ガラス･土石製品,85.6,898.0,853.1,SL(-5%),2026-06-30,10000000.0,1430,9500000.0,1430,-502860.0
2026-06-23,298A0,情報･通信業,76.5,331.0,314.4,SL(-5%),2026-07-03,10000000.0,1430,9498489.425981872,1430,-504370.5740181282
2026-06-23,94440,情報･通信業,84.8,271.0,257.4,SL(-5%),2026-06-30,10000000.0,1430,9498154.981549814,1430,-504705.01845018566
2026-06-23,62170,機械,83.4,1125.0,1068.8,SL(-5%),2026-06-30,10000000.0,1430,9500444.444444444,1430,-502415.55555555597
2026-06-23,64330,機械,81.2,1235.0,1173.2,SL(-5%),2026-06-30,10000000.0,1430,9499595.141700406,1430,-503264.8582995944
2026-06-23,92290,サービス業,73.6,112.0,123.2,TP(+10%),2026-06-30,10000000.0,1430,11000000.0,1430,997140.0
2026-06-23,58170,非鉄金属,77.6,1078.0,1024.1,SL(-5%),2026-06-30,10000000.0,1430,9500000.0,1430,-502860.0
2026-06-23,41690,情報･通信業,79.1,165.0,181.5,TP(+10%),2026-06-30,10000000.0,1430,11000000.0,1430,997140.0
2026-06-23,66290,電気機器,65.7,1053.0,1000.3,SL(-5%),2026-06-30,10000000.0,1430,9499525.166191833,1430,-503334.8338081669
2026-06-23,74120,小売業,69.4,345.0,379.5,TP(+10%),2026-06-30,10000000.0,1430,11000000.0,1430,997140.0
2026-06-23,75780,小売業,69.7,68.0,74.8,TP(+10%),2026-06-30,10000000.0,1430,10999999.999999998,1430,997139.9999999981
2026-06-23,66590,電気機器,77.2,64.0,60.8,SL(-5%),2026-07-01,10000000.0,1430,9500000.0,1430,-502860.0
2026-06-23,52160,ガラス･土石製品,78.2,154.0,146.3,SL(-5%),2026-06-30,10000000.0,1430,9500000.0,1430,-502860.0
2026-06-23,485A0,電気機器,81.0,2134.0,2027.3,SL(-5%),2026-06-30,10000000.0,1430,9500000.0,1430,-502860.0
2026-06-23,39070,情報･通信業,77.6,918.0,872.1,SL(-5%),2026-07-02,10000000.0,1430,9500000.0,1430,-502860.0
2026-06-23,85180,証券･商品先物取引業,66.8,116.0,127.6,TP(+10%),2026-07-01,10000000.0,1430,10999999.999999998,1430,997139.9999999981
2026-06-23,55900,情報･通信業,68.1,612.0,673.2,TP(+10%),2026-06-30,10000000.0,1430,11000000.0,1430,997140.0
2026-06-23,70900,サービス業,64.7,813.0,772.3,SL(-5%),2026-06-30,10000000.0,1430,9499384.993849937,1430,-503475.0061500631
2026-03-30,68670,電気機器,66.3,412.0,453.2,TP(+10%),2026-07-07,10000000.0,1430,11000000.0,1430,997140.0
2026-06-17,78190,その他製品,64.1,852.0,937.2,TP(+10%),2026-07-07,10000000.0,1430,11000000.0,1430,997140.0
2026-06-17,45630,医薬品,72.4,47.0,51.7,TP(+10%),2026-07-07,10000000.0,1430,11000000.0,1430,997140.0
2026-06-30,66960,電気機器,92.9,329.0,312.6,SL(-5%),2026-07-01,10000000.0,1430,9501519.756838907,1430,-501340.24316109344
2026-06-30,23880,その他金融業,92.4,65.0,71.5,TP(+10%),2026-07-01,10000000.0,1430,11000000.0,1430,997140.0
2026-06-30,43950,情報･通信業,86.6,854.0,811.3,SL(-5%),2026-07-01,10000000.0,1430,9500000.0,1430,-502860.0
2026-06-30,31330,小売業,92.8,69.0,75.9,TP(+10%),2026-07-01,10000000.0,1430,11000000.0,1430,997140.0
2026-06-30,92350,サービス業,90.5,536.0,509.2,SL(-5%),2026-07-01,10000000.0,1430,9500000.0,1430,-502860.0
2026-06-30,36520,情報･通信業,81.1,2319.0,2203.0,SL(-5%),2026-07-03,10000000.0,1430,9499784.3898232,1430,-503075.6101767998
2026-06-30,42880,情報･通信業,85.4,408.0,448.8,TP(+10%),2026-07-02,10000000.0,1430,11000000.0,1430,997140.0
2026-06-30,66200,不動産業,80.8,949.0,901.5,SL(-5%),2026-07-01,10000000.0,1430,9499473.129610116,1430,-503386.87038988434
2026-06-30,49350,化学,76.2,271.0,257.4,SL(-5%),2026-07-01,10000000.0,1430,9498154.981549814,1430,-504705.01845018566
2026-06-30,42650,情報･通信業,77.2,456.0,433.2,SL(-5%),2026-07-01,10000000.0,1430,9500000.0,1430,-502860.0
2026-06-30,41070,化学,69.5,4455.0,4232.2,SL(-5%),2026-07-01,10000000.0,1430,9499887.766554432,1430,-502972.233445568
2026-06-30,63300,建設業,78.0,2017.0,1916.1,SL(-5%),2026-07-01,10000000.0,1430,9499752.107089737,1430,-503107.89291026257
2026-06-30,92290,サービス業,85.3,154.0,146.3,SL(-5%),2026-07-01,10000000.0,1430,9500000.0,1430,-502860.0
2026-06-30,73520,サービス業,81.2,450.0,427.5,SL(-5%),2026-07-01,10000000.0,1430,9500000.0,1430,-502860.0
2026-06-30,87460,証券･商品先物取引業,76.9,100.0,110.0,TP(+10%),2026-07-01,10000000.0,1430,11000000.0,1430,997140.0
2026-06-30,73630,サービス業,66.0,1162.0,1103.9,SL(-5%),2026-07-01,10000000.0,1430,9500000.0,1430,-502860.0
2026-06-30,77940,その他製品,71.2,1231.0,1169.5,SL(-5%),2026-07-06,10000000.0,1430,9500406.173842406,1430,-502453.8261575941
2026-06-30,51290,情報･通信業,66.0,288.0,273.6,SL(-5%),2026-07-01,10000000.0,1430,9500000.0,1430,-502860.0
2026-06-23,96100,サービス業,85.9,102.0,112.2,TP(+10%),2026-07-08,10000000.0,1430,11000000.0,1430,997140.0
2026-07-01,44240,情報･通信業,96.6,235.0,223.2,SL(-5%),2026-07-02,10000000.0,1430,9497872.340425532,1430,-504987.6595744677
2026-07-01,48330,サービス業,99.0,57.0,54.1,SL(-5%),2026-07-02,10000000.0,1430,9491228.07017544,1430,-511631.9298245609
2026-07-01,13820,水産・農林業,91.5,1125.0,1068.8,SL(-5%),2026-07-06,10000000.0,1430,9500444.444444444,1430,-502415.55555555597
2026-07-01,87980,保険業,96.5,123.0,135.3,TP(+10%),2026-07-02,10000000.0,1430,11000000.0,1430,997140.0
2026-07-01,70630,サービス業,96.1,76.0,83.6,TP(+10%),2026-07-02,10000000.0,1430,10999999.999999998,1430,997139.9999999981
2026-07-01,192A0,サービス業,86.0,1366.0,1297.7,SL(-5%),2026-07-02,10000000.0,1430,9500000.0,1430,-502860.0
2026-07-01,94250,情報･通信業,95.5,215.0,204.2,SL(-5%),2026-07-02,10000000.0,1430,9497674.41860465,1430,-505185.5813953504
2026-07-01,88940,不動産業,91.3,26.0,28.6,TP(+10%),2026-07-02,10000000.0,1430,11000000.0,1430,997140.0
2026-07-01,330A0,情報･通信業,88.8,473.0,520.3,TP(+10%),2026-07-02,10000000.0,1430,10999999.999999998,1430,997139.9999999981
2026-07-01,31890,小売業,89.0,106.0,116.6,TP(+10%),2026-07-06,10000000.0,1430,10999999.999999998,1430,997139.9999999981
2026-07-01,87460,証券･商品先物取引業,88.5,107.0,117.7,TP(+10%),2026-07-08,10000000.0,1430,11000000.0,1430,997140.0
2026-07-01,23880,その他金融業,84.2,50.0,47.5,SL(-5%),2026-07-02,10000000.0,1430,9500000.0,1430,-502860.0
2026-07-01,61660,機械,78.5,699.0,768.9,TP(+10%),2026-07-02,10000000.0,1430,10999999.999999998,1430,997139.9999999981
2026-07-01,43950,情報･通信業,76.9,767.0,728.6,SL(-5%),2026-07-08,10000000.0,1430,9499348.109517602,1430,-503511.89048239775
2026-07-01,31330,小売業,86.6,75.0,71.2,SL(-5%),2026-07-02,10000000.0,1430,9493333.333333334,1430,-509526.66666666605
2026-07-01,88360,不動産業,80.8,26.0,28.6,TP(+10%),2026-07-02,10000000.0,1430,11000000.0,1430,997140.0
2026-07-01,36520,情報･通信業,64.8,2430.0,2308.5,SL(-5%),2026-07-03,10000000.0,1430,9500000.0,1430,-502860.0
2026-07-01,99410,卸売業,76.9,1131.0,1244.1,TP(+10%),2026-07-02,10000000.0,1430,10999999.999999998,1430,997139.9999999981
2026-07-01,38450,情報･通信業,65.9,196.0,215.6,TP(+10%),2026-07-02,10000000.0,1430,11000000.0,1430,997140.0
2026-07-01,44460,情報･通信業,77.4,840.0,798.0,SL(-5%),2026-07-02,10000000.0,1430,9500000.0,1430,-502860.0
2026-07-01,73520,サービス業,79.4,371.0,408.1,TP(+10%),2026-07-06,10000000.0,1430,11000000.0,1430,997140.0
2026-07-01,65730,サービス業,82.4,27.0,29.7,TP(+10%),2026-07-02,10000000.0,1430,11000000.0,1430,997140.0
2026-07-01,66960,電気機器,72.9,291.0,276.4,SL(-5%),2026-07-02,10000000.0,1430,9498281.78694158,1430,-504578.2130584195
2026-07-01,51290,情報･通信業,67.5,265.0,251.8,SL(-5%),2026-07-03,10000000.0,1430,9501886.79245283,1430,-500973.2075471692
2026-07-01,49350,化学,74.1,250.0,275.0,TP(+10%),2026-07-02,10000000.0,1430,11000000.0,1430,997140.0
2026-07-01,52550,情報･通信業,82.7,77.0,73.1,SL(-5%),2026-07-02,10000000.0,1430,9493506.493506493,1430,-509353.50649350695
2026-07-01,31870,小売業,65.8,250.0,275.0,TP(+10%),2026-07-07,10000000.0,1430,11000000.0,1430,997140.0
2026-07-01,41070,化学,68.4,4090.0,3885.5,SL(-5%),2026-07-07,10000000.0,1430,9500000.0,1430,-502860.0
2026-07-01,42650,情報･通信業,72.6,389.0,369.5,SL(-5%),2026-07-03,10000000.0,1430,9498714.652956298,1430,-504145.3470437024
2026-07-01,520A0,医薬品,72.1,290.0,275.5,SL(-5%),2026-07-09,10000000.0,1430,9500000.0,1430,-502860.0
2026-07-02,23380,情報･通信業,98.8,123.0,116.8,SL(-5%),2026-07-03,10000000.0,1430,9495934.959349593,1430,-506925.04065040685
2026-07-02,265A0,情報･通信業,91.7,739.0,702.0,SL(-5%),2026-07-03,10000000.0,1430,9499323.410013532,1430,-503536.58998646773
2026-07-02,70630,サービス業,92.4,106.0,100.7,SL(-5%),2026-07-03,10000000.0,1430,9500000.0,1430,-502860.0
2026-07-02,49350,化学,90.1,308.0,338.8,TP(+10%),2026-07-03,10000000.0,1430,11000000.0,1430,997140.0
2026-07-02,60810,サービス業,87.3,164.0,155.8,SL(-5%),2026-07-09,10000000.0,1430,9500000.0,1430,-502860.0
2026-07-02,23210,情報･通信業,84.0,148.0,140.6,SL(-5%),2026-07-03,10000000.0,1430,9500000.0,1430,-502860.0
2026-07-02,330A0,情報･通信業,86.3,519.0,493.0,SL(-5%),2026-07-06,10000000.0,1430,9499036.6088632,1430,-503823.39113680087
2026-07-02,34090,繊維製品,74.7,84.0,79.8,SL(-5%),2026-07-03,10000000.0,1430,9500000.0,1430,-502860.0
2026-07-02,94250,情報･通信業,83.9,210.0,231.0,TP(+10%),2026-07-03,10000000.0,1430,11000000.0,1430,997140.0
2026-07-02,78370,その他製品,72.7,337.0,320.1,SL(-5%),2026-07-03,10000000.0,1430,9498516.320474777,1430,-504343.67952522263
2026-07-02,88940,不動産業,86.3,26.0,24.7,SL(-5%),2026-07-03,10000000.0,1430,9500000.0,1430,-502860.0
2026-07-02,78150,その他製品,79.3,411.0,390.4,SL(-5%),2026-07-03,10000000.0,1430,9498783.454987833,1430,-504076.5450121667
2026-07-02,65730,サービス業,87.2,25.0,23.8,SL(-5%),2026-07-03,10000000.0,1430,9520000.0,1430,-482860.0
2026-07-02,87980,保険業,85.3,127.0,139.7,TP(+10%),2026-07-06,10000000.0,1430,10999999.999999998,1430,997139.9999999981
2026-07-02,40560,情報･通信業,71.5,224.0,212.8,SL(-5%),2026-07-03,10000000.0,1430,9500000.0,1430,-502860.0
2026-07-02,44780,情報･通信業,68.4,2116.0,2327.6,TP(+10%),2026-07-08,10000000.0,1430,10999999.999999998,1430,997139.9999999981
2026-07-02,93370,サービス業,71.6,1650.0,1567.5,SL(-5%),2026-07-09,10000000.0,1430,9500000.0,1430,-502860.0
2026-07-02,30700,卸売業,83.8,80.0,76.0,SL(-5%),2026-07-03,10000000.0,1430,9500000.0,1430,-502860.0
2026-07-02,48330,サービス業,82.4,45.0,42.8,SL(-5%),2026-07-03,10000000.0,1430,9511111.11111111,1430,-491748.8888888899
2026-07-02,66960,電気機器,73.2,296.0,281.2,SL(-5%),2026-07-03,10000000.0,1430,9500000.0,1430,-502860.0
2026-07-02,52430,情報･通信業,67.0,2024.0,2226.4,TP(+10%),2026-07-06,10000000.0,1430,11000000.0,1430,997140.0
2026-07-02,70180,輸送用機器,66.0,9950.0,10945.0,TP(+10%),2026-07-06,10000000.0,1430,11000000.0,1430,997140.0
2026-07-02,192A0,サービス業,67.6,1283.0,1218.8,SL(-5%),2026-07-08,10000000.0,1430,9499610.288386595,1430,-503249.7116134055
2026-07-02,48400,サービス業,71.6,676.0,642.2,SL(-5%),2026-07-08,10000000.0,1430,9500000.0,1430,-502860.0
2026-07-02,338A0,情報･通信業,75.6,2155.0,2370.5,TP(+10%),2026-07-06,10000000.0,1430,11000000.0,1430,997140.0
2026-07-02,45940,医薬品,69.1,48.0,45.6,SL(-5%),2026-07-03,10000000.0,1430,9500000.0,1430,-502860.0
2026-07-02,44240,情報･通信業,75.4,246.0,270.6,TP(+10%),2026-07-03,10000000.0,1430,11000000.0,1430,997140.0
2026-07-01,81430,繊維製品,74.1,139.0,152.9,TP(+10%),2026-07-10,10000000.0,1430,11000000.0,1430,997140.0
2026-07-02,52400,情報･通信業,80.7,126.0,138.6,TP(+10%),2026-07-10,10000000.0,1430,10999999.999999998,1430,997139.9999999981
2026-07-03,52420,情報･通信業,93.7,907.0,861.6,SL(-5%),2026-07-06,10000000.0,1430,9499448.732083794,1430,-503411.26791620627
2026-07-03,76020,卸売業,92.2,166.0,157.7,SL(-5%),2026-07-07,10000000.0,1430,9500000.0,1430,-502860.0
2026-07-03,94250,情報･通信業,96.2,261.0,247.9,SL(-5%),2026-07-06,10000000.0,1430,9498084.291187739,1430,-504775.708812261
2026-07-03,44240,情報･通信業,89.9,272.0,299.2,TP(+10%),2026-07-06,10000000.0,1430,10999999.999999998,1430,997139.9999999981
2026-07-03,45750,医薬品,84.5,690.0,655.5,SL(-5%),2026-07-06,10000000.0,1430,9500000.0,1430,-502860.0
2026-07-03,70630,サービス業,90.7,86.0,94.6,TP(+10%),2026-07-06,10000000.0,1430,10999999.999999998,1430,997139.9999999981
2026-07-03,49350,化学,84.1,360.0,396.0,TP(+10%),2026-07-06,10000000.0,1430,11000000.0,1430,997140.0
2026-07-03,44460,情報･通信業,80.4,925.0,1017.5,TP(+10%),2026-07-06,10000000.0,1430,11000000.0,1430,997140.0
2026-07-03,34090,繊維製品,72.8,84.0,92.4,TP(+10%),2026-07-06,10000000.0,1430,11000000.0,1430,997140.0
2026-07-03,73760,サービス業,70.7,1000.0,950.0,SL(-5%),2026-07-09,10000000.0,1430,9500000.0,1430,-502860.0
2026-07-03,94440,情報･通信業,82.5,259.0,246.0,SL(-5%),2026-07-06,10000000.0,1430,9498069.498069499,1430,-504790.5019305013
2026-07-03,92120,サービス業,68.6,286.0,314.6,TP(+10%),2026-07-10,10000000.0,1430,11000000.0,1430,997140.0
2026-07-03,157A0,サービス業,74.1,870.0,957.0,TP(+10%),2026-07-06,10000000.0,1430,11000000.0,1430,997140.0
2026-07-03,92290,サービス業,85.9,153.0,168.3,TP(+10%),2026-07-07,10000000.0,1430,11000000.0,1430,997140.0
2026-07-03,31330,小売業,85.6,102.0,112.2,TP(+10%),2026-07-06,10000000.0,1430,11000000.0,1430,997140.0
2026-07-03,76030,小売業,78.6,55.0,60.5,TP(+10%),2026-07-06,10000000.0,1430,11000000.0,1430,997140.0
2026-07-03,23700,サービス業,63.9,26.0,24.7,SL(-5%),2026-07-08,10000000.0,1430,9500000.0,1430,-502860.0
2026-07-03,95530,サービス業,66.3,609.0,578.5,SL(-5%),2026-07-08,10000000.0,1430,9499178.981937602,1430,-503681.01806239784
2026-07-03,41700,情報･通信業,73.3,111.0,122.1,TP(+10%),2026-07-08,10000000.0,1430,10999999.999999998,1430,997139.9999999981
2026-07-03,20340,その他,80.8,1601.0,1761.1,TP(+10%),2026-07-07,10000000.0,1430,10999999.999999998,1430,997139.9999999981
2026-07-03,14470,建設業,69.8,326.0,358.6,TP(+10%),2026-07-06,10000000.0,1430,11000000.0,1430,997140.0
2026-07-03,78150,その他製品,66.5,355.0,390.5,TP(+10%),2026-07-08,10000000.0,1430,11000000.0,1430,997140.0
2026-07-03,45820,医薬品,72.7,77.0,84.7,TP(+10%),2026-07-07,10000000.0,1430,11000000.0,1430,997140.0
2026-07-03,36640,情報･通信業,69.7,24.0,22.8,SL(-5%),2026-07-08,10000000.0,1430,9500000.0,1430,-502860.0
2026-07-03,44120,情報･通信業,66.6,1280.0,1216.0,SL(-5%),2026-07-07,10000000.0,1430,9500000.0,1430,-502860.0
2026-07-03,99730,小売業,68.1,20.0,19.0,SL(-5%),2026-07-08,10000000.0,1430,9500000.0,1430,-502860.0
2026-07-03,38450,情報･通信業,68.0,205.0,225.5,TP(+10%),2026-07-13,10000000.0,1430,11000000.0,1430,997140.0
2026-07-06,264A0,サービス業,95.4,345.0,327.8,SL(-5%),2026-07-07,10000000.0,1430,9501449.275362318,1430,-501410.7246376816
2026-07-06,36560,情報･通信業,87.9,241.0,228.9,SL(-5%),2026-07-07,10000000.0,1430,9497925.31120332,1430,-504934.6887966804
2026-07-06,44240,情報･通信業,86.1,352.0,334.4,SL(-5%),2026-07-07,10000000.0,1430,9500000.0,1430,-502860.0
2026-07-06,265A0,情報･通信業,83.8,801.0,760.9,SL(-5%),2026-07-07,10000000.0,1430,9499375.780274656,1430,-503484.21972534433
2026-07-06,48830,医薬品,83.6,34.0,32.3,SL(-5%),2026-07-08,10000000.0,1430,9500000.0,1430,-502860.0
2026-07-06,70630,サービス業,88.9,98.0,107.8,TP(+10%),2026-07-07,10000000.0,1430,11000000.0,1430,997140.0
2026-07-06,94250,情報･通信業,88.9,254.0,241.3,SL(-5%),2026-07-07,10000000.0,1430,9500000.0,1430,-502860.0
2026-07-06,49350,化学,85.8,335.0,318.2,SL(-5%),2026-07-07,10000000.0,1430,9498507.462686567,1430,-504352.53731343336
2026-07-06,157A0,サービス業,75.0,953.0,1048.3,TP(+10%),2026-07-08,10000000.0,1430,10999999.999999998,1430,997139.9999999981
2026-07-06,71150,卸売業,70.2,1744.0,1656.8,SL(-5%),2026-07-09,10000000.0,1430,9500000.0,1430,-502860.0
2026-07-06,36470,情報･通信業,73.2,132.0,145.2,TP(+10%),2026-07-08,10000000.0,1430,10999999.999999998,1430,997139.9999999981
2026-07-06,31330,小売業,86.1,140.0,133.0,SL(-5%),2026-07-07,10000000.0,1430,9500000.0,1430,-502860.0
2026-07-06,36640,情報･通信業,71.0,24.0,22.8,SL(-5%),2026-07-08,10000000.0,1430,9500000.0,1430,-502860.0
2026-07-06,70180,輸送用機器,72.6,10950.0,10402.5,SL(-5%),2026-07-07,10000000.0,1430,9500000.0,1430,-502860.0
2026-07-06,70030,機械,69.8,4865.0,4621.8,SL(-5%),2026-07-08,10000000.0,1430,9500102.774922919,1430,-502757.2250770815
2026-07-06,60160,輸送用機器,65.2,9190.0,8730.5,SL(-5%),2026-07-07,10000000.0,1430,9500000.0,1430,-502860.0
2026-07-06,45940,医薬品,76.5,50.0,47.5,SL(-5%),2026-07-08,10000000.0,1430,9500000.0,1430,-502860.0
2026-07-06,44460,情報･通信業,76.8,930.0,883.5,SL(-5%),2026-07-07,10000000.0,1430,9500000.0,1430,-502860.0
2026-07-06,21380,情報･通信業,69.5,412.0,453.2,TP(+10%),2026-07-10,10000000.0,1430,11000000.0,1430,997140.0
2026-07-06,57070,非鉄金属,69.0,862.0,818.9,SL(-5%),2026-07-07,10000000.0,1430,9500000.0,1430,-502860.0
2026-07-02,50270,情報･通信業,71.9,521.0,573.1,TP(+10%),2026-07-14,10000000.0,1430,11000000.0,1430,997140.0
2026-07-02,37780,情報･通信業,62.6,2793.0,3072.3,TP(+10%),2026-07-14,10000000.0,1430,11000000.0,1430,997140.0
2026-07-06,340A0,情報･通信業,82.1,336.0,369.6,TP(+10%),2026-07-14,10000000.0,1430,11000000.0,1430,997140.0
2026-07-06,50280,情報･通信業,67.5,425.0,403.8,SL(-5%),2026-07-14,10000000.0,1430,9501176.470588235,1430,-501683.5294117648
2026-07-07,95570,サービス業,96.2,175.0,192.5,TP(+10%),2026-07-08,10000000.0,1430,11000000.0,1430,997140.0
2026-07-07,45960,医薬品,98.0,78.0,74.1,SL(-5%),2026-07-08,10000000.0,1430,9500000.0,1430,-502860.0
2026-07-07,36250,情報･通信業,90.6,643.0,610.9,SL(-5%),2026-07-08,10000000.0,1430,9500777.60497667,1430,-502082.3950233292
2026-07-07,73600,サービス業,88.9,703.0,667.9,SL(-5%),2026-07-08,10000000.0,1430,9500711.237553341,1430,-502148.7624466587
2026-07-07,45820,医薬品,95.1,73.0,69.3,SL(-5%),2026-07-08,10000000.0,1430,9493150.684931505,1430,-509709.3150684945
2026-07-07,41990,情報･通信業,85.2,770.0,731.5,SL(-5%),2026-07-09,10000000.0,1430,9500000.0,1430,-502860.0
2026-07-07,550A0,情報･通信業,82.9,2638.0,2901.8,TP(+10%),2026-07-08,10000000.0,1430,11000000.0,1430,997140.0
2026-07-07,504A0,医薬品,83.9,543.0,515.9,SL(-5%),2026-07-08,10000000.0,1430,9500920.810313076,1430,-501939.1896869242
2026-07-07,218A0,精密機器,84.7,1226.0,1164.7,SL(-5%),2026-07-08,10000000.0,1430,9500000.0,1430,-502860.0
2026-07-07,264A0,サービス業,79.2,300.0,330.0,TP(+10%),2026-07-08,10000000.0,1430,11000000.0,1430,997140.0
2026-07-07,70630,サービス業,84.9,102.0,96.9,SL(-5%),2026-07-08,10000000.0,1430,9500000.0,1430,-502860.0
2026-07-07,60160,輸送用機器,72.3,8830.0,8388.5,SL(-5%),2026-07-08,10000000.0,1430,9500000.0,1430,-502860.0
2026-07-07,44990,情報･通信業,72.5,2305.0,2189.8,SL(-5%),2026-07-08,10000000.0,1430,9500216.919739697,1430,-502643.0802603029
2026-07-07,36560,情報･通信業,67.7,217.0,206.1,SL(-5%),2026-07-09,10000000.0,1430,9497695.852534562,1430,-505164.14746543765
2026-07-07,20340,その他,72.8,1711.0,1882.1,TP(+10%),2026-07-13,10000000.0,1430,10999999.999999998,1430,997139.9999999981
2026-07-07,45630,医薬品,66.5,52.0,49.4,SL(-5%),2026-07-08,10000000.0,1430,9500000.0,1430,-502860.0
2026-07-07,70030,機械,62.8,4796.0,4556.2,SL(-5%),2026-07-09,10000000.0,1430,9500000.0,1430,-502860.0
2026-07-07,36640,情報･通信業,69.8,24.0,22.8,SL(-5%),2026-07-08,10000000.0,1430,9500000.0,1430,-502860.0
2026-07-07,70180,輸送用機器,68.1,10500.0,9975.0,SL(-5%),2026-07-08,10000000.0,1430,9500000.0,1430,-502860.0
2026-05-28,70740,サービス業,71.0,169.0,185.9,TP(+10%),2026-07-15,10000000.0,1430,11000000.0,1430,997140.0
2026-07-02,52460,情報･通信業,67.7,639.0,702.9,TP(+10%),2026-07-15,10000000.0,1430,10999999.999999998,1430,997139.9999999981
2026-07-06,276A0,不動産業,71.3,3335.0,3668.5,TP(+10%),2026-07-15,10000000.0,1430,11000000.0,1430,997140.0
2026-07-07,55780,情報･通信業,61.9,938.0,891.1,SL(-5%),2026-07-15,10000000.0,1430,9500000.0,1430,-502860.0
2026-07-08,60290,サービス業,92.6,187.0,205.7,TP(+10%),2026-07-09,10000000.0,1430,10999999.999999998,1430,997139.9999999981
2026-07-08,45910,医薬品,87.5,79.0,86.9,TP(+10%),2026-07-09,10000000.0,1430,11000000.0,1430,997140.0
2026-07-08,550A0,情報･通信業,87.5,2600.0,2470.0,SL(-5%),2026-07-09,10000000.0,1430,9500000.0,1430,-502860.0
2026-07-08,264A0,サービス業,89.5,315.0,299.2,SL(-5%),2026-07-09,10000000.0,1430,9498412.698412698,1430,-504447.30158730224
2026-07-08,36250,情報･通信業,73.1,615.0,676.5,TP(+10%),2026-07-09,10000000.0,1430,11000000.0,1430,997140.0
2026-07-08,66960,電気機器,85.8,311.0,342.1,TP(+10%),2026-07-09,10000000.0,1430,11000000.0,1430,997140.0
2026-07-08,87830,その他金融業,91.7,87.0,82.6,SL(-5%),2026-07-09,10000000.0,1430,9494252.873563219,1430,-508607.12643678114
2026-07-08,48900,医薬品,70.6,250.0,237.5,SL(-5%),2026-07-13,10000000.0,1430,9500000.0,1430,-502860.0
2026-07-08,94250,情報･通信業,90.8,239.0,227.0,SL(-5%),2026-07-09,10000000.0,1430,9497907.949790794,1430,-504952.0502092056
2026-07-08,78150,その他製品,81.4,446.0,423.7,SL(-5%),2026-07-09,10000000.0,1430,9500000.0,1430,-502860.0
2026-07-08,95570,サービス業,86.5,192.0,182.4,SL(-5%),2026-07-09,10000000.0,1430,9500000.0,1430,-502860.0
2026-07-08,45960,医薬品,88.9,70.0,77.0,TP(+10%),2026-07-09,10000000.0,1430,11000000.0,1430,997140.0
2026-07-08,44240,情報･通信業,86.0,275.0,302.5,TP(+10%),2026-07-09,10000000.0,1430,11000000.0,1430,997140.0
2026-07-08,41990,情報･通信業,76.0,735.0,808.5,TP(+10%),2026-07-13,10000000.0,1430,11000000.0,1430,997140.0
2026-07-08,51030,その他,69.2,34.0,32.3,SL(-5%),2026-07-09,10000000.0,1430,9500000.0,1430,-502860.0
2026-07-08,87460,証券･商品先物取引業,87.9,110.0,104.5,SL(-5%),2026-07-09,10000000.0,1430,9500000.0,1430,-502860.0
2026-07-08,157A0,サービス業,79.5,918.0,872.1,SL(-5%),2026-07-14,10000000.0,1430,9500000.0,1430,-502860.0
2026-07-08,49350,化学,81.7,379.0,360.1,SL(-5%),2026-07-09,10000000.0,1430,9501319.261213722,1430,-501540.7387862783
2026-07-08,20340,その他,70.9,1833.0,1741.3,SL(-5%),2026-07-09,10000000.0,1430,9499727.223131478,1430,-503132.77686852217
2026-07-08,44460,情報･通信業,78.1,929.0,882.5,SL(-5%),2026-07-09,10000000.0,1430,9499461.7868676,1430,-503398.21313240007
2026-07-08,95560,サービス業,67.7,1836.0,1744.2,SL(-5%),2026-07-09,10000000.0,1430,9500000.0,1430,-502860.0
2026-07-08,48810,医薬品,77.1,75.0,71.2,SL(-5%),2026-07-09,10000000.0,1430,9493333.333333334,1430,-509526.66666666605
2026-07-08,42650,情報･通信業,77.0,399.0,379.0,SL(-5%),2026-07-09,10000000.0,1430,9498746.86716792,1430,-504113.1328320801
2026-07-08,76030,小売業,77.7,58.0,55.1,SL(-5%),2026-07-09,10000000.0,1430,9500000.0,1430,-502860.0
2026-07-08,38100,情報･通信業,64.2,197.0,187.1,SL(-5%),2026-07-09,10000000.0,1430,9497461.92893401,1430,-505398.07106599025
2026-07-01,44140,情報･通信業,66.6,1137.0,1250.7,TP(+10%),2026-07-16,10000000.0,1430,11000000.0,1430,997140.0
2026-07-09,51030,その他,91.4,28.0,26.6,SL(-5%),2026-07-13,10000000.0,1430,9500000.0,1430,-502860.0
2026-07-09,64690,機械,76.1,2983.0,2833.8,SL(-5%),2026-07-13,10000000.0,1430,9499832.383506538,1430,-503027.61649346165
2026-07-09,36250,情報･通信業,79.3,616.0,585.2,SL(-5%),2026-07-10,10000000.0,1430,9500000.0,1430,-502860.0
2026-07-09,44240,情報･通信業,85.9,316.0,347.6,TP(+10%),2026-07-10,10000000.0,1430,11000000.0,1430,997140.0
2026-07-09,60290,サービス業,75.7,190.0,209.0,TP(+10%),2026-07-14,10000000.0,1430,11000000.0,1430,997140.0
2026-07-09,77090,精密機器,89.5,47.0,44.6,SL(-5%),2026-07-10,10000000.0,1430,9489361.70212766,1430,-513498.2978723403
2026-07-09,93990,情報･通信業,89.0,15.0,16.5,TP(+10%),2026-07-10,10000000.0,1430,11000000.0,1430,997140.0
2026-07-09,48330,サービス業,89.0,48.0,52.8,TP(+10%),2026-07-10,10000000.0,1430,10999999.999999998,1430,997139.9999999981
2026-07-09,48810,医薬品,71.5,69.0,75.9,TP(+10%),2026-07-13,10000000.0,1430,11000000.0,1430,997140.0
2026-07-09,36470,情報･通信業,79.5,126.0,119.7,SL(-5%),2026-07-10,10000000.0,1430,9500000.0,1430,-502860.0
2026-07-09,45960,医薬品,86.9,69.0,75.9,TP(+10%),2026-07-10,10000000.0,1430,11000000.0,1430,997140.0
2026-07-09,66960,電気機器,80.6,318.0,302.1,SL(-5%),2026-07-13,10000000.0,1430,9500000.0,1430,-502860.0
2026-07-09,218A0,精密機器,81.9,1293.0,1228.3,SL(-5%),2026-07-10,10000000.0,1430,9499613.302397525,1430,-503246.69760247506
2026-07-09,45910,医薬品,77.8,77.0,73.1,SL(-5%),2026-07-10,10000000.0,1430,9493506.493506493,1430,-509353.50649350695
2026-07-09,52430,情報･通信業,67.5,2010.0,2211.0,TP(+10%),2026-07-10,10000000.0,1430,11000000.0,1430,997140.0
2026-07-09,78150,その他製品,69.5,412.0,391.4,SL(-5%),2026-07-10,10000000.0,1430,9500000.0,1430,-502860.0
2026-07-09,45930,医薬品,71.4,256.0,281.6,TP(+10%),2026-07-15,10000000.0,1430,11000000.0,1430,997140.0
2026-07-09,49350,化学,80.5,322.0,354.2,TP(+10%),2026-07-10,10000000.0,1430,10999999.999999998,1430,997139.9999999981
2026-06-19,58200,非鉄金属,69.2,751.0,713.4,SL(-5%),2026-07-17,10000000.0,1430,9499334.221038615,1430,-503525.77896138467
2026-06-30,352A0,サービス業,78.1,505.0,479.8,SL(-5%),2026-07-21,10000000.0,1430,9500990.099009901,1430,-501869.9009900987
2026-07-02,73590,サービス業,94.3,225.0,247.5,TP(+10%),2026-07-17,10000000.0,1430,11000000.0,1430,997140.0
2026-07-02,69930,小売業,67.5,85.0,80.8,SL(-5%),2026-07-17,10000000.0,1430,9505882.352941176,1430,-496977.6470588241
2026-07-06,41130,化学,73.9,743.0,817.3,TP(+10%),2026-07-21,10000000.0,1430,10999999.999999998,1430,997139.9999999981
2026-07-09,23210,情報･通信業,79.4,141.0,133.9,SL(-5%),2026-07-17,10000000.0,1430,9496453.900709221,1430,-506406.09929077886
2026-07-09,51380,情報･通信業,85.9,452.0,429.4,SL(-5%),2026-07-17,10000000.0,1430,9500000.0,1430,-502860.0
2026-07-09,38400,情報･通信業,69.8,65.0,61.8,SL(-5%),2026-07-17,10000000.0,1430,9507692.307692306,1430,-495167.6923076939
2026-07-10,52400,情報･通信業,92.8,180.0,198.0,TP(+10%),2026-07-14,10000000.0,1430,11000000.0,1430,997140.0
2026-07-10,78370,その他製品,84.8,365.0,346.8,SL(-5%),2026-07-17,10000000.0,1430,9501369.8630137,1430,-501490.13698630035
2026-07-10,38560,電気機器,77.3,532.0,505.4,SL(-5%),2026-07-14,10000000.0,1430,9500000.0,1430,-502860.0
2026-07-10,93480,サービス業,71.3,445.0,422.8,SL(-5%),2026-07-16,10000000.0,1430,9501123.595505618,1430,-501736.40449438244
2026-07-10,44240,情報･通信業,81.3,396.0,435.6,TP(+10%),2026-07-14,10000000.0,1430,11000000.0,1430,997140.0
2026-07-10,49350,化学,77.7,365.0,401.5,TP(+10%),2026-07-14,10000000.0,1430,11000000.0,1430,997140.0
2026-07-10,93990,情報･通信業,87.3,18.0,17.1,SL(-5%),2026-07-14,10000000.0,1430,9500000.0,1430,-502860.0
2026-07-10,81430,繊維製品,67.1,151.0,143.4,SL(-5%),2026-07-16,10000000.0,1430,9496688.741721855,1430,-506171.2582781445
2026-07-10,45750,医薬品,76.9,758.0,720.1,SL(-5%),2026-07-17,10000000.0,1430,9500000.0,1430,-502860.0
2026-07-10,48330,サービス業,85.4,60.0,57.0,SL(-5%),2026-07-14,10000000.0,1430,9500000.0,1430,-502860.0
2026-07-10,36470,情報･通信業,67.9,122.0,134.2,TP(+10%),2026-07-14,10000000.0,1430,10999999.999999998,1430,997139.9999999981
2026-07-10,278A0,精密機器,76.6,10860.0,11946.0,TP(+10%),2026-07-15,10000000.0,1430,11000000.0,1430,997140.0
2026-07-10,76030,小売業,69.7,56.0,53.2,SL(-5%),2026-07-14,10000000.0,1430,9500000.0,1430,-502860.0
2026-07-10,51030,その他,65.5,28.0,30.8,TP(+10%),2026-07-14,10000000.0,1430,11000000.0,1430,997140.0
2026-07-10,33500,卸売業,76.1,248.0,235.6,SL(-5%),2026-07-14,10000000.0,1430,9500000.0,1430,-502860.0
2026-07-10,55740,情報･通信業,66.6,2359.0,2594.9,TP(+10%),2026-07-16,10000000.0,1430,11000000.0,1430,997140.0
2026-06-23,91150,海運業,70.6,802.0,882.2,TP(+10%),2026-07-22,10000000.0,1430,11000000.0,1430,997140.0
2026-07-14,39960,情報･通信業,91.2,248.0,235.6,SL(-5%),2026-07-15,10000000.0,1430,9500000.0,1430,-502860.0
2026-07-14,195A0,サービス業,85.6,820.0,779.0,SL(-5%),2026-07-15,10000000.0,1430,9500000.0,1430,-502860.0
2026-07-14,52400,情報･通信業,91.4,206.0,226.6,TP(+10%),2026-07-15,10000000.0,1430,11000000.0,1430,997140.0
2026-07-14,68360,電気機器,93.6,924.0,877.8,SL(-5%),2026-07-15,10000000.0,1430,9500000.0,1430,-502860.0
2026-07-14,51030,その他,94.7,28.0,26.6,SL(-5%),2026-07-15,10000000.0,1430,9500000.0,1430,-502860.0
2026-07-14,50260,情報･通信業,90.6,624.0,686.4,TP(+10%),2026-07-15,10000000.0,1430,10999999.999999998,1430,997139.9999999981
2026-07-14,93310,サービス業,85.2,902.0,856.9,SL(-5%),2026-07-15,10000000.0,1430,9500000.0,1430,-502860.0
2026-07-14,50290,情報･通信業,86.2,800.0,760.0,SL(-5%),2026-07-15,10000000.0,1430,9500000.0,1430,-502860.0
2026-07-14,38100,情報･通信業,80.9,219.0,208.0,SL(-5%),2026-07-15,10000000.0,1430,9497716.89497717,1430,-505143.1050228309
2026-07-14,32360,不動産業,67.8,287.0,272.6,SL(-5%),2026-07-17,10000000.0,1430,9498257.839721255,1430,-504602.160278745
2026-07-14,48890,医薬品,84.6,1630.0,1548.5,SL(-5%),2026-07-15,10000000.0,1430,9500000.0,1430,-502860.0
2026-07-14,44180,情報･通信業,84.6,920.0,874.0,SL(-5%),2026-07-15,10000000.0,1430,9500000.0,1430,-502860.0
2026-07-14,44400,情報･通信業,69.0,1187.0,1127.6,SL(-5%),2026-07-17,10000000.0,1430,9499578.770008422,1430,-503281.22999157757
2026-07-14,93270,倉庫･運輸関連業,76.4,227.0,215.6,SL(-5%),2026-07-15,10000000.0,1430,9497797.356828194,1430,-505062.6431718059
2026-07-14,66150,電気機器,67.2,248.0,235.6,SL(-5%),2026-07-16,10000000.0,1430,9500000.0,1430,-502860.0
2026-07-14,20340,その他,74.7,1887.0,1792.6,SL(-5%),2026-07-15,10000000.0,1430,9499735.029146792,1430,-503124.97085320763
2026-07-14,73750,サービス業,69.1,1255.0,1192.2,SL(-5%),2026-07-17,10000000.0,1430,9499601.593625499,1430,-503258.40637450106
2026-07-14,76030,小売業,75.2,54.0,51.3,SL(-5%),2026-07-17,10000000.0,1430,9500000.0,1430,-502860.0
2026-07-14,65210,電気機器,72.3,3830.0,3638.5,SL(-5%),2026-07-16,10000000.0,1430,9500000.0,1430,-502860.0
2026-07-14,36470,情報･通信業,67.9,127.0,120.6,SL(-5%),2026-07-15,10000000.0,1430,9496062.992125984,1430,-506797.0078740157
2026-07-14,94440,情報･通信業,80.4,259.0,246.0,SL(-5%),2026-07-15,10000000.0,1430,9498069.498069499,1430,-504790.5019305013
2026-07-14,48190,情報･通信業,70.8,2386.0,2266.7,SL(-5%),2026-07-16,10000000.0,1430,9500000.0,1430,-502860.0
2026-07-14,298A0,情報･通信業,76.5,390.0,370.5,SL(-5%),2026-07-16,10000000.0,1430,9500000.0,1430,-502860.0
2026-07-09,70220,機械,68.1,288.0,316.8,TP(+10%),2026-07-23,10000000.0,1430,11000000.0,1430,997140.0
2026-07-14,299A0,サービス業,68.7,1102.0,1046.9,SL(-5%),2026-07-23,10000000.0,1430,9500000.0,1430,-502860.0
2026-07-15,45860,医薬品,94.5,79.0,75.0,SL(-5%),2026-07-16,10000000.0,1430,9493670.88607595,1430,-509189.1139240507
2026-07-15,39960,情報･通信業,91.3,229.0,217.5,SL(-5%),2026-07-16,10000000.0,1430,9497816.593886463,1430,-505043.406113537
2026-07-15,45760,医薬品,80.9,84.0,79.8,SL(-5%),2026-07-17,10000000.0,1430,9500000.0,1430,-502860.0
2026-07-15,50260,情報･通信業,90.0,685.0,650.8,SL(-5%),2026-07-16,10000000.0,1430,9500729.927007299,1430,-502130.0729927011
2026-07-15,37600,情報･通信業,73.6,728.0,691.6,SL(-5%),2026-07-17,10000000.0,1430,9500000.0,1430,-502860.0
2026-07-15,41990,情報･通信業,75.3,966.0,917.7,SL(-5%),2026-07-16,10000000.0,1430,9500000.0,1430,-502860.0
2026-07-15,276A0,不動産業,85.1,4025.0,3823.8,SL(-5%),2026-07-17,10000000.0,1430,9500124.223602485,1430,-502735.7763975151
2026-07-15,52460,情報･通信業,70.2,720.0,792.0,TP(+10%),2026-07-22,10000000.0,1430,11000000.0,1430,997140.0
2026-07-15,340A0,情報･通信業,81.5,321.0,304.9,SL(-5%),2026-07-17,10000000.0,1430,9498442.367601246,1430,-504417.63239875436
2026-07-15,93310,サービス業,71.8,757.0,719.1,SL(-5%),2026-07-17,10000000.0,1430,9499339.498018494,1430,-503520.5019815061
2026-07-15,44180,情報･通信業,74.2,958.0,910.1,SL(-5%),2026-07-17,10000000.0,1430,9500000.0,1430,-502860.0
2026-07-15,52400,情報･通信業,79.9,225.0,213.8,SL(-5%),2026-07-16,10000000.0,1430,9502222.222222224,1430,-500637.7777777761
2026-07-15,38100,情報･通信業,82.2,190.0,180.5,SL(-5%),2026-07-16,10000000.0,1430,9500000.0,1430,-502860.0
2026-07-15,93370,サービス業,70.3,1624.0,1542.8,SL(-5%),2026-07-17,10000000.0,1430,9500000.0,1430,-502860.0
2026-07-15,39130,情報･通信業,71.1,1009.0,958.5,SL(-5%),2026-07-17,10000000.0,1430,9499504.459861249,1430,-503355.54013875127
2026-07-15,51030,その他,75.6,23.0,21.8,SL(-5%),2026-07-16,10000000.0,1430,9478260.869565219,1430,-524599.1304347813
2026-07-15,44120,情報･通信業,68.2,1313.0,1444.3,TP(+10%),2026-07-16,10000000.0,1430,10999999.999999998,1430,997139.9999999981
2026-07-15,40150,情報･通信業,63.9,576.0,547.2,SL(-5%),2026-07-23,10000000.0,1430,9500000.0,1430,-502860.0
2026-07-15,64940,機械,63.7,106.0,100.7,SL(-5%),2026-07-16,10000000.0,1430,9500000.0,1430,-502860.0
2026-07-15,77190,精密機器,77.0,523.0,496.8,SL(-5%),2026-07-16,10000000.0,1430,9499043.977055449,1430,-503816.02294455096
2026-07-15,44270,情報･通信業,68.6,204.0,193.8,SL(-5%),2026-07-17,10000000.0,1430,9500000.0,1430,-502860.0
2026-07-15,93990,情報･通信業,84.7,13.0,12.3,SL(-5%),2026-07-16,10000000.0,1430,9461538.461538462,1430,-541321.538461538
2026-07-15,38230,情報･通信業,71.6,34.0,32.3,SL(-5%),2026-07-16,10000000.0,1430,9500000.0,1430,-502860.0
2026-07-15,523A0,金属製品,64.5,1569.0,1490.5,SL(-5%),2026-07-16,10000000.0,1430,9499681.325685149,1430,-503178.67431485094
2026-07-15,50740,建設業,72.7,882.0,837.9,SL(-5%),2026-07-16,10000000.0,1430,9500000.0,1430,-502860.0
2026-07-15,42590,情報･通信業,66.7,845.0,802.8,SL(-5%),2026-07-17,10000000.0,1430,9500591.715976331,1430,-502268.2840236686
2026-07-15,195A0,サービス業,65.8,808.0,767.6,SL(-5%),2026-07-16,10000000.0,1430,9500000.0,1430,-502860.0
2026-06-15,92360,サービス業,75.4,1004.0,1104.4,TP(+10%),2026-07-27,10000000.0,1430,11000000.0,1430,997140.0
2026-06-23,78860,化学,68.5,670.0,737.0,TP(+10%),2026-07-28,10000000.0,1430,11000000.0,1430,997140.0
2026-07-02,24400,サービス業,65.4,127.0,120.6,SL(-5%),2026-07-24,10000000.0,1430,9496062.992125984,1430,-506797.0078740157
2026-07-02,48280,情報･通信業,66.8,1088.0,1196.8,TP(+10%),2026-07-27,10000000.0,1430,10999999.999999998,1430,997139.9999999981
2026-07-06,34980,不動産業,65.0,6630.0,7293.0,TP(+10%),2026-07-27,10000000.0,1430,11000000.0,1430,997140.0
2026-07-09,89140,不動産業,74.3,866.0,952.6,TP(+10%),2026-07-24,10000000.0,1430,11000000.0,1430,997140.0
2026-07-15,70340,サービス業,72.6,366.0,402.6,TP(+10%),2026-07-24,10000000.0,1430,11000000.0,1430,997140.0
2026-07-16,175A0,情報･通信業,94.5,690.0,655.5,SL(-5%),2026-07-21,10000000.0,1430,9500000.0,1430,-502860.0
2026-07-16,71380,小売業,97.1,167.0,158.7,SL(-5%),2026-07-21,10000000.0,1430,9502994.011976046,1430,-499865.9880239535
2026-07-16,65720,サービス業,81.8,259.0,284.9,TP(+10%),2026-07-21,10000000.0,1430,10999999.999999998,1430,997139.9999999981
2026-07-16,92380,サービス業,97.1,454.0,431.3,SL(-5%),2026-07-21,10000000.0,1430,9500000.0,1430,-502860.0
2026-07-16,44120,情報･通信業,90.6,1350.0,1282.5,SL(-5%),2026-07-21,10000000.0,1430,9500000.0,1430,-502860.0
2026-07-16,157A0,サービス業,76.1,1015.0,964.2,SL(-5%),2026-07-21,10000000.0,1430,9499507.389162563,1430,-503352.6108374372
2026-07-16,37910,情報･通信業,80.7,1026.0,974.7,SL(-5%),2026-07-21,10000000.0,1430,9500000.0,1430,-502860.0
2026-07-16,62240,機械,71.3,1214.0,1153.3,SL(-5%),2026-07-22,10000000.0,1430,9500000.0,1430,-502860.0
2026-07-16,55740,情報･通信業,86.3,2397.0,2277.2,SL(-5%),2026-07-21,10000000.0,1430,9500208.594075928,1430,-502651.4059240725
2026-07-16,77190,精密機器,83.6,513.0,487.3,SL(-5%),2026-07-21,10000000.0,1430,9499025.341130605,1430,-503834.65886939503
2026-07-16,65520,サービス業,69.5,180.0,171.0,SL(-5%),2026-07-21,10000000.0,1430,9500000.0,1430,-502860.0
2026-07-16,277A0,サービス業,79.8,1812.0,1721.4,SL(-5%),2026-07-21,10000000.0,1430,9500000.0,1430,-502860.0
2026-07-16,51030,その他,87.5,19.0,18.1,SL(-5%),2026-07-21,10000000.0,1430,9526315.789473685,1430,-476544.2105263155
2026-07-16,92120,サービス業,78.2,288.0,273.6,SL(-5%),2026-07-21,10000000.0,1430,9500000.0,1430,-502860.0
2026-07-16,469A0,サービス業,72.7,1486.0,1411.7,SL(-5%),2026-07-22,10000000.0,1430,9500000.0,1430,-502860.0
2026-07-16,45860,医薬品,82.8,65.0,61.8,SL(-5%),2026-07-21,10000000.0,1430,9507692.307692306,1430,-495167.6923076939
2026-07-16,27210,卸売業,67.3,142.0,156.2,TP(+10%),2026-07-21,10000000.0,1430,10999999.999999998,1430,997139.9999999981
2026-07-16,97040,サービス業,71.7,37.0,35.1,SL(-5%),2026-07-21,10000000.0,1430,9486486.486486487,1430,-516373.5135135129
2026-07-16,44180,情報･通信業,69.4,940.0,893.0,SL(-5%),2026-07-21,10000000.0,1430,9500000.0,1430,-502860.0
2026-07-16,523A0,金属製品,69.3,1605.0,1524.8,SL(-5%),2026-07-21,10000000.0,1430,9500311.52647975,1430,-502548.4735202491
2026-07-16,39150,情報･通信業,68.7,2266.0,2152.7,SL(-5%),2026-07-21,10000000.0,1430,9500000.0,1430,-502860.0
2026-07-16,58170,非鉄金属,69.9,1051.0,998.4,SL(-5%),2026-07-21,10000000.0,1430,9499524.262607042,1430,-503335.73739295825
2026-07-16,48840,医薬品,73.9,340.0,323.0,SL(-5%),2026-07-21,10000000.0,1430,9500000.0,1430,-502860.0
2026-07-16,36970,情報･通信業,71.5,679.8,747.8,TP(+10%),2026-07-21,10000000.0,1430,11000294.204177698,1430,997434.2041776981
2026-07-16,76020,卸売業,78.4,179.0,170.0,SL(-5%),2026-07-21,10000000.0,1430,9497206.703910615,1430,-505653.2960893847
2026-07-16,38100,情報･通信業,81.0,167.0,158.7,SL(-5%),2026-07-21,10000000.0,1430,9502994.011976046,1430,-499865.9880239535
2026-07-16,41990,情報･通信業,68.8,903.0,857.8,SL(-5%),2026-07-21,10000000.0,1430,9499446.290143963,1430,-503413.70985603705
2026-07-16,52460,情報･通信業,64.6,712.0,783.2,TP(+10%),2026-07-22,10000000.0,1430,11000000.0,1430,997140.0
2026-07-16,68360,電気機器,76.8,833.0,791.3,SL(-5%),2026-07-21,10000000.0,1430,9499399.759903962,1430,-503460.2400960382
2026-05-27,92230,サービス業,68.5,390.0,429.0,TP(+10%),2026-07-29,10000000.0,1430,11000000.0,1430,997140.0
2026-06-16,45700,医薬品,72.9,960.0,912.0,SL(-5%),2026-07-29,10000000.0,1430,9500000.0,1430,-502860.0
2026-06-23,78440,情報･通信業,64.8,427.0,469.7,TP(+10%),2026-07-30,10000000.0,1430,11000000.0,1430,997140.0
2026-07-07,92670,小売業,60.4,3765.0,4141.5,TP(+10%),2026-07-29,10000000.0,1430,11000000.0,1430,997140.0
2026-07-14,44320,情報･通信業,68.7,2741.0,3015.1,TP(+10%),2026-07-28,10000000.0,1430,10999999.999999998,1430,997139.9999999981
2026-07-14,22160,食料品,64.7,1213.0,1152.3,SL(-5%),2026-07-31,10000000.0,1430,9499587.798845837,1430,-503272.2011541631
2026-07-14,60290,サービス業,62.6,206.0,195.7,SL(-5%),2026-07-29,10000000.0,1430,9500000.0,1430,-502860.0
2026-07-15,50290,情報･通信業,68.3,754.0,829.4,TP(+10%),2026-07-29,10000000.0,1430,10999999.999999998,1430,997139.9999999981
2026-07-15,45520,医薬品,63.4,524.0,497.8,SL(-5%),2026-07-31,10000000.0,1430,9500000.0,1430,-502860.0
2026-07-16,50260,情報･通信業,71.6,587.0,557.6,SL(-5%),2026-07-29,10000000.0,1430,9499148.211243613,1430,-503711.7887563873
2026-07-21,93420,サービス業,89.9,837.0,795.1,SL(-5%),2026-07-27,10000000.0,1430,9499402.628434887,1430,-503457.37156511284
2026-07-21,23450,情報･通信業,92.2,107.0,101.6,SL(-5%),2026-07-27,10000000.0,1430,9495327.102803737,1430,-507532.8971962631
2026-07-21,92380,サービス業,92.4,472.0,448.4,SL(-5%),2026-07-27,10000000.0,1430,9500000.0,1430,-502860.0
2026-07-21,280A0,卸売業,75.1,989.0,939.5,SL(-5%),2026-07-27,10000000.0,1430,9499494.4388271,1430,-503365.5611729007
2026-07-21,45720,医薬品,66.8,335.0,318.2,SL(-5%),2026-07-27,10000000.0,1430,9498507.462686567,1430,-504352.53731343336
2026-07-21,175A0,情報･通信業,78.4,620.0,589.0,SL(-5%),2026-07-30,10000000.0,1430,9500000.0,1430,-502860.0
2026-07-21,92570,サービス業,67.7,549.0,521.5,SL(-5%),2026-07-27,10000000.0,1430,9499089.253187614,1430,-503770.74681238644
2026-07-21,27210,卸売業,81.7,147.0,139.7,SL(-5%),2026-07-27,10000000.0,1430,9503401.360544218,1430,-499458.63945578225
2026-07-21,73760,サービス業,76.8,1043.0,1147.3,TP(+10%),2026-07-27,10000000.0,1430,10999999.999999998,1430,997139.9999999981
2026-07-21,71380,小売業,82.2,160.0,152.0,SL(-5%),2026-07-27,10000000.0,1430,9500000.0,1430,-502860.0
2026-07-21,41130,化学,69.1,819.0,778.0,SL(-5%),2026-07-28,10000000.0,1430,9499389.4993895,1430,-503470.5006105006
2026-07-21,65480,サービス業,71.3,100.0,110.0,TP(+10%),2026-07-27,10000000.0,1430,11000000.0,1430,997140.0
2026-07-21,65720,サービス業,65.6,263.0,249.8,SL(-5%),2026-07-27,10000000.0,1430,9498098.859315591,1430,-504761.14068440907
2026-07-21,51030,その他,84.4,15.0,14.2,SL(-5%),2026-07-27,10000000.0,1430,9466666.666666666,1430,-536193.333333334
2026-07-21,352A0,サービス業,70.8,475.0,522.5,TP(+10%),2026-07-30,10000000.0,1430,11000000.0,1430,997140.0
2026-07-21,64330,機械,75.0,1082.0,1027.9,SL(-5%),2026-07-27,10000000.0,1430,9500000.0,1430,-502860.0
2026-07-21,20340,その他,79.9,2016.0,1915.2,SL(-5%),2026-07-27,10000000.0,1430,9500000.0,1430,-502860.0
2026-07-21,38230,情報･通信業,76.5,34.0,32.3,SL(-5%),2026-07-27,10000000.0,1430,9500000.0,1430,-502860.0
2026-07-06,99130,卸売業,77.1,3065.0,3371.5,TP(+10%),2026-08-05,10000000.0,1430,11000000.0,1430,997140.0
2026-07-16,414A0,情報･通信業,79.7,801.0,881.1,TP(+10%),2026-08-04,10000000.0,1430,11000000.0,1430,997140.0
2026-07-16,70740,サービス業,65.0,181.0,199.1,TP(+10%),2026-08-03,10000000.0,1430,10999999.999999998,1430,997139.9999999981
2026-07-21,519A0,情報･通信業,66.5,535.0,508.2,SL(-5%),2026-08-06,10000000.0,1430,9499065.420560747,1430,-503794.5794392526
2026-07-21,24840,情報･通信業,64.3,130.0,143.0,TP(+10%),2026-08-04,10000000.0,1430,11000000.0,1430,997140.0
2026-07-27,89950,不動産業,96.2,943.0,1037.3,TP(+10%),2026-08-03,10000000.0,1430,10999999.999999998,1430,997139.9999999981
2026-07-27,31740,小売業,87.1,454.0,431.3,SL(-5%),2026-07-31,10000000.0,1430,9500000.0,1430,-502860.0
2026-07-27,184A0,情報･通信業,80.7,333.0,366.3,TP(+10%),2026-08-04,10000000.0,1430,11000000.0,1430,997140.0
2026-07-27,56180,情報･通信業,77.3,304.0,288.8,SL(-5%),2026-08-03,10000000.0,1430,9500000.0,1430,-502860.0
2026-07-27,39070,情報･通信業,86.9,1166.0,1107.7,SL(-5%),2026-07-31,10000000.0,1430,9500000.0,1430,-502860.0
2026-07-27,65480,サービス業,83.7,118.0,112.1,SL(-5%),2026-07-31,10000000.0,1430,9500000.0,1430,-502860.0
2026-07-27,543A0,輸送用機器,70.7,293.0,278.3,SL(-5%),2026-07-31,10000000.0,1430,9498293.515358362,1430,-504566.48464163765
2026-07-27,92560,サービス業,84.3,2346.0,2228.7,SL(-5%),2026-07-31,10000000.0,1430,9500000.0,1430,-502860.0
2026-07-27,13820,水産・農林業,72.8,935.0,888.2,SL(-5%),2026-07-31,10000000.0,1430,9499465.240641711,1430,-503394.7593582887
2026-07-27,66290,電気機器,70.8,981.0,931.9,SL(-5%),2026-07-31,10000000.0,1430,9499490.316004077,1430,-503369.683995923
2026-07-27,51030,その他,88.0,10.0,9.5,SL(-5%),2026-07-31,10000000.0,1430,9500000.0,1430,-502860.0
2026-07-27,70340,サービス業,74.6,407.0,386.6,SL(-5%),2026-07-31,10000000.0,1430,9498771.498771498,1430,-504088.501228502
2026-07-27,79010,その他製品,73.5,864.0,820.8,SL(-5%),2026-07-31,10000000.0,1430,9500000.0,1430,-502860.0
2026-07-27,69930,小売業,80.1,101.0,95.9,SL(-5%),2026-07-31,10000000.0,1430,9495049.504950495,1430,-507810.49504950456
2026-07-27,63300,建設業,71.6,2095.0,1990.2,SL(-5%),2026-07-31,10000000.0,1430,9499761.336515512,1430,-503098.6634844877
2026-07-27,43160,情報･通信業,70.2,95.0,90.2,SL(-5%),2026-07-31,10000000.0,1430,9494736.842105264,1430,-508123.15789473616
2026-07-27,43810,情報･通信業,77.4,384.0,364.8,SL(-5%),2026-07-31,10000000.0,1430,9500000.0,1430,-502860.0
2026-07-27,24590,サービス業,68.6,174.0,165.3,SL(-5%),2026-08-03,10000000.0,1430,9500000.0,1430,-502860.0
2026-07-27,92570,サービス業,69.5,488.0,463.6,SL(-5%),2026-07-31,10000000.0,1430,9500000.0,1430,-502860.0
2026-07-27,198A0,情報･通信業,72.5,160.0,152.0,SL(-5%),2026-08-03,10000000.0,1430,9500000.0,1430,-502860.0
2026-06-15,79850,金属製品,72.5,732.0,805.2,TP(+10%),2026-08-10,10000000.0,1430,11000000.0,1430,997140.0
2026-06-19,33150,石油･石炭製品,61.1,93.0,102.3,TP(+10%),2026-08-07,10000000.0,1430,10999999.999999998,1430,997139.9999999981
2026-07-09,42630,情報･通信業,69.4,696.0,661.2,SL(-5%),2026-08-10,10000000.0,1430,9500000.0,1430,-502860.0
2026-07-31,91580,サービス業,88.3,790.0,750.5,SL(-5%),2026-08-04,10000000.0,1430,9500000.0,1430,-502860.0
2026-07-31,89950,不動産業,88.6,990.0,1089.0,TP(+10%),2026-08-04,10000000.0,1430,11000000.0,1430,997140.0
2026-07-31,53670,ガラス･土石製品,81.9,1230.0,1168.5,SL(-5%),2026-08-07,10000000.0,1430,9500000.0,1430,-502860.0
2026-07-31,45490,医薬品,72.9,2151.0,2043.4,SL(-5%),2026-08-04,10000000.0,1430,9499767.549976755,1430,-503092.45002324507
2026-07-31,22160,食料品,82.0,1100.0,1045.0,SL(-5%),2026-08-04,10000000.0,1430,9500000.0,1430,-502860.0
2026-07-31,26730,小売業,81.9,114.0,108.3,SL(-5%),2026-08-10,10000000.0,1430,9500000.0,1430,-502860.0
2026-07-31,68400,電気機器,67.0,694.0,763.4,TP(+10%),2026-08-06,10000000.0,1430,10999999.999999998,1430,997139.9999999981
2026-07-31,54490,鉄鋼,63.3,2506.0,2380.7,SL(-5%),2026-08-04,10000000.0,1430,9500000.0,1430,-502860.0
2026-07-31,82540,小売業,71.5,369.0,350.6,SL(-5%),2026-08-10,10000000.0,1430,9501355.013550136,1430,-501504.98644986376
2026-07-31,13820,水産・農林業,74.9,950.0,902.5,SL(-5%),2026-08-10,10000000.0,1430,9500000.0,1430,-502860.0
2026-07-31,63870,機械,65.6,8520.0,9372.0,TP(+10%),2026-08-05,10000000.0,1430,11000000.0,1430,997140.0
2026-07-31,58020,非鉄金属,72.5,2184.0,2074.8,SL(-5%),2026-08-04,10000000.0,1430,9500000.0,1430,-502860.0
2026-07-31,62280,機械,70.5,565.0,536.8,SL(-5%),2026-08-05,10000000.0,1430,9500884.95575221,1430,-501975.0442477893
2026-07-31,95560,サービス業,71.8,2064.0,1960.8,SL(-5%),2026-08-06,10000000.0,1430,9500000.0,1430,-502860.0
2026-07-31,69610,電気機器,65.7,11380.0,10811.0,SL(-5%),2026-08-07,10000000.0,1430,9500000.0,1430,-502860.0
2026-07-31,69460,電気機器,69.8,5310.0,5841.0,TP(+10%),2026-08-05,10000000.0,1430,11000000.0,1430,997140.0
2026-07-31,48400,サービス業,64.6,516.0,567.6,TP(+10%),2026-08-10,10000000.0,1430,11000000.0,1430,997140.0
2026-07-31,77350,電気機器,66.2,12600.0,13860.0,TP(+10%),2026-08-05,10000000.0,1430,11000000.0,1430,997140.0
2026-07-31,67790,電気機器,64.1,2566.0,2822.6,TP(+10%),2026-08-05,10000000.0,1430,10999999.999999998,1430,997139.9999999981
2026-07-31,55880,情報･通信業,64.3,856.0,813.2,SL(-5%),2026-08-04,10000000.0,1430,9500000.0,1430,-502860.0
2026-07-14,21950,サービス業,66.3,328.0,360.8,TP(+10%),2026-08-12,10000000.0,1430,11000000.0,1430,997140.0
2026-07-16,64950,機械,68.8,121.0,133.1,TP(+10%),2026-08-12,10000000.0,1430,10999999.999999998,1430,997139.9999999981
2026-07-27,73630,サービス業,81.8,1182.0,1300.2,TP(+10%),2026-08-12,10000000.0,1430,11000000.0,1430,997140.0
2026-08-04,184A0,情報･通信業,93.0,359.0,341.1,SL(-5%),2026-08-05,10000000.0,1430,9501392.757660167,1430,-501467.2423398327
2026-08-04,94440,情報･通信業,92.5,298.0,327.8,TP(+10%),2026-08-05,10000000.0,1430,11000000.0,1430,997140.0
2026-08-04,66320,電気機器,79.4,930.1,883.6,SL(-5%),2026-08-05,10000000.0,1430,9500053.757660467,1430,-502806.2423395328
2026-08-04,352A0,サービス業,85.3,514.0,565.4,TP(+10%),2026-08-05,10000000.0,1430,10999999.999999998,1430,997139.9999999981
2026-08-04,43810,情報･通信業,71.7,443.0,487.3,TP(+10%),2026-08-05,10000000.0,1430,11000000.0,1430,997140.0
2026-08-04,89950,不動産業,82.3,1074.0,1020.3,SL(-5%),2026-08-06,10000000.0,1430,9500000.0,1430,-502860.0
2026-08-04,77090,精密機器,85.9,39.0,42.9,TP(+10%),2026-08-05,10000000.0,1430,10999999.999999998,1430,997139.9999999981
2026-08-04,45060,医薬品,67.8,1230.0,1353.0,TP(+10%),2026-08-10,10000000.0,1430,11000000.0,1430,997140.0
2026-08-04,70660,サービス業,63.9,477.0,453.1,SL(-5%),2026-08-06,10000000.0,1430,9498951.78197065,1430,-503908.21802935004
2026-08-04,39050,情報･通信業,74.1,2155.0,2047.2,SL(-5%),2026-08-06,10000000.0,1430,9499767.981438516,1430,-503092.0185614843
2026-07-06,58580,非鉄金属,65.1,1363.0,1294.8,SL(-5%),2026-08-13,10000000.0,1430,9499633.162142333,1430,-503226.83785766736
2026-07-31,45680,医薬品,63.7,2567.5,2824.3,TP(+10%),2026-08-13,10000000.0,1430,11000194.741966896,1430,997334.7419668958
2026-07-31,282A0,その他,65.1,2312.0,2543.2,TP(+10%),2026-08-13,10000000.0,1430,10999999.999999998,1430,997139.9999999981
2026-08-05,94440,情報･通信業,93.3,325.0,357.5,TP(+10%),2026-08-06,10000000.0,1430,11000000.0,1430,997140.0
2026-08-05,70130,機械,70.0,2691.5,2960.7,TP(+10%),2026-08-13,10000000.0,1430,11000185.770016719,1430,997325.7700167187
2026-08-05,94120,情報･通信業,72.9,2500.0,2375.0,SL(-5%),2026-08-06,10000000.0,1430,9500000.0,1430,-502860.0
2026-08-05,38560,電気機器,80.5,330.0,363.0,TP(+10%),2026-08-12,10000000.0,1430,11000000.0,1430,997140.0
2026-08-05,48130,情報･通信業,73.4,370.0,407.0,TP(+10%),2026-08-06,10000000.0,1430,11000000.0,1430,997140.0
2026-08-05,23950,サービス業,70.3,1350.0,1485.0,TP(+10%),2026-08-10,10000000.0,1430,11000000.0,1430,997140.0
2026-08-05,184A0,情報･通信業,73.0,374.0,355.3,SL(-5%),2026-08-06,10000000.0,1430,9500000.0,1430,-502860.0
2026-08-05,62260,機械,68.5,2195.0,2085.2,SL(-5%),2026-08-06,10000000.0,1430,9499772.209567199,1430,-503087.79043280147
2026-08-05,92580,サービス業,64.2,315.0,299.2,SL(-5%),2026-08-07,10000000.0,1430,9498412.698412698,1430,-504447.30158730224
2026-08-05,31030,繊維製品,76.1,1009.0,1109.9,TP(+10%),2026-08-06,10000000.0,1430,11000000.0,1430,997140.0
2026-08-05,70720,サービス業,62.4,1124.0,1067.8,SL(-5%),2026-08-06,10000000.0,1430,9500000.0,1430,-502860.0
2026-08-05,31100,ガラス･土石製品,63.9,3555.0,3377.2,SL(-5%),2026-08-06,10000000.0,1430,9499859.353023909,1430,-503000.64697609097
2026-08-05,36560,情報･通信業,63.9,254.0,241.3,SL(-5%),2026-08-07,10000000.0,1430,9500000.0,1430,-502860.0
2026-08-04,42880,情報･通信業,71.9,438.0,481.8,TP(+10%),2026-08-14,10000000.0,1430,11000000.0,1430,997140.0
2026-08-05,66320,電気機器,68.4,938.3,1032.1,TP(+10%),2026-08-14,10000000.0,1430,10999680.272833847,1430,996820.2728338465
2026-08-05,46870,情報･通信業,71.1,933.0,1026.3,TP(+10%),2026-08-14,10000000.0,1430,10999999.999999998,1430,997139.9999999981
2026-08-05,65740,サービス業,68.5,95.0,104.5,TP(+10%),2026-08-14,10000000.0,1430,11000000.0,1430,997140.0
2026-08-06,330A0,情報･通信業,85.9,512.0,486.4,SL(-5%),2026-08-07,10000000.0,1430,9500000.0,1430,-502860.0
2026-08-06,31030,繊維製品,91.9,1258.0,1195.1,SL(-5%),2026-08-07,10000000.0,1430,9500000.0,1430,-502860.0
2026-08-06,94440,情報･通信業,83.2,332.0,315.4,SL(-5%),2026-08-07,10000000.0,1430,9500000.0,1430,-502860.0
2026-08-06,77090,精密機器,88.7,47.0,51.7,TP(+10%),2026-08-07,10000000.0,1430,11000000.0,1430,997140.0
2026-08-06,31100,ガラス･土石製品,69.8,2918.0,2772.1,SL(-5%),2026-08-07,10000000.0,1430,9500000.0,1430,-502860.0
2026-08-06,58010,非鉄金属,78.4,3909.0,3713.5,SL(-5%),2026-08-07,10000000.0,1430,9499872.090048606,1430,-502987.9099513944
2026-08-06,64330,機械,73.2,1036.0,984.2,SL(-5%),2026-08-07,10000000.0,1430,9500000.0,1430,-502860.0
2026-08-06,48130,情報･通信業,77.5,425.0,403.8,SL(-5%),2026-08-07,10000000.0,1430,9501176.470588235,1430,-501683.5294117648
2026-08-06,41090,化学,71.4,5090.0,5599.0,TP(+10%),2026-08-13,10000000.0,1430,11000000.0,1430,997140.0
2026-08-06,57290,非鉄金属,72.5,1550.0,1705.0,TP(+10%),2026-08-10,10000000.0,1430,11000000.0,1430,997140.0
2026-08-06,39070,情報･通信業,77.3,1404.0,1544.4,TP(+10%),2026-08-07,10000000.0,1430,11000000.0,1430,997140.0
2026-08-06,77110,精密機器,76.8,4500.0,4950.0,TP(+10%),2026-08-13,10000000.0,1430,11000000.0,1430,997140.0
2026-08-06,66560,電気機器,75.7,866.0,952.6,TP(+10%),2026-08-07,10000000.0,1430,11000000.0,1430,997140.0
2026-08-06,39050,情報･通信業,83.1,1910.0,1814.5,SL(-5%),2026-08-07,10000000.0,1430,9500000.0,1430,-502860.0
2026-08-06,68000,電気機器,62.8,4350.0,4132.5,SL(-5%),2026-08-07,10000000.0,1430,9500000.0,1430,-502860.0
2026-08-06,52850,ガラス･土石製品,63.2,1444.0,1371.8,SL(-5%),2026-08-10,10000000.0,1430,9500000.0,1430,-502860.0
2026-07-16,43970,情報･通信業,65.2,392.0,431.2,TP(+10%),2026-08-17,10000000.0,1430,11000000.0,1430,997140.0
2026-07-27,52870,ガラス･土石製品,66.3,836.0,919.6,TP(+10%),2026-08-17,10000000.0,1430,11000000.0,1430,997140.0
2026-08-04,70030,機械,68.1,4070.0,4477.0,TP(+10%),2026-08-17,10000000.0,1430,11000000.0,1430,997140.0
2026-08-05,52550,情報･通信業,71.5,101.0,95.9,SL(-5%),2026-08-17,10000000.0,1430,9495049.504950495,1430,-507810.49504950456
2026-08-06,70720,サービス業,62.8,1096.0,1205.6,TP(+10%),2026-08-17,10000000.0,1430,10999999.999999998,1430,997139.9999999981
2026-08-07,66560,電気機器,84.7,907.0,861.6,SL(-5%),2026-08-10,10000000.0,1430,9499448.732083794,1430,-503411.26791620627
2026-08-07,40730,情報･通信業,79.0,566.0,537.7,SL(-5%),2026-08-10,10000000.0,1430,9500000.0,1430,-502860.0
2026-08-07,264A0,サービス業,82.5,333.0,316.3,SL(-5%),2026-08-12,10000000.0,1430,9498498.4984985,1430,-504361.5015015006
2026-08-07,77600,精密機器,73.7,1945.0,2139.5,TP(+10%),2026-08-17,10000000.0,1430,11000000.0,1430,997140.0
2026-08-07,31030,繊維製品,86.5,1022.0,1124.2,TP(+10%),2026-08-10,10000000.0,1430,11000000.0,1430,997140.0
2026-08-07,70180,輸送用機器,71.3,11280.0,12408.0,TP(+10%),2026-08-17,10000000.0,1430,11000000.0,1430,997140.0
2026-08-07,62690,機械,64.7,10320.0,9804.0,SL(-5%),2026-08-10,10000000.0,1430,9500000.0,1430,-502860.0
2026-08-07,77090,精密機器,85.8,42.0,39.9,SL(-5%),2026-08-12,10000000.0,1430,9500000.0,1430,-502860.0
2026-08-07,58030,非鉄金属,77.0,5185.0,5703.5,TP(+10%),2026-08-10,10000000.0,1430,11000000.0,1430,997140.0
2026-08-07,58010,非鉄金属,69.9,3856.0,4241.6,TP(+10%),2026-08-10,10000000.0,1430,11000000.0,1430,997140.0
2026-08-07,68000,電気機器,65.7,4035.0,4438.5,TP(+10%),2026-08-17,10000000.0,1430,11000000.0,1430,997140.0
2026-08-07,59850,金属製品,76.3,1450.0,1595.0,TP(+10%),2026-08-10,10000000.0,1430,11000000.0,1430,997140.0
2026-08-07,38560,電気機器,74.4,341.0,375.1,TP(+10%),2026-08-12,10000000.0,1430,11000000.0,1430,997140.0
2026-08-07,58050,非鉄金属,71.0,12960.0,14256.0,TP(+10%),2026-08-13,10000000.0,1430,11000000.0,1430,997140.0
2026-08-07,62660,機械,72.2,3370.0,3707.0,TP(+10%),2026-08-12,10000000.0,1430,11000000.0,1430,997140.0
2026-08-07,46200,化学,67.7,871.0,958.1,TP(+10%),2026-08-13,10000000.0,1430,11000000.0,1430,997140.0
2026-08-05,72800,電気機器,62.5,1179.0,1296.9,TP(+10%),2026-08-18,10000000.0,1430,11000000.0,1430,997140.0
2026-08-06,43160,情報･通信業,82.3,86.0,81.7,SL(-5%),2026-08-18,10000000.0,1430,9500000.0,1430,-502860.0
2026-08-06,57410,非鉄金属,68.1,2318.0,2549.8,TP(+10%),2026-08-18,10000000.0,1430,11000000.0,1430,997140.0
2026-08-07,39090,情報･通信業,91.1,207.0,196.6,SL(-5%),2026-08-18,10000000.0,1430,9497584.541062802,1430,-505275.4589371979
2026-08-07,40310,化学,73.6,1037.0,1140.7,TP(+10%),2026-08-18,10000000.0,1430,11000000.0,1430,997140.0
2026-08-07,94240,情報･通信業,63.5,106.0,116.6,TP(+10%),2026-08-18,10000000.0,1430,10999999.999999998,1430,997139.9999999981
2026-08-07,36560,情報･通信業,71.5,209.0,198.5,SL(-5%),2026-08-18,10000000.0,1430,9497607.655502392,1430,-505252.344497608
2026-08-10,42630,情報･通信業,81.0,558.0,530.1,SL(-5%),2026-08-12,10000000.0,1430,9500000.0,1430,-502860.0
2026-08-10,39170,情報･通信業,74.1,430.0,473.0,TP(+10%),2026-08-18,10000000.0,1430,11000000.0,1430,997140.0
2026-08-10,65800,サービス業,86.8,721.0,793.1,TP(+10%),2026-08-14,10000000.0,1430,11000000.0,1430,997140.0
2026-08-10,57240,非鉄金属,81.1,2740.0,2603.0,SL(-5%),2026-08-12,10000000.0,1430,9500000.0,1430,-502860.0
2026-08-10,29010,食料品,89.8,160.0,152.0,SL(-5%),2026-08-12,10000000.0,1430,9500000.0,1430,-502860.0
2026-08-10,41690,情報･通信業,68.4,291.0,320.1,TP(+10%),2026-08-12,10000000.0,1430,11000000.0,1430,997140.0
2026-08-10,48890,医薬品,84.2,1267.0,1203.6,SL(-5%),2026-08-12,10000000.0,1430,9499605.36700868,1430,-503254.6329913195
2026-08-10,57060,非鉄金属,70.0,27855.0,30640.5,TP(+10%),2026-08-13,10000000.0,1430,11000000.0,1430,997140.0
2026-08-10,68360,電気機器,74.6,822.0,904.2,TP(+10%),2026-08-12,10000000.0,1430,11000000.0,1430,997140.0
2026-08-10,49700,化学,65.5,11800.0,12980.0,TP(+10%),2026-08-14,10000000.0,1430,11000000.0,1430,997140.0
2026-08-10,62350,機械,70.1,3215.0,3054.2,SL(-5%),2026-08-18,10000000.0,1430,9499844.479004666,1430,-503015.5209953338
2026-08-10,43920,情報･通信業,82.5,913.0,867.3,SL(-5%),2026-08-12,10000000.0,1430,9499452.354874041,1430,-503407.64512595907
2026-08-10,31030,繊維製品,84.1,1189.0,1129.5,SL(-5%),2026-08-12,10000000.0,1430,9499579.478553407,1430,-503280.5214465931
2026-08-10,74770,卸売業,72.7,1515.0,1439.2,SL(-5%),2026-08-12,10000000.0,1430,9499669.9669967,1430,-503190.0330033004
2026-08-10,64250,機械,73.6,771.0,732.4,SL(-5%),2026-08-18,10000000.0,1430,9499351.49156939,1430,-503508.5084306095
2026-08-10,87830,その他金融業,85.9,71.0,78.1,TP(+10%),2026-08-12,10000000.0,1430,10999999.999999998,1430,997139.9999999981
2026-08-10,33060,卸売業,66.8,647.0,614.6,SL(-5%),2026-08-12,10000000.0,1430,9499227.202472953,1430,-503632.7975270469
2026-08-10,69690,電気機器,64.4,1259.0,1196.0,SL(-5%),2026-08-12,10000000.0,1430,9499602.859412232,1430,-503257.1405877676
2026-08-10,62690,機械,67.0,9654.0,10619.4,TP(+10%),2026-08-17,10000000.0,1430,10999999.999999998,1430,997139.9999999981
2026-08-10,63300,建設業,75.3,2301.0,2531.1,TP(+10%),2026-08-14,10000000.0,1430,10999999.999999998,1430,997139.9999999981
2026-08-10,68400,電気機器,69.7,840.0,798.0,SL(-5%),2026-08-12,10000000.0,1430,9500000.0,1430,-502860.0
2026-08-10,62450,機械,62.1,1691.0,1860.1,TP(+10%),2026-08-14,10000000.0,1430,10999999.999999998,1430,997139.9999999981
2026-08-10,69070,電気機器,65.3,662.0,728.2,TP(+10%),2026-08-12,10000000.0,1430,11000000.0,1430,997140.0
2026-08-10,68550,電気機器,64.1,6580.0,7238.0,TP(+10%),2026-08-14,10000000.0,1430,11000000.0,1430,997140.0
2026-08-06,29800,不動産業,66.6,2545.0,2417.8,SL(-5%),2026-08-19,10000000.0,1430,9500196.463654224,1430,-502663.53634577617
2026-08-07,21930,サービス業,67.5,124.0,136.4,TP(+10%),2026-08-19,10000000.0,1430,11000000.0,1430,997140.0
2026-08-07,36720,情報･通信業,75.1,27.0,29.7,TP(+10%),2026-08-19,10000000.0,1430,11000000.0,1430,997140.0
2026-08-07,49750,化学,62.3,5550.0,5272.5,SL(-5%),2026-08-19,10000000.0,1430,9500000.0,1430,-502860.0
2026-08-07,64660,機械,64.1,4045.0,3842.8,SL(-5%),2026-08-19,10000000.0,1430,9500123.609394314,1430,-502736.39060568623
2026-08-10,43680,化学,61.2,3355.0,3187.2,SL(-5%),2026-08-19,10000000.0,1430,9499850.968703426,1430,-503009.0312965736
2026-08-12,33230,卸売業,91.3,102.0,96.9,SL(-5%),2026-08-13,10000000.0,1430,9500000.0,1430,-502860.0
2026-08-12,37870,情報･通信業,95.5,291.0,276.4,SL(-5%),2026-08-13,10000000.0,1430,9498281.78694158,1430,-504578.2130584195
2026-08-12,64950,機械,75.2,133.0,126.3,SL(-5%),2026-08-17,10000000.0,1430,9496240.60150376,1430,-506619.3984962404
2026-08-12,43740,情報･通信業,73.2,2448.0,2325.6,SL(-5%),2026-08-13,10000000.0,1430,9500000.0,1430,-502860.0
2026-08-12,93370,サービス業,77.3,1403.0,1332.8,SL(-5%),2026-08-13,10000000.0,1430,9499643.620812545,1430,-503216.3791874554
2026-08-12,73630,サービス業,84.4,1270.0,1397.0,TP(+10%),2026-08-13,10000000.0,1430,11000000.0,1430,997140.0
2026-08-12,41690,情報･通信業,82.5,276.0,303.6,TP(+10%),2026-08-13,10000000.0,1430,11000000.0,1430,997140.0
2026-08-12,73180,輸送用機器,80.3,1553.0,1475.3,SL(-5%),2026-08-13,10000000.0,1430,9499678.04249839,1430,-503181.95750161074
2026-08-12,42400,化学,72.7,350.0,332.5,SL(-5%),2026-08-13,10000000.0,1430,9500000.0,1430,-502860.0
2026-08-12,89950,不動産業,82.3,1371.0,1508.1,TP(+10%),2026-08-13,10000000.0,1430,10999999.999999998,1430,997139.9999999981
2026-08-12,90820,陸運業,74.3,2000.0,1900.0,SL(-5%),2026-08-13,10000000.0,1430,9500000.0,1430,-502860.0
2026-08-12,60720,サービス業,69.8,1175.0,1116.2,SL(-5%),2026-08-13,10000000.0,1430,9499574.468085106,1430,-503285.53191489354
2026-08-12,68340,電気機器,67.6,4740.0,5214.0,TP(+10%),2026-08-17,10000000.0,1430,11000000.0,1430,997140.0
2026-08-12,33060,卸売業,78.9,629.0,597.5,SL(-5%),2026-08-13,10000000.0,1430,9499205.08744038,1430,-503654.9125596192
2026-08-12,48890,医薬品,78.7,1155.0,1270.5,TP(+10%),2026-08-17,10000000.0,1430,11000000.0,1430,997140.0
2026-08-12,87830,その他金融業,85.8,81.0,77.0,SL(-5%),2026-08-13,10000000.0,1430,9506172.839506174,1430,-496687.1604938265
2026-08-12,69690,電気機器,81.6,959.0,1054.9,TP(+10%),2026-08-13,10000000.0,1430,11000000.0,1430,997140.0
2026-08-12,62660,機械,64.1,3640.0,4004.0,TP(+10%),2026-08-13,10000000.0,1430,11000000.0,1430,997140.0
2026-08-12,48110,情報･通信業,65.0,844.0,801.8,SL(-5%),2026-08-17,10000000.0,1430,9500000.0,1430,-502860.0
2026-08-12,21950,サービス業,63.2,349.0,331.6,SL(-5%),2026-08-13,10000000.0,1430,9501432.664756447,1430,-501427.3352435529
2026-08-07,87470,証券･商品先物取引業,76.8,1995.0,2194.5,TP(+10%),2026-08-20,10000000.0,1430,11000000.0,1430,997140.0
2026-08-12,74770,卸売業,70.7,1460.0,1606.0,TP(+10%),2026-08-21,10000000.0,1430,11000000.0,1430,997140.0
2026-08-13,23420,サービス業,88.7,259.0,246.0,SL(-5%),2026-08-19,10000000.0,1430,9498069.498069499,1430,-504790.5019305013
2026-08-13,59870,金属製品,85.7,1929.0,1832.5,SL(-5%),2026-08-14,10000000.0,1430,9499740.79834111,1430,-503119.20165888965
2026-08-13,73590,サービス業,87.7,259.0,246.0,SL(-5%),2026-08-14,10000000.0,1430,9498069.498069499,1430,-504790.5019305013
2026-08-13,74090,輸送用機器,81.7,1531.0,1684.1,TP(+10%),2026-08-14,10000000.0,1430,10999999.999999998,1430,997139.9999999981
2026-08-13,62760,電気機器,72.5,356.0,391.6,TP(+10%),2026-08-17,10000000.0,1430,11000000.0,1430,997140.0
2026-08-13,69690,電気機器,75.9,1055.0,1002.2,SL(-5%),2026-08-19,10000000.0,1430,9499526.066350712,1430,-503333.9336492885
2026-08-13,76940,小売業,83.3,528.0,580.8,TP(+10%),2026-08-14,10000000.0,1430,10999999.999999998,1430,997139.9999999981
2026-08-13,37190,情報･通信業,75.2,117.0,128.7,TP(+10%),2026-08-18,10000000.0,1430,10999999.999999998,1430,997139.9999999981
2026-08-13,33230,卸売業,76.4,94.0,89.3,SL(-5%),2026-08-17,10000000.0,1430,9500000.0,1430,-502860.0
2026-08-13,31030,繊維製品,85.1,1350.0,1485.0,TP(+10%),2026-08-14,10000000.0,1430,11000000.0,1430,997140.0
2026-08-13,40740,情報･通信業,73.2,755.0,717.2,SL(-5%),2026-08-18,10000000.0,1430,9499337.748344371,1430,-503522.2516556289
2026-08-13,438A0,情報･通信業,67.3,931.0,1024.1,TP(+10%),2026-08-20,10000000.0,1430,10999999.999999998,1430,997139.9999999981
2026-08-13,89950,不動産業,81.7,1280.0,1408.0,TP(+10%),2026-08-14,10000000.0,1430,11000000.0,1430,997140.0
2026-08-13,23700,サービス業,64.2,26.0,24.7,SL(-5%),2026-08-14,10000000.0,1430,9500000.0,1430,-502860.0
2026-08-13,66350,電気機器,69.0,647.0,711.7,TP(+10%),2026-08-18,10000000.0,1430,11000000.0,1430,997140.0
2026-08-13,45930,医薬品,69.4,279.0,265.1,SL(-5%),2026-08-17,10000000.0,1430,9501792.11469534,1430,-501067.8853046596
2026-08-13,70740,サービス業,65.4,192.0,182.4,SL(-5%),2026-08-14,10000000.0,1430,9500000.0,1430,-502860.0
2026-08-13,68340,電気機器,63.1,4956.0,5451.6,TP(+10%),2026-08-17,10000000.0,1430,11000000.0,1430,997140.0
2026-08-13,45870,医薬品,65.8,1046.0,993.7,SL(-5%),2026-08-17,10000000.0,1430,9500000.0,1430,-502860.0
2026-08-13,64950,機械,69.7,132.0,125.4,SL(-5%),2026-08-17,10000000.0,1430,9500000.0,1430,-502860.0
2026-08-13,87830,その他金融業,77.3,65.0,71.5,TP(+10%),2026-08-18,10000000.0,1430,11000000.0,1430,997140.0
2026-08-13,43920,情報･通信業,67.0,900.0,990.0,TP(+10%),2026-08-14,10000000.0,1430,11000000.0,1430,997140.0
2026-08-13,48890,医薬品,68.8,1165.0,1281.5,TP(+10%),2026-08-17,10000000.0,1430,11000000.0,1430,997140.0
2026-08-05,91270,海運業,89.4,2910.0,3201.0,TP(+10%),2026-08-21,10000000.0,1430,11000000.0,1430,997140.0
2026-08-06,519A0,情報･通信業,67.5,500.0,475.0,SL(-5%),2026-08-21,10000000.0,1430,9500000.0,1430,-502860.0
2026-08-14,95570,サービス業,94.1,231.0,219.4,SL(-5%),2026-08-17,10000000.0,1430,9497835.497835498,1430,-505024.5021645017
2026-08-14,52870,ガラス･土石製品,81.2,893.0,848.3,SL(-5%),2026-08-19,10000000.0,1430,9499440.089585666,1430,-503419.9104143344
2026-08-14,67360,電気機器,78.2,8070.0,7666.5,SL(-5%),2026-08-18,10000000.0,1430,9500000.0,1430,-502860.0
2026-08-14,38250,小売業,91.8,220.0,209.0,SL(-5%),2026-08-17,10000000.0,1430,9500000.0,1430,-502860.0
2026-08-14,38530,情報･通信業,86.1,1174.0,1115.3,SL(-5%),2026-08-19,10000000.0,1430,9500000.0,1430,-502860.0
2026-08-14,41650,情報･通信業,83.9,683.0,751.3,TP(+10%),2026-08-20,10000000.0,1430,10999999.999999998,1430,997139.9999999981
2026-08-14,76940,小売業,87.9,566.0,537.7,SL(-5%),2026-08-17,10000000.0,1430,9500000.0,1430,-502860.0
2026-08-14,58920,小売業,88.1,2534.0,2407.3,SL(-5%),2026-08-19,10000000.0,1430,9500000.0,1430,-502860.0
2026-08-14,155A0,情報･通信業,79.1,832.0,790.4,SL(-5%),2026-08-19,10000000.0,1430,9500000.0,1430,-502860.0
2026-08-14,55880,情報･通信業,79.4,812.0,771.4,SL(-5%),2026-08-17,10000000.0,1430,9500000.0,1430,-502860.0
2026-08-14,51370,情報･通信業,83.0,266.0,292.6,TP(+10%),2026-08-18,10000000.0,1430,11000000.0,1430,997140.0
2026-08-14,55920,情報･通信業,76.0,2880.0,2736.0,SL(-5%),2026-08-17,10000000.0,1430,9500000.0,1430,-502860.0
2026-08-14,44140,情報･通信業,71.1,1095.0,1040.2,SL(-5%),2026-08-18,10000000.0,1430,9499543.378995433,1430,-503316.62100456655
2026-08-14,78150,その他製品,82.4,387.0,367.6,SL(-5%),2026-08-17,10000000.0,1430,9498708.010335919,1430,-504151.9896640815
2026-08-14,55820,情報･通信業,68.2,2035.0,1933.2,SL(-5%),2026-08-19,10000000.0,1430,9499754.2997543,1430,-503105.7002457008
2026-08-14,65740,サービス業,77.0,103.0,113.3,TP(+10%),2026-08-17,10000000.0,1430,11000000.0,1430,997140.0
2026-08-14,31030,繊維製品,80.3,1594.0,1753.4,TP(+10%),2026-08-17,10000000.0,1430,11000000.0,1430,997140.0
2026-08-14,153A0,情報･通信業,72.6,1401.0,1541.1,TP(+10%),2026-08-17,10000000.0,1430,10999999.999999998,1430,997139.9999999981
2026-08-14,241A0,情報･通信業,71.2,433.0,411.3,SL(-5%),2026-08-17,10000000.0,1430,9498845.265588915,1430,-504014.734411085
2026-08-14,44270,情報･通信業,68.4,223.0,211.8,SL(-5%),2026-08-17,10000000.0,1430,9497757.847533634,1430,-505102.15246636607
2026-08-14,42220,化学,69.5,698.0,663.1,SL(-5%),2026-08-20,10000000.0,1430,9500000.0,1430,-502860.0
2026-08-14,298A0,情報･通信業,71.5,340.0,323.0,SL(-5%),2026-08-17,10000000.0,1430,9500000.0,1430,-502860.0
2026-08-14,31890,小売業,83.9,110.0,121.0,TP(+10%),2026-08-20,10000000.0,1430,11000000.0,1430,997140.0
2026-08-14,89950,不動産業,79.7,1580.0,1738.0,TP(+10%),2026-08-17,10000000.0,1430,11000000.0,1430,997140.0
2026-08-14,57070,非鉄金属,66.2,1081.0,1189.1,TP(+10%),2026-08-17,10000000.0,1430,10999999.999999998,1430,997139.9999999981
2026-08-14,43920,情報･通信業,82.0,1050.0,1155.0,TP(+10%),2026-08-17,10000000.0,1430,11000000.0,1430,997140.0
2026-08-14,584A0,情報･通信業,77.2,2770.0,3047.0,TP(+10%),2026-08-17,10000000.0,1430,11000000.0,1430,997140.0
2026-08-14,57150,非鉄金属,65.8,4215.0,4004.2,SL(-5%),2026-08-19,10000000.0,1430,9499881.376037959,1430,-502978.623962041
2026-08-14,29980,不動産業,71.5,506.0,480.7,SL(-5%),2026-08-17,10000000.0,1430,9500000.0,1430,-502860.0
2026-08-14,74090,輸送用機器,72.4,1683.0,1598.8,SL(-5%),2026-08-17,10000000.0,1430,9499702.911467617,1430,-503157.0885323826
2026-08-14,52440,情報･通信業,67.7,185.0,175.8,SL(-5%),2026-08-19,10000000.0,1430,9502702.702702703,1430,-500157.29729729705
2026-08-14,45830,医薬品,65.4,80.0,88.0,TP(+10%),2026-08-18,10000000.0,1430,11000000.0,1430,997140.0
2026-08-14,57240,非鉄金属,63.2,3000.0,2850.0,SL(-5%),2026-08-19,10000000.0,1430,9500000.0,1430,-502860.0
2026-08-14,63300,建設業,68.7,2590.0,2460.5,SL(-5%),2026-08-17,10000000.0,1430,9500000.0,1430,-502860.0
2026-08-14,77790,精密機器,62.6,256.0,243.2,SL(-5%),2026-08-17,10000000.0,1430,9500000.0,1430,-502860.0
2026-08-14,42590,情報･通信業,65.4,705.0,775.5,TP(+10%),2026-08-18,10000000.0,1430,11000000.0,1430,997140.0
2026-08-14,43810,情報･通信業,64.6,429.0,407.5,SL(-5%),2026-08-17,10000000.0,1430,9498834.498834498,1430,-504025.5011655018
2026-08-14,62170,機械,71.2,828.0,910.8,TP(+10%),2026-08-17,10000000.0,1430,10999999.999999998,1430,997139.9999999981
2026-08-14,38100,情報･通信業,75.1,212.0,233.2,TP(+10%),2026-08-18,10000000.0,1430,10999999.999999998,1430,997139.9999999981
2026-08-14,45930,医薬品,68.2,272.0,258.4,SL(-5%),2026-08-19,10000000.0,1430,9500000.0,1430,-502860.0
2026-07-10,95600,サービス業,73.5,820.0,902.0,TP(+10%),2026-08-24,10000000.0,1430,11000000.0,1430,997140.0
2026-08-06,25330,食料品,71.2,443.0,487.3,TP(+10%),2026-08-24,10000000.0,1430,11000000.0,1430,997140.0
2026-08-13,40580,情報･通信業,76.2,2301.0,2531.1,TP(+10%),2026-08-24,10000000.0,1430,10999999.999999998,1430,997139.9999999981
2026-08-13,26670,卸売業,69.8,106.0,100.7,SL(-5%),2026-08-24,10000000.0,1430,9500000.0,1430,-502860.0
2026-08-14,38030,情報･通信業,74.3,532.0,585.2,TP(+10%),2026-08-24,10000000.0,1430,11000000.0,1430,997140.0
2026-08-17,62760,電気機器,91.4,382.0,420.2,TP(+10%),2026-08-18,10000000.0,1430,10999999.999999998,1430,997139.9999999981
2026-08-17,40190,情報･通信業,85.6,638.0,606.1,SL(-5%),2026-08-19,10000000.0,1430,9500000.0,1430,-502860.0
2026-08-17,70610,サービス業,83.1,502.0,476.9,SL(-5%),2026-08-19,10000000.0,1430,9500000.0,1430,-502860.0
2026-08-17,43920,情報･通信業,88.3,1230.0,1353.0,TP(+10%),2026-08-18,10000000.0,1430,11000000.0,1430,997140.0
2026-08-17,153A0,情報･通信業,80.7,1398.0,1328.1,SL(-5%),2026-08-19,10000000.0,1430,9500000.0,1430,-502860.0
2026-08-17,247A0,化学,71.8,999.0,949.0,SL(-5%),2026-08-18,10000000.0,1430,9499499.4994995,1430,-503360.5005005002
2026-08-17,78150,その他製品,83.0,381.0,361.9,SL(-5%),2026-08-18,10000000.0,1430,9498687.664041994,1430,-504172.33595800586
2026-08-17,44180,情報･通信業,69.9,964.0,1060.4,TP(+10%),2026-08-20,10000000.0,1430,11000000.0,1430,997140.0
2026-08-17,31030,繊維製品,83.3,1665.0,1581.8,SL(-5%),2026-08-18,10000000.0,1430,9500300.3003003,1430,-502559.6996996999
2026-08-17,72730,輸送用機器,83.3,599.0,569.0,SL(-5%),2026-08-24,10000000.0,1430,9499165.275459098,1430,-503694.7245409023
2026-08-17,38100,情報･通信業,73.5,228.0,250.8,TP(+10%),2026-08-19,10000000.0,1430,11000000.0,1430,997140.0
2026-08-17,73750,サービス業,68.1,1268.0,1204.6,SL(-5%),2026-08-18,10000000.0,1430,9500000.0,1430,-502860.0
2026-08-17,62170,機械,81.4,928.0,881.6,SL(-5%),2026-08-18,10000000.0,1430,9500000.0,1430,-502860.0
2026-08-17,65970,電気機器,77.3,3750.0,3562.5,SL(-5%),2026-08-18,10000000.0,1430,9500000.0,1430,-502860.0
2026-08-17,21340,サービス業,73.2,22.0,20.9,SL(-5%),2026-08-20,10000000.0,1430,9500000.0,1430,-502860.0
2026-08-17,65740,サービス業,71.5,111.0,122.1,TP(+10%),2026-08-24,10000000.0,1430,10999999.999999998,1430,997139.9999999981
2026-08-17,76940,小売業,77.8,517.0,491.1,SL(-5%),2026-08-19,10000000.0,1430,9499032.882011605,1430,-503827.1179883946
2026-08-17,75780,小売業,70.0,67.0,73.7,TP(+10%),2026-08-19,10000000.0,1430,11000000.0,1430,997140.0
2026-08-17,39050,情報･通信業,77.3,1807.0,1987.7,TP(+10%),2026-08-18,10000000.0,1430,11000000.0,1430,997140.0
2026-08-17,25850,食料品,72.6,1676.0,1592.2,SL(-5%),2026-08-19,10000000.0,1430,9500000.0,1430,-502860.0
2026-08-17,57070,非鉄金属,77.3,1089.0,1197.9,TP(+10%),2026-08-24,10000000.0,1430,11000000.0,1430,997140.0
2026-08-17,52550,情報･通信業,71.5,93.0,88.3,SL(-5%),2026-08-19,10000000.0,1430,9494623.655913979,1430,-508236.3440860212
2026-08-17,36240,情報･通信業,78.1,90.0,85.5,SL(-5%),2026-08-18,10000000.0,1430,9500000.0,1430,-502860.0
2026-08-17,95560,サービス業,67.2,2194.0,2084.3,SL(-5%),2026-08-18,10000000.0,1430,9500000.0,1430,-502860.0
2026-08-17,91150,海運業,72.3,1053.0,1000.3,SL(-5%),2026-08-20,10000000.0,1430,9499525.166191833,1430,-503334.8338081669
2026-08-17,45790,医薬品,68.9,533.0,586.3,TP(+10%),2026-08-20,10000000.0,1430,10999999.999999998,1430,997139.9999999981
2026-08-17,95520,サービス業,67.4,987.0,937.6,SL(-5%),2026-08-19,10000000.0,1430,9499493.41438703,1430,-503366.5856129695
2026-08-17,39000,情報･通信業,65.7,677.0,643.1,SL(-5%),2026-08-19,10000000.0,1430,9499261.447562777,1430,-503598.5524372235
2026-08-17,57210,非鉄金属,69.7,53.0,50.3,SL(-5%),2026-08-19,10000000.0,1430,9490566.037735848,1430,-512293.96226415224
2026-08-17,50740,建設業,67.1,686.0,651.7,SL(-5%),2026-08-18,10000000.0,1430,9500000.0,1430,-502860.0
2026-08-17,58920,小売業,68.7,2679.0,2545.0,SL(-5%),2026-08-18,10000000.0,1430,9499813.363195222,1430,-503046.6368047781
2026-08-17,60850,サービス業,84.3,80.0,88.0,TP(+10%),2026-08-18,10000000.0,1430,11000000.0,1430,997140.0
2026-08-17,36860,情報･通信業,68.0,59.0,56.0,SL(-5%),2026-08-18,10000000.0,1430,9491525.423728814,1430,-511334.57627118565
2026-08-17,554A0,情報･通信業,69.3,1477.0,1624.7,TP(+10%),2026-08-24,10000000.0,1430,11000000.0,1430,997140.0
2026-08-17,45830,医薬品,63.0,85.0,80.8,SL(-5%),2026-08-19,10000000.0,1430,9505882.352941176,1430,-496977.6470588241
2026-07-16,48930,医薬品,76.9,135.0,148.5,TP(+10%),2026-08-25,10000000.0,1430,11000000.0,1430,997140.0
2026-08-04,66640,電気機器,68.3,234.0,257.4,TP(+10%),2026-08-26,10000000.0,1430,10999999.999999998,1430,997139.9999999981
2026-08-07,60290,サービス業,80.7,194.0,184.3,SL(-5%),2026-08-26,10000000.0,1430,9500000.0,1430,-502860.0
2026-08-10,431A0,情報･通信業,67.5,2116.0,2327.6,TP(+10%),2026-08-26,10000000.0,1430,10999999.999999998,1430,997139.9999999981
2026-08-14,45840,医薬品,67.7,163.0,179.3,TP(+10%),2026-08-25,10000000.0,1430,11000000.0,1430,997140.0
2026-08-14,48880,医薬品,66.5,333.0,366.3,TP(+10%),2026-08-25,10000000.0,1430,11000000.0,1430,997140.0
2026-08-17,91590,サービス業,67.5,1836.0,2019.6,TP(+10%),2026-08-25,10000000.0,1430,10999999.999999998,1430,997139.9999999981
2026-08-17,44270,情報･通信業,71.5,205.0,225.5,TP(+10%),2026-08-25,10000000.0,1430,11000000.0,1430,997140.0
2026-08-18,44160,情報･通信業,94.4,434.0,412.3,SL(-5%),2026-08-20,10000000.0,1430,9500000.0,1430,-502860.0
2026-08-18,62760,電気機器,88.8,425.0,403.8,SL(-5%),2026-08-20,10000000.0,1430,9501176.470588235,1430,-501683.5294117648
2026-08-18,94250,情報･通信業,93.4,230.0,218.5,SL(-5%),2026-08-21,10000000.0,1430,9500000.0,1430,-502860.0
2026-08-18,43920,情報･通信業,84.9,1325.0,1258.8,SL(-5%),2026-08-20,10000000.0,1430,9500377.358490566,1430,-502482.6415094342
2026-08-18,39360,情報･通信業,83.3,164.0,155.8,SL(-5%),2026-08-24,10000000.0,1430,9500000.0,1430,-502860.0
2026-08-18,39050,情報･通信業,89.3,1693.0,1862.3,TP(+10%),2026-08-21,10000000.0,1430,11000000.0,1430,997140.0
2026-08-18,38100,情報･通信業,73.1,240.0,228.0,SL(-5%),2026-08-20,10000000.0,1430,9500000.0,1430,-502860.0
2026-08-18,45820,医薬品,73.2,68.0,64.6,SL(-5%),2026-08-20,10000000.0,1430,9500000.0,1430,-502860.0
2026-08-18,91150,海運業,66.7,1087.0,1032.6,SL(-5%),2026-08-20,10000000.0,1430,9499540.018399263,1430,-503319.9816007372
2026-08-18,65740,サービス業,72.8,111.0,122.1,TP(+10%),2026-08-24,10000000.0,1430,10999999.999999998,1430,997139.9999999981
2026-08-18,36240,情報･通信業,70.5,86.0,81.7,SL(-5%),2026-08-20,10000000.0,1430,9500000.0,1430,-502860.0
2026-08-18,57070,非鉄金属,66.9,1123.0,1235.3,TP(+10%),2026-08-25,10000000.0,1430,10999999.999999998,1430,997139.9999999981
2026-08-18,63270,機械,68.7,3935.0,3738.2,SL(-5%),2026-08-20,10000000.0,1430,9499872.935196951,1430,-502987.06480304897
2026-08-18,51030,その他,84.1,4.0,3.8,SL(-5%),2026-08-20,10000000.0,1430,9500000.0,1430,-502860.0
2026-08-18,45940,医薬品,64.0,54.0,51.3,SL(-5%),2026-08-25,10000000.0,1430,9500000.0,1430,-502860.0
2026-06-23,40750,情報･通信業,72.3,857.0,942.7,TP(+10%),2026-08-31,10000000.0,1430,11000000.0,1430,997140.0
2026-07-31,65570,サービス業,76.1,726.0,798.6,TP(+10%),2026-08-28,10000000.0,1430,11000000.0,1430,997140.0
2026-08-06,94380,情報･通信業,69.0,564.0,620.4,TP(+10%),2026-08-31,10000000.0,1430,10999999.999999998,1430,997139.9999999981
2026-08-07,43750,情報･通信業,68.3,639.0,702.9,TP(+10%),2026-08-28,10000000.0,1430,10999999.999999998,1430,997139.9999999981
2026-08-10,63420,機械,65.7,3060.0,2907.0,SL(-5%),2026-08-27,10000000.0,1430,9500000.0,1430,-502860.0
2026-08-13,74260,卸売業,75.9,640.0,608.0,SL(-5%),2026-08-28,10000000.0,1430,9500000.0,1430,-502860.0
2026-08-13,41920,情報･通信業,71.1,282.0,310.2,TP(+10%),2026-08-31,10000000.0,1430,10999999.999999998,1430,997139.9999999981
2026-08-13,50340,情報･通信業,71.6,2057.0,2262.7,TP(+10%),2026-08-28,10000000.0,1430,10999999.999999998,1430,997139.9999999981
2026-08-14,60300,サービス業,72.7,1490.0,1639.0,TP(+10%),2026-08-28,10000000.0,1430,11000000.0,1430,997140.0
2026-08-14,36920,情報･通信業,70.4,4730.0,5203.0,TP(+10%),2026-08-27,10000000.0,1430,11000000.0,1430,997140.0
2026-08-17,195A0,サービス業,80.1,575.0,632.5,TP(+10%),2026-08-31,10000000.0,1430,11000000.0,1430,997140.0
2026-08-17,40110,情報･通信業,75.3,2284.0,2512.4,TP(+10%),2026-08-31,10000000.0,1430,11000000.0,1430,997140.0
2026-08-17,43930,情報･通信業,80.8,5360.0,5896.0,TP(+10%),2026-08-27,10000000.0,1430,11000000.0,1430,997140.0
2026-08-17,25860,食料品,78.7,82.0,77.9,SL(-5%),2026-08-31,10000000.0,1430,9500000.0,1430,-502860.0
2026-08-17,51370,情報･通信業,70.4,285.0,313.5,TP(+10%),2026-08-28,10000000.0,1430,11000000.0,1430,997140.0
2026-08-17,48110,情報･通信業,66.1,811.0,892.1,TP(+10%),2026-08-28,10000000.0,1430,11000000.0,1430,997140.0
2026-08-18,247A0,化学,76.9,952.0,1047.2,TP(+10%),2026-08-28,10000000.0,1430,11000000.0,1430,997140.0
2026-08-18,60460,サービス業,66.8,145.0,159.5,TP(+10%),2026-08-28,10000000.0,1430,11000000.0,1430,997140.0
2026-08-18,37870,情報･通信業,69.8,323.0,355.3,TP(+10%),2026-08-27,10000000.0,1430,11000000.0,1430,997140.0
2026-08-18,45750,医薬品,64.3,810.0,891.0,TP(+10%),2026-08-28,10000000.0,1430,11000000.0,1430,997140.0
2026-08-20,31890,小売業,99.0,113.0,124.3,TP(+10%),2026-08-25,10000000.0,1430,11000000.0,1430,997140.0
2026-08-20,264A0,サービス業,92.3,349.0,331.6,SL(-5%),2026-08-25,10000000.0,1430,9501432.664756447,1430,-501427.3352435529
2026-08-20,71380,小売業,94.0,143.0,157.3,TP(+10%),2026-08-25,10000000.0,1430,11000000.0,1430,997140.0
2026-08-20,61810,サービス業,74.6,82.0,90.2,TP(+10%),2026-08-28,10000000.0,1430,11000000.0,1430,997140.0
2026-08-20,45710,医薬品,80.5,109.0,103.5,SL(-5%),2026-08-25,10000000.0,1430,9495412.844036696,1430,-507447.1559633035
2026-08-20,36720,情報･通信業,89.6,31.0,29.4,SL(-5%),2026-08-25,10000000.0,1430,9483870.967741935,1430,-518989.0322580654
2026-08-20,38560,電気機器,86.3,454.0,431.3,SL(-5%),2026-08-25,10000000.0,1430,9500000.0,1430,-502860.0
2026-08-20,335A0,情報･通信業,70.9,368.0,349.6,SL(-5%),2026-08-26,10000000.0,1430,9500000.0,1430,-502860.0
2026-08-20,48330,サービス業,74.5,52.0,57.2,TP(+10%),2026-08-25,10000000.0,1430,11000000.0,1430,997140.0
2026-08-20,45700,医薬品,72.1,1098.0,1043.1,SL(-5%),2026-08-25,10000000.0,1430,9500000.0,1430,-502860.0
2026-08-20,53800,ガラス･土石製品,64.3,1281.0,1217.0,SL(-5%),2026-08-25,10000000.0,1430,9500390.320062451,1430,-502469.67993754894
2026-08-20,45820,医薬品,70.3,66.0,62.7,SL(-5%),2026-08-25,10000000.0,1430,9500000.0,1430,-502860.0
2026-08-20,89950,不動産業,79.1,1701.0,1615.9,SL(-5%),2026-08-25,10000000.0,1430,9499706.055261612,1430,-503153.94473838806
2026-08-20,93990,情報･通信業,86.2,13.0,14.3,TP(+10%),2026-08-25,10000000.0,1430,11000000.0,1430,997140.0
2026-08-20,219A0,医薬品,74.6,2274.0,2501.4,TP(+10%),2026-08-28,10000000.0,1430,11000000.0,1430,997140.0
2026-08-20,45790,医薬品,67.2,586.0,556.7,SL(-5%),2026-08-25,10000000.0,1430,9500000.0,1430,-502860.0
2026-08-20,57210,非鉄金属,76.8,54.0,59.4,TP(+10%),2026-08-25,10000000.0,1430,11000000.0,1430,997140.0
2026-08-20,57070,非鉄金属,65.2,1154.0,1269.4,TP(+10%),2026-08-25,10000000.0,1430,11000000.0,1430,997140.0
2026-08-20,38250,小売業,65.8,231.0,254.1,TP(+10%),2026-08-28,10000000.0,1430,11000000.0,1430,997140.0
2026-08-20,43920,情報･通信業,72.2,1301.0,1236.0,SL(-5%),2026-08-25,10000000.0,1430,9500384.319754034,1430,-502475.6802459657
2026-08-20,44180,情報･通信業,62.1,1082.0,1027.9,SL(-5%),2026-08-25,10000000.0,1430,9500000.0,1430,-502860.0
2026-08-05,72700,輸送用機器,63.0,2475.5,2723.1,TP(+10%),2026-09-01,10000000.0,1430,11000201.979398102,1430,997341.9793981016
2026-08-12,79060,その他製品,68.3,2820.0,2679.0,SL(-5%),2026-09-01,10000000.0,1430,9500000.0,1430,-502860.0
2026-08-12,87150,保険業,63.4,1141.0,1084.0,SL(-5%),2026-09-01,10000000.0,1430,9500438.212094653,1430,-502421.7879053466
2026-08-18,47840,サービス業,67.9,584.0,554.8,SL(-5%),2026-09-01,10000000.0,1430,9500000.0,1430,-502860.0
2026-08-25,73560,サービス業,94.5,125.0,118.8,SL(-5%),2026-08-27,10000000.0,1430,9504000.0,1430,-498860.0
2026-08-25,51310,情報･通信業,92.5,135.0,128.2,SL(-5%),2026-08-26,10000000.0,1430,9496296.296296297,1430,-506563.70370370336
2026-08-25,323A0,情報･通信業,93.0,404.0,383.8,SL(-5%),2026-08-26,10000000.0,1430,9500000.0,1430,-502860.0
2026-08-25,96100,サービス業,95.5,119.0,113.0,SL(-5%),2026-08-26,10000000.0,1430,9495798.31932773,1430,-507061.6806722693
2026-08-25,462A0,証券･商品先物取引業,93.3,339.0,322.1,SL(-5%),2026-08-26,10000000.0,1430,9501474.926253688,1430,-501385.0737463124
2026-08-25,288A0,サービス業,86.0,100.0,95.0,SL(-5%),2026-08-31,10000000.0,1430,9500000.0,1430,-502860.0
2026-08-25,41990,情報･通信業,84.8,864.0,820.8,SL(-5%),2026-08-28,10000000.0,1430,9500000.0,1430,-502860.0
2026-08-25,76150,小売業,88.1,98.0,107.8,TP(+10%),2026-08-26,10000000.0,1430,11000000.0,1430,997140.0
2026-08-25,92410,サービス業,78.4,1396.0,1326.2,SL(-5%),2026-08-28,10000000.0,1430,9500000.0,1430,-502860.0
2026-08-25,475A0,サービス業,81.7,697.0,662.1,SL(-5%),2026-08-26,10000000.0,1430,9499282.639885223,1430,-503577.36011477746
2026-08-25,73760,サービス業,76.4,798.0,758.1,SL(-5%),2026-08-26,10000000.0,1430,9500000.0,1430,-502860.0
2026-08-25,62320,機械,77.8,1455.0,1600.5,TP(+10%),2026-08-27,10000000.0,1430,11000000.0,1430,997140.0
2026-08-25,75780,小売業,73.0,75.0,71.2,SL(-5%),2026-08-31,10000000.0,1430,9493333.333333334,1430,-509526.66666666605
2026-08-25,73520,サービス業,79.3,360.0,342.0,SL(-5%),2026-08-27,10000000.0,1430,9500000.0,1430,-502860.0
2026-08-25,60850,サービス業,87.2,185.0,203.5,TP(+10%),2026-08-26,10000000.0,1430,11000000.0,1430,997140.0
2026-08-25,71380,小売業,75.1,199.0,189.0,SL(-5%),2026-08-26,10000000.0,1430,9497487.43718593,1430,-505372.5628140699
2026-08-25,77190,精密機器,69.6,500.0,550.0,TP(+10%),2026-08-31,10000000.0,1430,11000000.0,1430,997140.0
2026-08-25,33500,卸売業,78.7,330.0,313.5,SL(-5%),2026-08-26,10000000.0,1430,9500000.0,1430,-502860.0
2026-08-25,48330,サービス業,75.3,70.0,66.5,SL(-5%),2026-08-26,10000000.0,1430,9500000.0,1430,-502860.0
2026-08-25,31890,小売業,78.9,150.0,142.5,SL(-5%),2026-08-26,10000000.0,1430,9500000.0,1430,-502860.0
2026-08-25,57070,非鉄金属,72.7,1153.0,1268.3,TP(+10%),2026-08-26,10000000.0,1430,10999999.999999998,1430,997139.9999999981
2026-08-25,57210,非鉄金属,77.8,62.0,58.9,SL(-5%),2026-08-26,10000000.0,1430,9500000.0,1430,-502860.0
2026-08-25,36470,情報･通信業,62.0,121.0,133.1,TP(+10%),2026-08-26,10000000.0,1430,10999999.999999998,1430,997139.9999999981
2026-07-31,88940,不動産業,78.3,22.0,20.9,SL(-5%),2026-09-02,10000000.0,1430,9500000.0,1430,-502860.0
2026-08-05,44370,情報･通信業,62.1,795.0,755.2,SL(-5%),2026-09-02,10000000.0,1430,9499371.06918239,1430,-503488.93081760965
2026-08-07,262A0,小売業,65.3,1862.0,1768.9,SL(-5%),2026-09-02,10000000.0,1430,9500000.0,1430,-502860.0
2026-08-10,96120,サービス業,64.0,1268.0,1204.6,SL(-5%),2026-09-02,10000000.0,1430,9500000.0,1430,-502860.0
2026-08-12,68360,電気機器,75.8,840.0,798.0,SL(-5%),2026-09-02,10000000.0,1430,9500000.0,1430,-502860.0
2026-08-13,43870,情報･通信業,71.6,494.0,543.4,TP(+10%),2026-09-02,10000000.0,1430,10999999.999999998,1430,997139.9999999981
2026-08-13,87980,保険業,75.3,141.0,133.9,SL(-5%),2026-09-02,10000000.0,1430,9496453.900709221,1430,-506406.09929077886
2026-08-25,23880,その他金融業,74.7,35.0,33.2,SL(-5%),2026-09-02,10000000.0,1430,9485714.285714285,1430,-517145.71428571455
2026-08-26,78100,その他製品,93.5,183.0,201.3,TP(+10%),2026-08-27,10000000.0,1430,11000000.0,1430,997140.0
2026-08-26,43700,情報･通信業,92.5,346.0,328.7,SL(-5%),2026-08-27,10000000.0,1430,9500000.0,1430,-502860.0
2026-08-26,44220,情報･通信業,84.6,600.0,570.0,SL(-5%),2026-08-27,10000000.0,1430,9500000.0,1430,-502860.0
2026-08-26,43160,情報･通信業,99.0,107.0,101.6,SL(-5%),2026-08-27,10000000.0,1430,9495327.102803737,1430,-507532.8971962631
2026-08-26,77090,精密機器,94.6,60.0,57.0,SL(-5%),2026-08-27,10000000.0,1430,9500000.0,1430,-502860.0
2026-08-26,36470,情報･通信業,79.6,125.0,137.5,TP(+10%),2026-08-27,10000000.0,1430,11000000.0,1430,997140.0
2026-08-26,51310,情報･通信業,80.3,136.0,129.2,SL(-5%),2026-08-27,10000000.0,1430,9500000.0,1430,-502860.0
2026-08-26,475A0,サービス業,67.8,659.0,626.0,SL(-5%),2026-08-27,10000000.0,1430,9499241.274658574,1430,-503618.7253414262
2026-08-26,57070,非鉄金属,72.0,1232.0,1170.4,SL(-5%),2026-08-27,10000000.0,1430,9500000.0,1430,-502860.0
2026-08-26,94250,情報･通信業,75.0,232.0,255.2,TP(+10%),2026-08-27,10000000.0,1430,10999999.999999998,1430,997139.9999999981
2026-08-26,60850,サービス業,80.1,235.0,258.5,TP(+10%),2026-08-27,10000000.0,1430,11000000.0,1430,997140.0
2026-08-26,63300,建設業,73.4,2504.0,2754.4,TP(+10%),2026-08-28,10000000.0,1430,11000000.0,1430,997140.0
2026-08-26,31890,小売業,79.5,122.0,115.9,SL(-5%),2026-08-27,10000000.0,1430,9500000.0,1430,-502860.0
2026-08-26,462A0,証券･商品先物取引業,77.0,297.0,326.7,TP(+10%),2026-08-27,10000000.0,1430,10999999.999999998,1430,997139.9999999981
2026-08-26,77190,精密機器,63.9,497.0,546.7,TP(+10%),2026-08-27,10000000.0,1430,11000000.0,1430,997140.0
2026-08-26,96100,サービス業,70.2,112.0,106.4,SL(-5%),2026-08-27,10000000.0,1430,9500000.0,1430,-502860.0
2026-04-07,47600,サービス業,87.5,1630.0,1548.5,SL(-5%),2026-09-03,10000000.0,1430,9500000.0,1430,-502860.0
2026-08-25,60810,サービス業,71.7,166.0,157.7,SL(-5%),2026-09-03,10000000.0,1430,9500000.0,1430,-502860.0
2026-08-27,70780,サービス業,90.6,368.0,349.6,SL(-5%),2026-08-28,10000000.0,1430,9500000.0,1430,-502860.0
2026-08-27,23300,情報･通信業,80.6,87.0,82.6,SL(-5%),2026-08-28,10000000.0,1430,9494252.873563219,1430,-508607.12643678114
2026-08-27,78100,その他製品,85.3,174.0,165.3,SL(-5%),2026-09-01,10000000.0,1430,9500000.0,1430,-502860.0
2026-08-27,37870,情報･通信業,84.3,389.0,369.5,SL(-5%),2026-08-28,10000000.0,1430,9498714.652956298,1430,-504145.3470437024
2026-08-27,42630,情報･通信業,70.8,470.0,446.5,SL(-5%),2026-08-31,10000000.0,1430,9500000.0,1430,-502860.0
2026-08-27,462A0,証券･商品先物取引業,87.3,377.0,414.7,TP(+10%),2026-08-28,10000000.0,1430,10999999.999999998,1430,997139.9999999981
2026-08-27,44140,情報･通信業,74.7,1257.0,1194.1,SL(-5%),2026-08-28,10000000.0,1430,9499602.227525854,1430,-503257.7724741455
2026-08-27,94250,情報･通信業,88.4,254.0,241.3,SL(-5%),2026-08-28,10000000.0,1430,9500000.0,1430,-502860.0
2026-08-27,43700,情報･通信業,71.5,313.0,344.3,TP(+10%),2026-08-28,10000000.0,1430,11000000.0,1430,997140.0
2026-08-27,41700,情報･通信業,80.6,151.0,143.4,SL(-5%),2026-08-28,10000000.0,1430,9496688.741721855,1430,-506171.2582781445
2026-08-27,43160,情報･通信業,87.1,85.0,93.5,TP(+10%),2026-08-28,10000000.0,1430,11000000.0,1430,997140.0
2026-08-27,41130,化学,69.0,835.0,793.2,SL(-5%),2026-08-31,10000000.0,1430,9499401.19760479,1430,-503458.80239520967
2026-08-27,60850,サービス業,84.9,201.0,221.1,TP(+10%),2026-08-28,10000000.0,1430,11000000.0,1430,997140.0
2026-08-27,73760,サービス業,76.1,819.0,778.0,SL(-5%),2026-08-28,10000000.0,1430,9499389.4993895,1430,-503470.5006105006
2026-08-27,21950,サービス業,64.7,379.0,416.9,TP(+10%),2026-08-31,10000000.0,1430,10999999.999999998,1430,997139.9999999981
2026-08-27,77190,精密機器,69.1,535.0,588.5,TP(+10%),2026-08-31,10000000.0,1430,11000000.0,1430,997140.0
2026-08-27,41070,化学,64.3,4385.0,4165.8,SL(-5%),2026-09-02,10000000.0,1430,9500114.025085518,1430,-502745.97491448186
2026-08-27,55970,情報･通信業,66.7,1425.0,1353.8,SL(-5%),2026-09-02,10000000.0,1430,9500350.877192982,1430,-502509.12280701846
2026-08-27,504A0,医薬品,68.2,567.0,538.6,SL(-5%),2026-08-28,10000000.0,1430,9499118.165784834,1430,-503741.83421516605
2026-08-27,62320,機械,67.8,1575.0,1496.2,SL(-5%),2026-08-31,10000000.0,1430,9499682.539682541,1430,-503177.46031745896
2026-08-27,45700,医薬品,70.4,1088.0,1033.6,SL(-5%),2026-09-01,10000000.0,1430,9500000.0,1430,-502860.0
2026-08-27,36920,情報･通信業,67.2,5610.0,6171.0,TP(+10%),2026-08-28,10000000.0,1430,11000000.0,1430,997140.0
2026-08-27,77110,精密機器,65.2,5330.0,5063.5,SL(-5%),2026-09-02,10000000.0,1430,9500000.0,1430,-502860.0
2026-08-27,77090,精密機器,84.1,48.0,52.8,TP(+10%),2026-08-28,10000000.0,1430,10999999.999999998,1430,997139.9999999981
2026-08-27,63300,建設業,72.6,2657.0,2524.2,SL(-5%),2026-09-02,10000000.0,1430,9500188.182160331,1430,-502671.81783966906
2026-08-27,523A0,金属製品,61.6,1693.0,1862.3,TP(+10%),2026-08-31,10000000.0,1430,11000000.0,1430,997140.0
2026-08-27,51370,情報･通信業,63.3,302.0,332.2,TP(+10%),2026-08-31,10000000.0,1430,10999999.999999998,1430,997139.9999999981
2026-08-27,76940,小売業,67.0,554.0,609.4,TP(+10%),2026-08-31,10000000.0,1430,10999999.999999998,1430,997139.9999999981
2026-08-26,73560,サービス業,69.5,121.0,114.9,SL(-5%),2026-09-04,10000000.0,1430,9495867.768595042,1430,-506992.2314049583
2026-08-28,36530,情報･通信業,90.5,887.0,975.7,TP(+10%),2026-08-31,10000000.0,1430,11000000.0,1430,997140.0
2026-08-28,51290,情報･通信業,93.1,342.0,376.2,TP(+10%),2026-08-31,10000000.0,1430,10999999.999999998,1430,997139.9999999981
2026-08-28,79460,その他製品,94.9,347.0,381.7,TP(+10%),2026-08-31,10000000.0,1430,10999999.999999998,1430,997139.9999999981
2026-08-28,43700,情報･通信業,91.2,393.0,373.3,SL(-5%),2026-08-31,10000000.0,1430,9498727.735368958,1430,-504132.26463104226
2026-08-28,38560,電気機器,96.4,211.0,232.1,TP(+10%),2026-08-31,10000000.0,1430,11000000.0,1430,997140.0
2026-08-28,40560,情報･通信業,84.4,219.0,240.9,TP(+10%),2026-08-31,10000000.0,1430,11000000.0,1430,997140.0
2026-08-28,78860,化学,72.0,657.0,624.1,SL(-5%),2026-08-31,10000000.0,1430,9499238.964992391,1430,-503621.03500760905
2026-08-28,43160,情報･通信業,89.9,101.0,111.1,TP(+10%),2026-08-31,10000000.0,1430,10999999.999999998,1430,997139.9999999981
2026-08-28,520A0,医薬品,79.1,295.0,324.5,TP(+10%),2026-09-02,10000000.0,1430,11000000.0,1430,997140.0
2026-08-28,64330,機械,75.7,1201.0,1141.0,SL(-5%),2026-09-01,10000000.0,1430,9500416.319733556,1430,-502443.68026644364
2026-08-28,70780,サービス業,68.8,365.0,346.8,SL(-5%),2026-09-03,10000000.0,1430,9501369.8630137,1430,-501490.13698630035
2026-08-28,36920,情報･通信業,72.3,5710.0,6281.0,TP(+10%),2026-09-04,10000000.0,1430,11000000.0,1430,997140.0
2026-08-28,38250,小売業,79.3,265.0,251.8,SL(-5%),2026-08-31,10000000.0,1430,9501886.79245283,1430,-500973.2075471692
2026-08-28,70630,サービス業,82.5,90.0,85.5,SL(-5%),2026-09-02,10000000.0,1430,9500000.0,1430,-502860.0
2026-08-28,63300,建設業,69.6,2781.0,2641.9,SL(-5%),2026-08-31,10000000.0,1430,9499820.208558073,1430,-503039.79144192673
2026-08-28,462A0,証券･商品先物取引業,83.6,373.0,354.3,SL(-5%),2026-08-31,10000000.0,1430,9498659.517426273,1430,-504200.48257372715
2026-08-28,36470,情報･通信業,68.1,133.0,126.3,SL(-5%),2026-08-31,10000000.0,1430,9496240.60150376,1430,-506619.3984962404
2026-08-28,44140,情報･通信業,71.8,1161.0,1103.0,SL(-5%),2026-09-02,10000000.0,1430,9500430.663221361,1430,-502429.3367786389
2026-08-28,247A0,化学,74.1,1080.0,1026.0,SL(-5%),2026-09-01,10000000.0,1430,9500000.0,1430,-502860.0
2026-08-28,40690,情報･通信業,69.8,736.0,699.2,SL(-5%),2026-09-02,10000000.0,1430,9500000.0,1430,-502860.0
2026-08-28,77090,精密機器,85.4,52.0,57.2,TP(+10%),2026-08-31,10000000.0,1430,11000000.0,1430,997140.0
2026-08-28,598A0,情報･通信業,71.4,1627.0,1789.7,TP(+10%),2026-08-31,10000000.0,1430,11000000.0,1430,997140.0
2026-08-28,33500,卸売業,75.2,346.0,328.7,SL(-5%),2026-08-31,10000000.0,1430,9500000.0,1430,-502860.0
2026-08-28,38100,情報･通信業,80.1,188.0,178.6,SL(-5%),2026-08-31,10000000.0,1430,9500000.0,1430,-502860.0
2026-08-28,218A0,精密機器,68.3,1214.0,1153.3,SL(-5%),2026-09-02,10000000.0,1430,9500000.0,1430,-502860.0
2026-08-28,51370,情報･通信業,65.1,317.0,301.1,SL(-5%),2026-09-01,10000000.0,1430,9498422.712933755,1430,-504437.28706624545
2026-08-28,71380,小売業,75.7,178.0,169.1,SL(-5%),2026-08-31,10000000.0,1430,9500000.0,1430,-502860.0
2026-08-28,48330,サービス業,83.7,60.0,57.0,SL(-5%),2026-08-31,10000000.0,1430,9500000.0,1430,-502860.0
2026-08-28,21950,サービス業,61.9,379.0,416.9,TP(+10%),2026-08-31,10000000.0,1430,10999999.999999998,1430,997139.9999999981
2026-08-28,60850,サービス業,77.6,225.0,247.5,TP(+10%),2026-08-31,10000000.0,1430,11000000.0,1430,997140.0
2026-08-28,31890,小売業,75.5,124.0,117.8,SL(-5%),2026-08-31,10000000.0,1430,9500000.0,1430,-502860.0
